ISO-10303-21;
HEADER;
FILE_DESCRIPTION(('KiCad electronic assembly'),'2;1');
FILE_NAME('Humidity sensor p1.step','2025-12-12T19:16:44',('Pcbnew'),(
    'Kicad'),'Open CASCADE STEP processor 7.9','KiCad to STEP converter'
  ,'Unknown');
FILE_SCHEMA(('AUTOMOTIVE_DESIGN { 1 0 10303 214 1 1 1 1 }'));
ENDSEC;
DATA;
#1 = APPLICATION_PROTOCOL_DEFINITION('international standard',
  'automotive_design',2000,#2);
#2 = APPLICATION_CONTEXT(
  'core data for automotive mechanical design processes');
#3 = SHAPE_DEFINITION_REPRESENTATION(#4,#10);
#4 = PRODUCT_DEFINITION_SHAPE('','',#5);
#5 = PRODUCT_DEFINITION('design','',#6,#9);
#6 = PRODUCT_DEFINITION_FORMATION('','',#7);
#7 = PRODUCT('Humidity sensor p1 1','Humidity sensor p1 1','',(#8));
#8 = PRODUCT_CONTEXT('',#2,'mechanical');
#9 = PRODUCT_DEFINITION_CONTEXT('part definition',#2,'design');
#10 = SHAPE_REPRESENTATION('',(#11,#15,#19,#23,#27,#31,#35),#39);
#11 = AXIS2_PLACEMENT_3D('',#12,#13,#14);
#12 = CARTESIAN_POINT('',(0.,0.,0.));
#13 = DIRECTION('',(0.,0.,1.));
#14 = DIRECTION('',(1.,0.,-0.));
#15 = AXIS2_PLACEMENT_3D('',#16,#17,#18);
#16 = CARTESIAN_POINT('',(149.51,-103.4,1.595));
#17 = DIRECTION('',(-0.,0.,1.));
#18 = DIRECTION('',(1.110223024625E-16,-1.,0.));
#19 = AXIS2_PLACEMENT_3D('',#20,#21,#22);
#20 = CARTESIAN_POINT('',(151.48,-100.32,1.595));
#21 = DIRECTION('',(0.,0.,1.));
#22 = DIRECTION('',(1.,0.,0.));
#23 = AXIS2_PLACEMENT_3D('',#24,#25,#26);
#24 = CARTESIAN_POINT('',(0.,0.,0.));
#25 = DIRECTION('',(0.,0.,1.));
#26 = DIRECTION('',(1.,0.,-0.));
#27 = AXIS2_PLACEMENT_3D('',#28,#29,#30);
#28 = CARTESIAN_POINT('',(0.,0.,0.));
#29 = DIRECTION('',(0.,0.,1.));
#30 = DIRECTION('',(1.,0.,-0.));
#31 = AXIS2_PLACEMENT_3D('',#32,#33,#34);
#32 = CARTESIAN_POINT('',(0.,0.,0.));
#33 = DIRECTION('',(0.,0.,1.));
#34 = DIRECTION('',(1.,0.,-0.));
#35 = AXIS2_PLACEMENT_3D('',#36,#37,#38);
#36 = CARTESIAN_POINT('',(0.,0.,0.));
#37 = DIRECTION('',(0.,0.,1.));
#38 = DIRECTION('',(1.,0.,-0.));
#39 = ( GEOMETRIC_REPRESENTATION_CONTEXT(3) 
GLOBAL_UNCERTAINTY_ASSIGNED_CONTEXT((#43)) GLOBAL_UNIT_ASSIGNED_CONTEXT(
(#40,#41,#42)) REPRESENTATION_CONTEXT('Context #1',
  '3D Context with UNIT and UNCERTAINTY') );
#40 = ( LENGTH_UNIT() NAMED_UNIT(*) SI_UNIT(.MILLI.,.METRE.) );
#41 = ( NAMED_UNIT(*) PLANE_ANGLE_UNIT() SI_UNIT($,.RADIAN.) );
#42 = ( NAMED_UNIT(*) SI_UNIT($,.STERADIAN.) SOLID_ANGLE_UNIT() );
#43 = UNCERTAINTY_MEASURE_WITH_UNIT(LENGTH_MEASURE(1.E-07),#40,
  'distance_accuracy_value','confusion accuracy');
#44 = PRODUCT_RELATED_PRODUCT_CATEGORY('part',$,(#7));
#45 = SHAPE_DEFINITION_REPRESENTATION(#46,#52);
#46 = PRODUCT_DEFINITION_SHAPE('','',#47);
#47 = PRODUCT_DEFINITION('design','',#48,#51);
#48 = PRODUCT_DEFINITION_FORMATION('','',#49);
#49 = PRODUCT('R_0402_1005Metric','R_0402_1005Metric','',(#50));
#50 = PRODUCT_CONTEXT('',#2,'mechanical');
#51 = PRODUCT_DEFINITION_CONTEXT('part definition',#2,'design');
#52 = ADVANCED_BREP_SHAPE_REPRESENTATION('',(#11,#53),#843);
#53 = MANIFOLD_SOLID_BREP('',#54);
#54 = CLOSED_SHELL('',(#55,#95,#178,#203,#228,#295,#312,#329,#378,#395,
    #412,#461,#478,#547,#578,#602,#671,#695,#712,#729,#746,#763,#780,
    #797,#814,#831));
#55 = ADVANCED_FACE('',(#56),#90,.F.);
#56 = FACE_BOUND('',#57,.F.);
#57 = EDGE_LOOP('',(#58,#68,#76,#84));
#58 = ORIENTED_EDGE('',*,*,#59,.F.);
#59 = EDGE_CURVE('',#60,#62,#64,.T.);
#60 = VERTEX_POINT('',#61);
#61 = CARTESIAN_POINT('',(-0.5,-0.25,3.5E-02));
#62 = VERTEX_POINT('',#63);
#63 = CARTESIAN_POINT('',(-0.5,-0.25,0.315));
#64 = LINE('',#65,#66);
#65 = CARTESIAN_POINT('',(-0.5,-0.25,0.));
#66 = VECTOR('',#67,1.);
#67 = DIRECTION('',(0.,0.,1.));
#68 = ORIENTED_EDGE('',*,*,#69,.T.);
#69 = EDGE_CURVE('',#60,#70,#72,.T.);
#70 = VERTEX_POINT('',#71);
#71 = CARTESIAN_POINT('',(-0.5,0.25,3.5E-02));
#72 = LINE('',#73,#74);
#73 = CARTESIAN_POINT('',(-0.5,-0.25,3.5E-02));
#74 = VECTOR('',#75,1.);
#75 = DIRECTION('',(0.,1.,0.));
#76 = ORIENTED_EDGE('',*,*,#77,.T.);
#77 = EDGE_CURVE('',#70,#78,#80,.T.);
#78 = VERTEX_POINT('',#79);
#79 = CARTESIAN_POINT('',(-0.5,0.25,0.315));
#80 = LINE('',#81,#82);
#81 = CARTESIAN_POINT('',(-0.5,0.25,0.));
#82 = VECTOR('',#83,1.);
#83 = DIRECTION('',(0.,0.,1.));
#84 = ORIENTED_EDGE('',*,*,#85,.F.);
#85 = EDGE_CURVE('',#62,#78,#86,.T.);
#86 = LINE('',#87,#88);
#87 = CARTESIAN_POINT('',(-0.5,-0.25,0.315));
#88 = VECTOR('',#89,1.);
#89 = DIRECTION('',(0.,1.,0.));
#90 = PLANE('',#91);
#91 = AXIS2_PLACEMENT_3D('',#92,#93,#94);
#92 = CARTESIAN_POINT('',(-0.5,-0.25,0.));
#93 = DIRECTION('',(1.,0.,0.));
#94 = DIRECTION('',(0.,0.,1.));
#95 = ADVANCED_FACE('',(#96),#173,.F.);
#96 = FACE_BOUND('',#97,.F.);
#97 = EDGE_LOOP('',(#98,#108,#115,#116,#125,#133,#142,#150,#158,#166));
#98 = ORIENTED_EDGE('',*,*,#99,.F.);
#99 = EDGE_CURVE('',#100,#102,#104,.T.);
#100 = VERTEX_POINT('',#101);
#101 = CARTESIAN_POINT('',(-0.465,-0.25,-2.775557561563E-17));
#102 = VERTEX_POINT('',#103);
#103 = CARTESIAN_POINT('',(-0.335,-0.25,-2.775557561563E-17));
#104 = LINE('',#105,#106);
#105 = CARTESIAN_POINT('',(-0.5,-0.25,0.));
#106 = VECTOR('',#107,1.);
#107 = DIRECTION('',(1.,0.,0.));
#108 = ORIENTED_EDGE('',*,*,#109,.F.);
#109 = EDGE_CURVE('',#60,#100,#110,.T.);
#110 = CIRCLE('',#111,3.5E-02);
#111 = AXIS2_PLACEMENT_3D('',#112,#113,#114);
#112 = CARTESIAN_POINT('',(-0.465,-0.25,3.5E-02));
#113 = DIRECTION('',(0.,-1.,0.));
#114 = DIRECTION('',(0.,0.,1.));
#115 = ORIENTED_EDGE('',*,*,#59,.T.);
#116 = ORIENTED_EDGE('',*,*,#117,.T.);
#117 = EDGE_CURVE('',#62,#118,#120,.T.);
#118 = VERTEX_POINT('',#119);
#119 = CARTESIAN_POINT('',(-0.465,-0.25,0.35));
#120 = CIRCLE('',#121,3.5E-02);
#121 = AXIS2_PLACEMENT_3D('',#122,#123,#124);
#122 = CARTESIAN_POINT('',(-0.465,-0.25,0.315));
#123 = DIRECTION('',(0.,1.,0.));
#124 = DIRECTION('',(0.,-0.,1.));
#125 = ORIENTED_EDGE('',*,*,#126,.T.);
#126 = EDGE_CURVE('',#118,#127,#129,.T.);
#127 = VERTEX_POINT('',#128);
#128 = CARTESIAN_POINT('',(-0.335,-0.25,0.35));
#129 = LINE('',#130,#131);
#130 = CARTESIAN_POINT('',(-0.5,-0.25,0.35));
#131 = VECTOR('',#132,1.);
#132 = DIRECTION('',(1.,0.,0.));
#133 = ORIENTED_EDGE('',*,*,#134,.F.);
#134 = EDGE_CURVE('',#135,#127,#137,.T.);
#135 = VERTEX_POINT('',#136);
#136 = CARTESIAN_POINT('',(-0.3,-0.25,0.315));
#137 = CIRCLE('',#138,3.5E-02);
#138 = AXIS2_PLACEMENT_3D('',#139,#140,#141);
#139 = CARTESIAN_POINT('',(-0.335,-0.25,0.315));
#140 = DIRECTION('',(0.,-1.,0.));
#141 = DIRECTION('',(0.,0.,1.));
#142 = ORIENTED_EDGE('',*,*,#143,.F.);
#143 = EDGE_CURVE('',#144,#135,#146,.T.);
#144 = VERTEX_POINT('',#145);
#145 = CARTESIAN_POINT('',(-0.465,-0.25,0.315));
#146 = LINE('',#147,#148);
#147 = CARTESIAN_POINT('',(-0.465,-0.25,0.315));
#148 = VECTOR('',#149,1.);
#149 = DIRECTION('',(1.,0.,0.));
#150 = ORIENTED_EDGE('',*,*,#151,.F.);
#151 = EDGE_CURVE('',#152,#144,#154,.T.);
#152 = VERTEX_POINT('',#153);
#153 = CARTESIAN_POINT('',(-0.465,-0.25,3.5E-02));
#154 = LINE('',#155,#156);
#155 = CARTESIAN_POINT('',(-0.465,-0.25,3.5E-02));
#156 = VECTOR('',#157,1.);
#157 = DIRECTION('',(0.,0.,1.));
#158 = ORIENTED_EDGE('',*,*,#159,.T.);
#159 = EDGE_CURVE('',#152,#160,#162,.T.);
#160 = VERTEX_POINT('',#161);
#161 = CARTESIAN_POINT('',(-0.3,-0.25,3.5E-02));
#162 = LINE('',#163,#164);
#163 = CARTESIAN_POINT('',(-0.465,-0.25,3.5E-02));
#164 = VECTOR('',#165,1.);
#165 = DIRECTION('',(1.,0.,0.));
#166 = ORIENTED_EDGE('',*,*,#167,.T.);
#167 = EDGE_CURVE('',#160,#102,#168,.T.);
#168 = CIRCLE('',#169,3.5E-02);
#169 = AXIS2_PLACEMENT_3D('',#170,#171,#172);
#170 = CARTESIAN_POINT('',(-0.335,-0.25,3.5E-02));
#171 = DIRECTION('',(0.,1.,0.));
#172 = DIRECTION('',(0.,-0.,1.));
#173 = PLANE('',#174);
#174 = AXIS2_PLACEMENT_3D('',#175,#176,#177);
#175 = CARTESIAN_POINT('',(-0.5,-0.25,0.));
#176 = DIRECTION('',(0.,1.,0.));
#177 = DIRECTION('',(0.,-0.,1.));
#178 = ADVANCED_FACE('',(#179),#198,.T.);
#179 = FACE_BOUND('',#180,.T.);
#180 = EDGE_LOOP('',(#181,#182,#191,#197));
#181 = ORIENTED_EDGE('',*,*,#69,.T.);
#182 = ORIENTED_EDGE('',*,*,#183,.T.);
#183 = EDGE_CURVE('',#70,#184,#186,.T.);
#184 = VERTEX_POINT('',#185);
#185 = CARTESIAN_POINT('',(-0.465,0.25,-2.775557561563E-17));
#186 = CIRCLE('',#187,3.5E-02);
#187 = AXIS2_PLACEMENT_3D('',#188,#189,#190);
#188 = CARTESIAN_POINT('',(-0.465,0.25,3.5E-02));
#189 = DIRECTION('',(0.,-1.,0.));
#190 = DIRECTION('',(0.,0.,1.));
#191 = ORIENTED_EDGE('',*,*,#192,.F.);
#192 = EDGE_CURVE('',#100,#184,#193,.T.);
#193 = LINE('',#194,#195);
#194 = CARTESIAN_POINT('',(-0.465,-0.25,-2.775557561563E-17));
#195 = VECTOR('',#196,1.);
#196 = DIRECTION('',(0.,1.,0.));
#197 = ORIENTED_EDGE('',*,*,#109,.F.);
#198 = CYLINDRICAL_SURFACE('',#199,3.5E-02);
#199 = AXIS2_PLACEMENT_3D('',#200,#201,#202);
#200 = CARTESIAN_POINT('',(-0.465,-0.25,3.5E-02));
#201 = DIRECTION('',(0.,1.,0.));
#202 = DIRECTION('',(-1.,0.,0.));
#203 = ADVANCED_FACE('',(#204),#223,.T.);
#204 = FACE_BOUND('',#205,.T.);
#205 = EDGE_LOOP('',(#206,#207,#215,#222));
#206 = ORIENTED_EDGE('',*,*,#117,.T.);
#207 = ORIENTED_EDGE('',*,*,#208,.T.);
#208 = EDGE_CURVE('',#118,#209,#211,.T.);
#209 = VERTEX_POINT('',#210);
#210 = CARTESIAN_POINT('',(-0.465,0.25,0.35));
#211 = LINE('',#212,#213);
#212 = CARTESIAN_POINT('',(-0.465,-0.25,0.35));
#213 = VECTOR('',#214,1.);
#214 = DIRECTION('',(0.,1.,0.));
#215 = ORIENTED_EDGE('',*,*,#216,.F.);
#216 = EDGE_CURVE('',#78,#209,#217,.T.);
#217 = CIRCLE('',#218,3.5E-02);
#218 = AXIS2_PLACEMENT_3D('',#219,#220,#221);
#219 = CARTESIAN_POINT('',(-0.465,0.25,0.315));
#220 = DIRECTION('',(0.,1.,0.));
#221 = DIRECTION('',(0.,-0.,1.));
#222 = ORIENTED_EDGE('',*,*,#85,.F.);
#223 = CYLINDRICAL_SURFACE('',#224,3.5E-02);
#224 = AXIS2_PLACEMENT_3D('',#225,#226,#227);
#225 = CARTESIAN_POINT('',(-0.465,-0.25,0.315));
#226 = DIRECTION('',(0.,1.,0.));
#227 = DIRECTION('',(-1.,0.,0.));
#228 = ADVANCED_FACE('',(#229),#290,.T.);
#229 = FACE_BOUND('',#230,.T.);
#230 = EDGE_LOOP('',(#231,#239,#240,#241,#242,#250,#259,#267,#275,#283)
  );
#231 = ORIENTED_EDGE('',*,*,#232,.F.);
#232 = EDGE_CURVE('',#184,#233,#235,.T.);
#233 = VERTEX_POINT('',#234);
#234 = CARTESIAN_POINT('',(-0.335,0.25,-2.775557561563E-17));
#235 = LINE('',#236,#237);
#236 = CARTESIAN_POINT('',(-0.5,0.25,0.));
#237 = VECTOR('',#238,1.);
#238 = DIRECTION('',(1.,0.,0.));
#239 = ORIENTED_EDGE('',*,*,#183,.F.);
#240 = ORIENTED_EDGE('',*,*,#77,.T.);
#241 = ORIENTED_EDGE('',*,*,#216,.T.);
#242 = ORIENTED_EDGE('',*,*,#243,.T.);
#243 = EDGE_CURVE('',#209,#244,#246,.T.);
#244 = VERTEX_POINT('',#245);
#245 = CARTESIAN_POINT('',(-0.335,0.25,0.35));
#246 = LINE('',#247,#248);
#247 = CARTESIAN_POINT('',(-0.5,0.25,0.35));
#248 = VECTOR('',#249,1.);
#249 = DIRECTION('',(1.,0.,0.));
#250 = ORIENTED_EDGE('',*,*,#251,.F.);
#251 = EDGE_CURVE('',#252,#244,#254,.T.);
#252 = VERTEX_POINT('',#253);
#253 = CARTESIAN_POINT('',(-0.3,0.25,0.315));
#254 = CIRCLE('',#255,3.5E-02);
#255 = AXIS2_PLACEMENT_3D('',#256,#257,#258);
#256 = CARTESIAN_POINT('',(-0.335,0.25,0.315));
#257 = DIRECTION('',(0.,-1.,0.));
#258 = DIRECTION('',(0.,0.,1.));
#259 = ORIENTED_EDGE('',*,*,#260,.F.);
#260 = EDGE_CURVE('',#261,#252,#263,.T.);
#261 = VERTEX_POINT('',#262);
#262 = CARTESIAN_POINT('',(-0.465,0.25,0.315));
#263 = LINE('',#264,#265);
#264 = CARTESIAN_POINT('',(-0.465,0.25,0.315));
#265 = VECTOR('',#266,1.);
#266 = DIRECTION('',(1.,0.,0.));
#267 = ORIENTED_EDGE('',*,*,#268,.F.);
#268 = EDGE_CURVE('',#269,#261,#271,.T.);
#269 = VERTEX_POINT('',#270);
#270 = CARTESIAN_POINT('',(-0.465,0.25,3.5E-02));
#271 = LINE('',#272,#273);
#272 = CARTESIAN_POINT('',(-0.465,0.25,3.5E-02));
#273 = VECTOR('',#274,1.);
#274 = DIRECTION('',(0.,0.,1.));
#275 = ORIENTED_EDGE('',*,*,#276,.T.);
#276 = EDGE_CURVE('',#269,#277,#279,.T.);
#277 = VERTEX_POINT('',#278);
#278 = CARTESIAN_POINT('',(-0.3,0.25,3.5E-02));
#279 = LINE('',#280,#281);
#280 = CARTESIAN_POINT('',(-0.465,0.25,3.5E-02));
#281 = VECTOR('',#282,1.);
#282 = DIRECTION('',(1.,0.,0.));
#283 = ORIENTED_EDGE('',*,*,#284,.T.);
#284 = EDGE_CURVE('',#277,#233,#285,.T.);
#285 = CIRCLE('',#286,3.5E-02);
#286 = AXIS2_PLACEMENT_3D('',#287,#288,#289);
#287 = CARTESIAN_POINT('',(-0.335,0.25,3.5E-02));
#288 = DIRECTION('',(0.,1.,0.));
#289 = DIRECTION('',(0.,-0.,1.));
#290 = PLANE('',#291);
#291 = AXIS2_PLACEMENT_3D('',#292,#293,#294);
#292 = CARTESIAN_POINT('',(-0.5,0.25,0.));
#293 = DIRECTION('',(0.,1.,0.));
#294 = DIRECTION('',(0.,-0.,1.));
#295 = ADVANCED_FACE('',(#296),#307,.F.);
#296 = FACE_BOUND('',#297,.F.);
#297 = EDGE_LOOP('',(#298,#299,#300,#301));
#298 = ORIENTED_EDGE('',*,*,#232,.F.);
#299 = ORIENTED_EDGE('',*,*,#192,.F.);
#300 = ORIENTED_EDGE('',*,*,#99,.T.);
#301 = ORIENTED_EDGE('',*,*,#302,.T.);
#302 = EDGE_CURVE('',#102,#233,#303,.T.);
#303 = LINE('',#304,#305);
#304 = CARTESIAN_POINT('',(-0.335,-0.25,-2.775557561563E-17));
#305 = VECTOR('',#306,1.);
#306 = DIRECTION('',(0.,1.,0.));
#307 = PLANE('',#308);
#308 = AXIS2_PLACEMENT_3D('',#309,#310,#311);
#309 = CARTESIAN_POINT('',(-0.5,-0.25,0.));
#310 = DIRECTION('',(0.,0.,1.));
#311 = DIRECTION('',(1.,0.,-0.));
#312 = ADVANCED_FACE('',(#313),#324,.T.);
#313 = FACE_BOUND('',#314,.T.);
#314 = EDGE_LOOP('',(#315,#316,#317,#318));
#315 = ORIENTED_EDGE('',*,*,#167,.T.);
#316 = ORIENTED_EDGE('',*,*,#302,.T.);
#317 = ORIENTED_EDGE('',*,*,#284,.F.);
#318 = ORIENTED_EDGE('',*,*,#319,.F.);
#319 = EDGE_CURVE('',#160,#277,#320,.T.);
#320 = LINE('',#321,#322);
#321 = CARTESIAN_POINT('',(-0.3,-0.25,3.5E-02));
#322 = VECTOR('',#323,1.);
#323 = DIRECTION('',(0.,1.,0.));
#324 = CYLINDRICAL_SURFACE('',#325,3.5E-02);
#325 = AXIS2_PLACEMENT_3D('',#326,#327,#328);
#326 = CARTESIAN_POINT('',(-0.335,-0.25,3.5E-02));
#327 = DIRECTION('',(0.,1.,0.));
#328 = DIRECTION('',(1.,0.,0.));
#329 = ADVANCED_FACE('',(#330),#373,.F.);
#330 = FACE_BOUND('',#331,.F.);
#331 = EDGE_LOOP('',(#332,#333,#334,#335,#343,#351,#359,#367));
#332 = ORIENTED_EDGE('',*,*,#159,.F.);
#333 = ORIENTED_EDGE('',*,*,#151,.T.);
#334 = ORIENTED_EDGE('',*,*,#143,.T.);
#335 = ORIENTED_EDGE('',*,*,#336,.T.);
#336 = EDGE_CURVE('',#135,#337,#339,.T.);
#337 = VERTEX_POINT('',#338);
#338 = CARTESIAN_POINT('',(0.3,-0.25,0.315));
#339 = LINE('',#340,#341);
#340 = CARTESIAN_POINT('',(-0.3,-0.25,0.315));
#341 = VECTOR('',#342,1.);
#342 = DIRECTION('',(1.,0.,0.));
#343 = ORIENTED_EDGE('',*,*,#344,.T.);
#344 = EDGE_CURVE('',#337,#345,#347,.T.);
#345 = VERTEX_POINT('',#346);
#346 = CARTESIAN_POINT('',(0.465,-0.25,0.315));
#347 = LINE('',#348,#349);
#348 = CARTESIAN_POINT('',(-0.465,-0.25,0.315));
#349 = VECTOR('',#350,1.);
#350 = DIRECTION('',(1.,0.,0.));
#351 = ORIENTED_EDGE('',*,*,#352,.F.);
#352 = EDGE_CURVE('',#353,#345,#355,.T.);
#353 = VERTEX_POINT('',#354);
#354 = CARTESIAN_POINT('',(0.465,-0.25,3.5E-02));
#355 = LINE('',#356,#357);
#356 = CARTESIAN_POINT('',(0.465,-0.25,3.5E-02));
#357 = VECTOR('',#358,1.);
#358 = DIRECTION('',(0.,0.,1.));
#359 = ORIENTED_EDGE('',*,*,#360,.F.);
#360 = EDGE_CURVE('',#361,#353,#363,.T.);
#361 = VERTEX_POINT('',#362);
#362 = CARTESIAN_POINT('',(0.3,-0.25,3.5E-02));
#363 = LINE('',#364,#365);
#364 = CARTESIAN_POINT('',(-0.465,-0.25,3.5E-02));
#365 = VECTOR('',#366,1.);
#366 = DIRECTION('',(1.,0.,0.));
#367 = ORIENTED_EDGE('',*,*,#368,.F.);
#368 = EDGE_CURVE('',#160,#361,#369,.T.);
#369 = LINE('',#370,#371);
#370 = CARTESIAN_POINT('',(-0.465,-0.25,3.5E-02));
#371 = VECTOR('',#372,1.);
#372 = DIRECTION('',(1.,0.,0.));
#373 = PLANE('',#374);
#374 = AXIS2_PLACEMENT_3D('',#375,#376,#377);
#375 = CARTESIAN_POINT('',(-0.465,-0.25,3.5E-02));
#376 = DIRECTION('',(0.,1.,0.));
#377 = DIRECTION('',(0.,-0.,1.));
#378 = ADVANCED_FACE('',(#379),#390,.T.);
#379 = FACE_BOUND('',#380,.T.);
#380 = EDGE_LOOP('',(#381,#382,#383,#384));
#381 = ORIENTED_EDGE('',*,*,#243,.F.);
#382 = ORIENTED_EDGE('',*,*,#208,.F.);
#383 = ORIENTED_EDGE('',*,*,#126,.T.);
#384 = ORIENTED_EDGE('',*,*,#385,.T.);
#385 = EDGE_CURVE('',#127,#244,#386,.T.);
#386 = LINE('',#387,#388);
#387 = CARTESIAN_POINT('',(-0.335,-0.25,0.35));
#388 = VECTOR('',#389,1.);
#389 = DIRECTION('',(0.,1.,0.));
#390 = PLANE('',#391);
#391 = AXIS2_PLACEMENT_3D('',#392,#393,#394);
#392 = CARTESIAN_POINT('',(-0.5,-0.25,0.35));
#393 = DIRECTION('',(0.,0.,1.));
#394 = DIRECTION('',(1.,0.,-0.));
#395 = ADVANCED_FACE('',(#396),#407,.T.);
#396 = FACE_BOUND('',#397,.T.);
#397 = EDGE_LOOP('',(#398,#404,#405,#406));
#398 = ORIENTED_EDGE('',*,*,#399,.T.);
#399 = EDGE_CURVE('',#135,#252,#400,.T.);
#400 = LINE('',#401,#402);
#401 = CARTESIAN_POINT('',(-0.3,-0.25,0.315));
#402 = VECTOR('',#403,1.);
#403 = DIRECTION('',(0.,1.,0.));
#404 = ORIENTED_EDGE('',*,*,#251,.T.);
#405 = ORIENTED_EDGE('',*,*,#385,.F.);
#406 = ORIENTED_EDGE('',*,*,#134,.F.);
#407 = CYLINDRICAL_SURFACE('',#408,3.5E-02);
#408 = AXIS2_PLACEMENT_3D('',#409,#410,#411);
#409 = CARTESIAN_POINT('',(-0.335,-0.25,0.315));
#410 = DIRECTION('',(0.,1.,0.));
#411 = DIRECTION('',(1.,0.,0.));
#412 = ADVANCED_FACE('',(#413),#456,.T.);
#413 = FACE_BOUND('',#414,.T.);
#414 = EDGE_LOOP('',(#415,#416,#417,#418,#426,#434,#442,#450));
#415 = ORIENTED_EDGE('',*,*,#276,.F.);
#416 = ORIENTED_EDGE('',*,*,#268,.T.);
#417 = ORIENTED_EDGE('',*,*,#260,.T.);
#418 = ORIENTED_EDGE('',*,*,#419,.T.);
#419 = EDGE_CURVE('',#252,#420,#422,.T.);
#420 = VERTEX_POINT('',#421);
#421 = CARTESIAN_POINT('',(0.3,0.25,0.315));
#422 = LINE('',#423,#424);
#423 = CARTESIAN_POINT('',(-0.3,0.25,0.315));
#424 = VECTOR('',#425,1.);
#425 = DIRECTION('',(1.,0.,0.));
#426 = ORIENTED_EDGE('',*,*,#427,.T.);
#427 = EDGE_CURVE('',#420,#428,#430,.T.);
#428 = VERTEX_POINT('',#429);
#429 = CARTESIAN_POINT('',(0.465,0.25,0.315));
#430 = LINE('',#431,#432);
#431 = CARTESIAN_POINT('',(-0.465,0.25,0.315));
#432 = VECTOR('',#433,1.);
#433 = DIRECTION('',(1.,0.,0.));
#434 = ORIENTED_EDGE('',*,*,#435,.F.);
#435 = EDGE_CURVE('',#436,#428,#438,.T.);
#436 = VERTEX_POINT('',#437);
#437 = CARTESIAN_POINT('',(0.465,0.25,3.5E-02));
#438 = LINE('',#439,#440);
#439 = CARTESIAN_POINT('',(0.465,0.25,3.5E-02));
#440 = VECTOR('',#441,1.);
#441 = DIRECTION('',(0.,0.,1.));
#442 = ORIENTED_EDGE('',*,*,#443,.F.);
#443 = EDGE_CURVE('',#444,#436,#446,.T.);
#444 = VERTEX_POINT('',#445);
#445 = CARTESIAN_POINT('',(0.3,0.25,3.5E-02));
#446 = LINE('',#447,#448);
#447 = CARTESIAN_POINT('',(-0.465,0.25,3.5E-02));
#448 = VECTOR('',#449,1.);
#449 = DIRECTION('',(1.,0.,0.));
#450 = ORIENTED_EDGE('',*,*,#451,.F.);
#451 = EDGE_CURVE('',#277,#444,#452,.T.);
#452 = LINE('',#453,#454);
#453 = CARTESIAN_POINT('',(-0.465,0.25,3.5E-02));
#454 = VECTOR('',#455,1.);
#455 = DIRECTION('',(1.,0.,0.));
#456 = PLANE('',#457);
#457 = AXIS2_PLACEMENT_3D('',#458,#459,#460);
#458 = CARTESIAN_POINT('',(-0.465,0.25,3.5E-02));
#459 = DIRECTION('',(0.,1.,0.));
#460 = DIRECTION('',(0.,-0.,1.));
#461 = ADVANCED_FACE('',(#462),#473,.F.);
#462 = FACE_BOUND('',#463,.F.);
#463 = EDGE_LOOP('',(#464,#465,#466,#472));
#464 = ORIENTED_EDGE('',*,*,#319,.F.);
#465 = ORIENTED_EDGE('',*,*,#368,.T.);
#466 = ORIENTED_EDGE('',*,*,#467,.T.);
#467 = EDGE_CURVE('',#361,#444,#468,.T.);
#468 = LINE('',#469,#470);
#469 = CARTESIAN_POINT('',(0.3,-0.25,3.5E-02));
#470 = VECTOR('',#471,1.);
#471 = DIRECTION('',(0.,1.,0.));
#472 = ORIENTED_EDGE('',*,*,#451,.F.);
#473 = PLANE('',#474);
#474 = AXIS2_PLACEMENT_3D('',#475,#476,#477);
#475 = CARTESIAN_POINT('',(-0.465,-0.25,3.5E-02));
#476 = DIRECTION('',(0.,0.,1.));
#477 = DIRECTION('',(1.,0.,-0.));
#478 = ADVANCED_FACE('',(#479),#542,.F.);
#479 = FACE_BOUND('',#480,.F.);
#480 = EDGE_LOOP('',(#481,#491,#498,#499,#500,#501,#510,#518,#527,#535)
  );
#481 = ORIENTED_EDGE('',*,*,#482,.F.);
#482 = EDGE_CURVE('',#483,#485,#487,.T.);
#483 = VERTEX_POINT('',#484);
#484 = CARTESIAN_POINT('',(0.335,-0.25,-2.775557561563E-17));
#485 = VERTEX_POINT('',#486);
#486 = CARTESIAN_POINT('',(0.465,-0.25,-2.775557561563E-17));
#487 = LINE('',#488,#489);
#488 = CARTESIAN_POINT('',(0.3,-0.25,0.));
#489 = VECTOR('',#490,1.);
#490 = DIRECTION('',(1.,0.,0.));
#491 = ORIENTED_EDGE('',*,*,#492,.F.);
#492 = EDGE_CURVE('',#361,#483,#493,.T.);
#493 = CIRCLE('',#494,3.5E-02);
#494 = AXIS2_PLACEMENT_3D('',#495,#496,#497);
#495 = CARTESIAN_POINT('',(0.335,-0.25,3.5E-02));
#496 = DIRECTION('',(0.,-1.,0.));
#497 = DIRECTION('',(0.,0.,1.));
#498 = ORIENTED_EDGE('',*,*,#360,.T.);
#499 = ORIENTED_EDGE('',*,*,#352,.T.);
#500 = ORIENTED_EDGE('',*,*,#344,.F.);
#501 = ORIENTED_EDGE('',*,*,#502,.T.);
#502 = EDGE_CURVE('',#337,#503,#505,.T.);
#503 = VERTEX_POINT('',#504);
#504 = CARTESIAN_POINT('',(0.335,-0.25,0.35));
#505 = CIRCLE('',#506,3.5E-02);
#506 = AXIS2_PLACEMENT_3D('',#507,#508,#509);
#507 = CARTESIAN_POINT('',(0.335,-0.25,0.315));
#508 = DIRECTION('',(0.,1.,0.));
#509 = DIRECTION('',(0.,-0.,1.));
#510 = ORIENTED_EDGE('',*,*,#511,.T.);
#511 = EDGE_CURVE('',#503,#512,#514,.T.);
#512 = VERTEX_POINT('',#513);
#513 = CARTESIAN_POINT('',(0.465,-0.25,0.35));
#514 = LINE('',#515,#516);
#515 = CARTESIAN_POINT('',(0.3,-0.25,0.35));
#516 = VECTOR('',#517,1.);
#517 = DIRECTION('',(1.,0.,0.));
#518 = ORIENTED_EDGE('',*,*,#519,.F.);
#519 = EDGE_CURVE('',#520,#512,#522,.T.);
#520 = VERTEX_POINT('',#521);
#521 = CARTESIAN_POINT('',(0.5,-0.25,0.315));
#522 = CIRCLE('',#523,3.5E-02);
#523 = AXIS2_PLACEMENT_3D('',#524,#525,#526);
#524 = CARTESIAN_POINT('',(0.465,-0.25,0.315));
#525 = DIRECTION('',(0.,-1.,0.));
#526 = DIRECTION('',(0.,0.,1.));
#527 = ORIENTED_EDGE('',*,*,#528,.F.);
#528 = EDGE_CURVE('',#529,#520,#531,.T.);
#529 = VERTEX_POINT('',#530);
#530 = CARTESIAN_POINT('',(0.5,-0.25,3.5E-02));
#531 = LINE('',#532,#533);
#532 = CARTESIAN_POINT('',(0.5,-0.25,0.));
#533 = VECTOR('',#534,1.);
#534 = DIRECTION('',(0.,0.,1.));
#535 = ORIENTED_EDGE('',*,*,#536,.T.);
#536 = EDGE_CURVE('',#529,#485,#537,.T.);
#537 = CIRCLE('',#538,3.5E-02);
#538 = AXIS2_PLACEMENT_3D('',#539,#540,#541);
#539 = CARTESIAN_POINT('',(0.465,-0.25,3.5E-02));
#540 = DIRECTION('',(0.,1.,0.));
#541 = DIRECTION('',(0.,-0.,1.));
#542 = PLANE('',#543);
#543 = AXIS2_PLACEMENT_3D('',#544,#545,#546);
#544 = CARTESIAN_POINT('',(0.3,-0.25,0.));
#545 = DIRECTION('',(0.,1.,0.));
#546 = DIRECTION('',(0.,-0.,1.));
#547 = ADVANCED_FACE('',(#548),#573,.F.);
#548 = FACE_BOUND('',#549,.F.);
#549 = EDGE_LOOP('',(#550,#551,#559,#567));
#550 = ORIENTED_EDGE('',*,*,#336,.F.);
#551 = ORIENTED_EDGE('',*,*,#552,.T.);
#552 = EDGE_CURVE('',#135,#553,#555,.T.);
#553 = VERTEX_POINT('',#554);
#554 = CARTESIAN_POINT('',(-0.3,-0.25,0.35));
#555 = LINE('',#556,#557);
#556 = CARTESIAN_POINT('',(-0.3,-0.25,0.315));
#557 = VECTOR('',#558,1.);
#558 = DIRECTION('',(0.,0.,1.));
#559 = ORIENTED_EDGE('',*,*,#560,.T.);
#560 = EDGE_CURVE('',#553,#561,#563,.T.);
#561 = VERTEX_POINT('',#562);
#562 = CARTESIAN_POINT('',(0.3,-0.25,0.35));
#563 = LINE('',#564,#565);
#564 = CARTESIAN_POINT('',(-0.3,-0.25,0.35));
#565 = VECTOR('',#566,1.);
#566 = DIRECTION('',(1.,0.,0.));
#567 = ORIENTED_EDGE('',*,*,#568,.F.);
#568 = EDGE_CURVE('',#337,#561,#569,.T.);
#569 = LINE('',#570,#571);
#570 = CARTESIAN_POINT('',(0.3,-0.25,0.315));
#571 = VECTOR('',#572,1.);
#572 = DIRECTION('',(0.,0.,1.));
#573 = PLANE('',#574);
#574 = AXIS2_PLACEMENT_3D('',#575,#576,#577);
#575 = CARTESIAN_POINT('',(-0.3,-0.25,0.315));
#576 = DIRECTION('',(0.,1.,0.));
#577 = DIRECTION('',(0.,-0.,1.));
#578 = ADVANCED_FACE('',(#579),#597,.F.);
#579 = FACE_BOUND('',#580,.F.);
#580 = EDGE_LOOP('',(#581,#582,#583,#591));
#581 = ORIENTED_EDGE('',*,*,#552,.F.);
#582 = ORIENTED_EDGE('',*,*,#399,.T.);
#583 = ORIENTED_EDGE('',*,*,#584,.T.);
#584 = EDGE_CURVE('',#252,#585,#587,.T.);
#585 = VERTEX_POINT('',#586);
#586 = CARTESIAN_POINT('',(-0.3,0.25,0.35));
#587 = LINE('',#588,#589);
#588 = CARTESIAN_POINT('',(-0.3,0.25,0.315));
#589 = VECTOR('',#590,1.);
#590 = DIRECTION('',(0.,0.,1.));
#591 = ORIENTED_EDGE('',*,*,#592,.F.);
#592 = EDGE_CURVE('',#553,#585,#593,.T.);
#593 = LINE('',#594,#595);
#594 = CARTESIAN_POINT('',(-0.3,-0.25,0.35));
#595 = VECTOR('',#596,1.);
#596 = DIRECTION('',(0.,1.,0.));
#597 = PLANE('',#598);
#598 = AXIS2_PLACEMENT_3D('',#599,#600,#601);
#599 = CARTESIAN_POINT('',(-0.3,-0.25,0.315));
#600 = DIRECTION('',(1.,0.,0.));
#601 = DIRECTION('',(0.,0.,1.));
#602 = ADVANCED_FACE('',(#603),#666,.T.);
#603 = FACE_BOUND('',#604,.T.);
#604 = EDGE_LOOP('',(#605,#615,#622,#623,#624,#625,#634,#642,#651,#659)
  );
#605 = ORIENTED_EDGE('',*,*,#606,.F.);
#606 = EDGE_CURVE('',#607,#609,#611,.T.);
#607 = VERTEX_POINT('',#608);
#608 = CARTESIAN_POINT('',(0.335,0.25,-2.775557561563E-17));
#609 = VERTEX_POINT('',#610);
#610 = CARTESIAN_POINT('',(0.465,0.25,-2.775557561563E-17));
#611 = LINE('',#612,#613);
#612 = CARTESIAN_POINT('',(0.3,0.25,0.));
#613 = VECTOR('',#614,1.);
#614 = DIRECTION('',(1.,0.,0.));
#615 = ORIENTED_EDGE('',*,*,#616,.F.);
#616 = EDGE_CURVE('',#444,#607,#617,.T.);
#617 = CIRCLE('',#618,3.5E-02);
#618 = AXIS2_PLACEMENT_3D('',#619,#620,#621);
#619 = CARTESIAN_POINT('',(0.335,0.25,3.5E-02));
#620 = DIRECTION('',(0.,-1.,0.));
#621 = DIRECTION('',(0.,0.,1.));
#622 = ORIENTED_EDGE('',*,*,#443,.T.);
#623 = ORIENTED_EDGE('',*,*,#435,.T.);
#624 = ORIENTED_EDGE('',*,*,#427,.F.);
#625 = ORIENTED_EDGE('',*,*,#626,.T.);
#626 = EDGE_CURVE('',#420,#627,#629,.T.);
#627 = VERTEX_POINT('',#628);
#628 = CARTESIAN_POINT('',(0.335,0.25,0.35));
#629 = CIRCLE('',#630,3.5E-02);
#630 = AXIS2_PLACEMENT_3D('',#631,#632,#633);
#631 = CARTESIAN_POINT('',(0.335,0.25,0.315));
#632 = DIRECTION('',(0.,1.,0.));
#633 = DIRECTION('',(0.,-0.,1.));
#634 = ORIENTED_EDGE('',*,*,#635,.T.);
#635 = EDGE_CURVE('',#627,#636,#638,.T.);
#636 = VERTEX_POINT('',#637);
#637 = CARTESIAN_POINT('',(0.465,0.25,0.35));
#638 = LINE('',#639,#640);
#639 = CARTESIAN_POINT('',(0.3,0.25,0.35));
#640 = VECTOR('',#641,1.);
#641 = DIRECTION('',(1.,0.,0.));
#642 = ORIENTED_EDGE('',*,*,#643,.F.);
#643 = EDGE_CURVE('',#644,#636,#646,.T.);
#644 = VERTEX_POINT('',#645);
#645 = CARTESIAN_POINT('',(0.5,0.25,0.315));
#646 = CIRCLE('',#647,3.5E-02);
#647 = AXIS2_PLACEMENT_3D('',#648,#649,#650);
#648 = CARTESIAN_POINT('',(0.465,0.25,0.315));
#649 = DIRECTION('',(0.,-1.,0.));
#650 = DIRECTION('',(0.,0.,1.));
#651 = ORIENTED_EDGE('',*,*,#652,.F.);
#652 = EDGE_CURVE('',#653,#644,#655,.T.);
#653 = VERTEX_POINT('',#654);
#654 = CARTESIAN_POINT('',(0.5,0.25,3.5E-02));
#655 = LINE('',#656,#657);
#656 = CARTESIAN_POINT('',(0.5,0.25,0.));
#657 = VECTOR('',#658,1.);
#658 = DIRECTION('',(0.,0.,1.));
#659 = ORIENTED_EDGE('',*,*,#660,.T.);
#660 = EDGE_CURVE('',#653,#609,#661,.T.);
#661 = CIRCLE('',#662,3.5E-02);
#662 = AXIS2_PLACEMENT_3D('',#663,#664,#665);
#663 = CARTESIAN_POINT('',(0.465,0.25,3.5E-02));
#664 = DIRECTION('',(0.,1.,0.));
#665 = DIRECTION('',(0.,-0.,1.));
#666 = PLANE('',#667);
#667 = AXIS2_PLACEMENT_3D('',#668,#669,#670);
#668 = CARTESIAN_POINT('',(0.3,0.25,0.));
#669 = DIRECTION('',(0.,1.,0.));
#670 = DIRECTION('',(0.,-0.,1.));
#671 = ADVANCED_FACE('',(#672),#690,.T.);
#672 = FACE_BOUND('',#673,.T.);
#673 = EDGE_LOOP('',(#674,#675,#676,#684));
#674 = ORIENTED_EDGE('',*,*,#419,.F.);
#675 = ORIENTED_EDGE('',*,*,#584,.T.);
#676 = ORIENTED_EDGE('',*,*,#677,.T.);
#677 = EDGE_CURVE('',#585,#678,#680,.T.);
#678 = VERTEX_POINT('',#679);
#679 = CARTESIAN_POINT('',(0.3,0.25,0.35));
#680 = LINE('',#681,#682);
#681 = CARTESIAN_POINT('',(-0.3,0.25,0.35));
#682 = VECTOR('',#683,1.);
#683 = DIRECTION('',(1.,0.,0.));
#684 = ORIENTED_EDGE('',*,*,#685,.F.);
#685 = EDGE_CURVE('',#420,#678,#686,.T.);
#686 = LINE('',#687,#688);
#687 = CARTESIAN_POINT('',(0.3,0.25,0.315));
#688 = VECTOR('',#689,1.);
#689 = DIRECTION('',(0.,0.,1.));
#690 = PLANE('',#691);
#691 = AXIS2_PLACEMENT_3D('',#692,#693,#694);
#692 = CARTESIAN_POINT('',(-0.3,0.25,0.315));
#693 = DIRECTION('',(0.,1.,0.));
#694 = DIRECTION('',(0.,-0.,1.));
#695 = ADVANCED_FACE('',(#696),#707,.T.);
#696 = FACE_BOUND('',#697,.T.);
#697 = EDGE_LOOP('',(#698,#699,#700,#706));
#698 = ORIENTED_EDGE('',*,*,#467,.T.);
#699 = ORIENTED_EDGE('',*,*,#616,.T.);
#700 = ORIENTED_EDGE('',*,*,#701,.F.);
#701 = EDGE_CURVE('',#483,#607,#702,.T.);
#702 = LINE('',#703,#704);
#703 = CARTESIAN_POINT('',(0.335,-0.25,-2.775557561563E-17));
#704 = VECTOR('',#705,1.);
#705 = DIRECTION('',(0.,1.,0.));
#706 = ORIENTED_EDGE('',*,*,#492,.F.);
#707 = CYLINDRICAL_SURFACE('',#708,3.5E-02);
#708 = AXIS2_PLACEMENT_3D('',#709,#710,#711);
#709 = CARTESIAN_POINT('',(0.335,-0.25,3.5E-02));
#710 = DIRECTION('',(0.,1.,0.));
#711 = DIRECTION('',(-1.,0.,0.));
#712 = ADVANCED_FACE('',(#713),#724,.F.);
#713 = FACE_BOUND('',#714,.F.);
#714 = EDGE_LOOP('',(#715,#716,#717,#718));
#715 = ORIENTED_EDGE('',*,*,#606,.F.);
#716 = ORIENTED_EDGE('',*,*,#701,.F.);
#717 = ORIENTED_EDGE('',*,*,#482,.T.);
#718 = ORIENTED_EDGE('',*,*,#719,.T.);
#719 = EDGE_CURVE('',#485,#609,#720,.T.);
#720 = LINE('',#721,#722);
#721 = CARTESIAN_POINT('',(0.465,-0.25,-2.775557561563E-17));
#722 = VECTOR('',#723,1.);
#723 = DIRECTION('',(0.,1.,0.));
#724 = PLANE('',#725);
#725 = AXIS2_PLACEMENT_3D('',#726,#727,#728);
#726 = CARTESIAN_POINT('',(0.3,-0.25,0.));
#727 = DIRECTION('',(0.,0.,1.));
#728 = DIRECTION('',(1.,0.,-0.));
#729 = ADVANCED_FACE('',(#730),#741,.T.);
#730 = FACE_BOUND('',#731,.T.);
#731 = EDGE_LOOP('',(#732,#733,#734,#735));
#732 = ORIENTED_EDGE('',*,*,#536,.T.);
#733 = ORIENTED_EDGE('',*,*,#719,.T.);
#734 = ORIENTED_EDGE('',*,*,#660,.F.);
#735 = ORIENTED_EDGE('',*,*,#736,.F.);
#736 = EDGE_CURVE('',#529,#653,#737,.T.);
#737 = LINE('',#738,#739);
#738 = CARTESIAN_POINT('',(0.5,-0.25,3.5E-02));
#739 = VECTOR('',#740,1.);
#740 = DIRECTION('',(0.,1.,0.));
#741 = CYLINDRICAL_SURFACE('',#742,3.5E-02);
#742 = AXIS2_PLACEMENT_3D('',#743,#744,#745);
#743 = CARTESIAN_POINT('',(0.465,-0.25,3.5E-02));
#744 = DIRECTION('',(0.,1.,0.));
#745 = DIRECTION('',(1.,0.,0.));
#746 = ADVANCED_FACE('',(#747),#758,.T.);
#747 = FACE_BOUND('',#748,.T.);
#748 = EDGE_LOOP('',(#749,#750,#751,#752));
#749 = ORIENTED_EDGE('',*,*,#528,.F.);
#750 = ORIENTED_EDGE('',*,*,#736,.T.);
#751 = ORIENTED_EDGE('',*,*,#652,.T.);
#752 = ORIENTED_EDGE('',*,*,#753,.F.);
#753 = EDGE_CURVE('',#520,#644,#754,.T.);
#754 = LINE('',#755,#756);
#755 = CARTESIAN_POINT('',(0.5,-0.25,0.315));
#756 = VECTOR('',#757,1.);
#757 = DIRECTION('',(0.,1.,0.));
#758 = PLANE('',#759);
#759 = AXIS2_PLACEMENT_3D('',#760,#761,#762);
#760 = CARTESIAN_POINT('',(0.5,-0.25,0.));
#761 = DIRECTION('',(1.,0.,0.));
#762 = DIRECTION('',(0.,0.,1.));
#763 = ADVANCED_FACE('',(#764),#775,.T.);
#764 = FACE_BOUND('',#765,.T.);
#765 = EDGE_LOOP('',(#766,#767,#768,#774));
#766 = ORIENTED_EDGE('',*,*,#753,.T.);
#767 = ORIENTED_EDGE('',*,*,#643,.T.);
#768 = ORIENTED_EDGE('',*,*,#769,.F.);
#769 = EDGE_CURVE('',#512,#636,#770,.T.);
#770 = LINE('',#771,#772);
#771 = CARTESIAN_POINT('',(0.465,-0.25,0.35));
#772 = VECTOR('',#773,1.);
#773 = DIRECTION('',(0.,1.,0.));
#774 = ORIENTED_EDGE('',*,*,#519,.F.);
#775 = CYLINDRICAL_SURFACE('',#776,3.5E-02);
#776 = AXIS2_PLACEMENT_3D('',#777,#778,#779);
#777 = CARTESIAN_POINT('',(0.465,-0.25,0.315));
#778 = DIRECTION('',(0.,1.,0.));
#779 = DIRECTION('',(1.,0.,0.));
#780 = ADVANCED_FACE('',(#781),#792,.T.);
#781 = FACE_BOUND('',#782,.T.);
#782 = EDGE_LOOP('',(#783,#784,#790,#791));
#783 = ORIENTED_EDGE('',*,*,#635,.F.);
#784 = ORIENTED_EDGE('',*,*,#785,.F.);
#785 = EDGE_CURVE('',#503,#627,#786,.T.);
#786 = LINE('',#787,#788);
#787 = CARTESIAN_POINT('',(0.335,-0.25,0.35));
#788 = VECTOR('',#789,1.);
#789 = DIRECTION('',(0.,1.,0.));
#790 = ORIENTED_EDGE('',*,*,#511,.T.);
#791 = ORIENTED_EDGE('',*,*,#769,.T.);
#792 = PLANE('',#793);
#793 = AXIS2_PLACEMENT_3D('',#794,#795,#796);
#794 = CARTESIAN_POINT('',(0.3,-0.25,0.35));
#795 = DIRECTION('',(0.,0.,1.));
#796 = DIRECTION('',(1.,0.,-0.));
#797 = ADVANCED_FACE('',(#798),#809,.T.);
#798 = FACE_BOUND('',#799,.T.);
#799 = EDGE_LOOP('',(#800,#801,#802,#803));
#800 = ORIENTED_EDGE('',*,*,#502,.T.);
#801 = ORIENTED_EDGE('',*,*,#785,.T.);
#802 = ORIENTED_EDGE('',*,*,#626,.F.);
#803 = ORIENTED_EDGE('',*,*,#804,.F.);
#804 = EDGE_CURVE('',#337,#420,#805,.T.);
#805 = LINE('',#806,#807);
#806 = CARTESIAN_POINT('',(0.3,-0.25,0.315));
#807 = VECTOR('',#808,1.);
#808 = DIRECTION('',(0.,1.,0.));
#809 = CYLINDRICAL_SURFACE('',#810,3.5E-02);
#810 = AXIS2_PLACEMENT_3D('',#811,#812,#813);
#811 = CARTESIAN_POINT('',(0.335,-0.25,0.315));
#812 = DIRECTION('',(0.,1.,0.));
#813 = DIRECTION('',(-1.,0.,0.));
#814 = ADVANCED_FACE('',(#815),#826,.T.);
#815 = FACE_BOUND('',#816,.T.);
#816 = EDGE_LOOP('',(#817,#818,#819,#820));
#817 = ORIENTED_EDGE('',*,*,#568,.F.);
#818 = ORIENTED_EDGE('',*,*,#804,.T.);
#819 = ORIENTED_EDGE('',*,*,#685,.T.);
#820 = ORIENTED_EDGE('',*,*,#821,.F.);
#821 = EDGE_CURVE('',#561,#678,#822,.T.);
#822 = LINE('',#823,#824);
#823 = CARTESIAN_POINT('',(0.3,-0.25,0.35));
#824 = VECTOR('',#825,1.);
#825 = DIRECTION('',(0.,1.,0.));
#826 = PLANE('',#827);
#827 = AXIS2_PLACEMENT_3D('',#828,#829,#830);
#828 = CARTESIAN_POINT('',(0.3,-0.25,0.315));
#829 = DIRECTION('',(1.,0.,0.));
#830 = DIRECTION('',(0.,0.,1.));
#831 = ADVANCED_FACE('',(#832),#838,.T.);
#832 = FACE_BOUND('',#833,.T.);
#833 = EDGE_LOOP('',(#834,#835,#836,#837));
#834 = ORIENTED_EDGE('',*,*,#592,.F.);
#835 = ORIENTED_EDGE('',*,*,#560,.T.);
#836 = ORIENTED_EDGE('',*,*,#821,.T.);
#837 = ORIENTED_EDGE('',*,*,#677,.F.);
#838 = PLANE('',#839);
#839 = AXIS2_PLACEMENT_3D('',#840,#841,#842);
#840 = CARTESIAN_POINT('',(-0.3,-0.25,0.35));
#841 = DIRECTION('',(0.,0.,1.));
#842 = DIRECTION('',(1.,0.,-0.));
#843 = ( GEOMETRIC_REPRESENTATION_CONTEXT(3) 
GLOBAL_UNCERTAINTY_ASSIGNED_CONTEXT((#847)) GLOBAL_UNIT_ASSIGNED_CONTEXT
((#844,#845,#846)) REPRESENTATION_CONTEXT('Context #1',
  '3D Context with UNIT and UNCERTAINTY') );
#844 = ( LENGTH_UNIT() NAMED_UNIT(*) SI_UNIT(.MILLI.,.METRE.) );
#845 = ( NAMED_UNIT(*) PLANE_ANGLE_UNIT() SI_UNIT($,.RADIAN.) );
#846 = ( NAMED_UNIT(*) SI_UNIT($,.STERADIAN.) SOLID_ANGLE_UNIT() );
#847 = UNCERTAINTY_MEASURE_WITH_UNIT(LENGTH_MEASURE(1.E-07),#844,
  'distance_accuracy_value','confusion accuracy');
#848 = CONTEXT_DEPENDENT_SHAPE_REPRESENTATION(#849,#851);
#849 = ( REPRESENTATION_RELATIONSHIP('','',#52,#10) 
REPRESENTATION_RELATIONSHIP_WITH_TRANSFORMATION(#850) 
SHAPE_REPRESENTATION_RELATIONSHIP() );
#850 = ITEM_DEFINED_TRANSFORMATION('','',#11,#15);
#851 = PRODUCT_DEFINITION_SHAPE('Placement','Placement of an item',#852
  );
#852 = NEXT_ASSEMBLY_USAGE_OCCURRENCE('1','R1','',#5,#47,$);
#853 = PRODUCT_RELATED_PRODUCT_CATEGORY('part',$,(#49));
#854 = SHAPE_DEFINITION_REPRESENTATION(#855,#861);
#855 = PRODUCT_DEFINITION_SHAPE('','',#856);
#856 = PRODUCT_DEFINITION('design','',#857,#860);
#857 = PRODUCT_DEFINITION_FORMATION('','',#858);
#858 = PRODUCT('PinHeader_1x03_P2.00mm_Vertical',
  'PinHeader_1x03_P2.00mm_Vertical','',(#859));
#859 = PRODUCT_CONTEXT('',#2,'mechanical');
#860 = PRODUCT_DEFINITION_CONTEXT('part definition',#2,'design');
#861 = ADVANCED_BREP_SHAPE_REPRESENTATION('',(#11,#862),#2968);
#862 = MANIFOLD_SOLID_BREP('',#863);
#863 = CLOSED_SHELL('',(#864,#904,#935,#966,#1213,#1460,#1477,#1494,
    #1511,#1528,#1545,#1562,#1579,#1596,#1613,#1630,#1647,#1664,#1681,
    #1698,#1715,#1732,#1744,#1775,#1799,#1823,#1840,#1871,#1895,#1919,
    #1936,#1967,#1991,#2015,#2032,#2063,#2087,#2111,#2128,#2159,#2183,
    #2207,#2224,#2255,#2279,#2303,#2320,#2351,#2375,#2399,#2416,#2447,
    #2471,#2495,#2512,#2543,#2567,#2591,#2608,#2639,#2663,#2687,#2704,
    #2735,#2759,#2783,#2800,#2831,#2855,#2879,#2896,#2908,#2920,#2932,
    #2944,#2956));
#864 = ADVANCED_FACE('',(#865),#899,.F.);
#865 = FACE_BOUND('',#866,.F.);
#866 = EDGE_LOOP('',(#867,#877,#885,#893));
#867 = ORIENTED_EDGE('',*,*,#868,.T.);
#868 = EDGE_CURVE('',#869,#871,#873,.T.);
#869 = VERTEX_POINT('',#870);
#870 = CARTESIAN_POINT('',(-0.8,1.,0.));
#871 = VERTEX_POINT('',#872);
#872 = CARTESIAN_POINT('',(-0.8,1.,2.));
#873 = LINE('',#874,#875);
#874 = CARTESIAN_POINT('',(-0.8,1.,0.));
#875 = VECTOR('',#876,1.);
#876 = DIRECTION('',(0.,0.,1.));
#877 = ORIENTED_EDGE('',*,*,#878,.T.);
#878 = EDGE_CURVE('',#871,#879,#881,.T.);
#879 = VERTEX_POINT('',#880);
#880 = CARTESIAN_POINT('',(-1.,0.8,2.));
#881 = LINE('',#882,#883);
#882 = CARTESIAN_POINT('',(-0.8,1.,2.));
#883 = VECTOR('',#884,1.);
#884 = DIRECTION('',(-0.707106781187,-0.707106781187,0.));
#885 = ORIENTED_EDGE('',*,*,#886,.F.);
#886 = EDGE_CURVE('',#887,#879,#889,.T.);
#887 = VERTEX_POINT('',#888);
#888 = CARTESIAN_POINT('',(-1.,0.8,0.));
#889 = LINE('',#890,#891);
#890 = CARTESIAN_POINT('',(-1.,0.8,0.));
#891 = VECTOR('',#892,1.);
#892 = DIRECTION('',(0.,0.,1.));
#893 = ORIENTED_EDGE('',*,*,#894,.F.);
#894 = EDGE_CURVE('',#869,#887,#895,.T.);
#895 = LINE('',#896,#897);
#896 = CARTESIAN_POINT('',(-0.8,1.,0.));
#897 = VECTOR('',#898,1.);
#898 = DIRECTION('',(-0.707106781187,-0.707106781187,0.));
#899 = PLANE('',#900);
#900 = AXIS2_PLACEMENT_3D('',#901,#902,#903);
#901 = CARTESIAN_POINT('',(-0.8,1.,0.));
#902 = DIRECTION('',(0.707106781187,-0.707106781187,0.));
#903 = DIRECTION('',(-0.707106781187,-0.707106781187,0.));
#904 = ADVANCED_FACE('',(#905),#930,.F.);
#905 = FACE_BOUND('',#906,.F.);
#906 = EDGE_LOOP('',(#907,#917,#923,#924));
#907 = ORIENTED_EDGE('',*,*,#908,.T.);
#908 = EDGE_CURVE('',#909,#911,#913,.T.);
#909 = VERTEX_POINT('',#910);
#910 = CARTESIAN_POINT('',(0.8,1.,0.));
#911 = VERTEX_POINT('',#912);
#912 = CARTESIAN_POINT('',(0.8,1.,2.));
#913 = LINE('',#914,#915);
#914 = CARTESIAN_POINT('',(0.8,1.,0.));
#915 = VECTOR('',#916,1.);
#916 = DIRECTION('',(0.,0.,1.));
#917 = ORIENTED_EDGE('',*,*,#918,.T.);
#918 = EDGE_CURVE('',#911,#871,#919,.T.);
#919 = LINE('',#920,#921);
#920 = CARTESIAN_POINT('',(0.8,1.,2.));
#921 = VECTOR('',#922,1.);
#922 = DIRECTION('',(-1.,1.387778780781E-16,0.));
#923 = ORIENTED_EDGE('',*,*,#868,.F.);
#924 = ORIENTED_EDGE('',*,*,#925,.F.);
#925 = EDGE_CURVE('',#909,#869,#926,.T.);
#926 = LINE('',#927,#928);
#927 = CARTESIAN_POINT('',(0.8,1.,0.));
#928 = VECTOR('',#929,1.);
#929 = DIRECTION('',(-1.,1.387778780781E-16,0.));
#930 = PLANE('',#931);
#931 = AXIS2_PLACEMENT_3D('',#932,#933,#934);
#932 = CARTESIAN_POINT('',(0.8,1.,0.));
#933 = DIRECTION('',(-1.387778780781E-16,-1.,0.));
#934 = DIRECTION('',(-1.,1.387778780781E-16,0.));
#935 = ADVANCED_FACE('',(#936),#961,.F.);
#936 = FACE_BOUND('',#937,.F.);
#937 = EDGE_LOOP('',(#938,#939,#947,#955));
#938 = ORIENTED_EDGE('',*,*,#886,.T.);
#939 = ORIENTED_EDGE('',*,*,#940,.T.);
#940 = EDGE_CURVE('',#879,#941,#943,.T.);
#941 = VERTEX_POINT('',#942);
#942 = CARTESIAN_POINT('',(-1.,-0.8,2.));
#943 = LINE('',#944,#945);
#944 = CARTESIAN_POINT('',(-1.,0.8,2.));
#945 = VECTOR('',#946,1.);
#946 = DIRECTION('',(0.,-1.,0.));
#947 = ORIENTED_EDGE('',*,*,#948,.F.);
#948 = EDGE_CURVE('',#949,#941,#951,.T.);
#949 = VERTEX_POINT('',#950);
#950 = CARTESIAN_POINT('',(-1.,-0.8,0.));
#951 = LINE('',#952,#953);
#952 = CARTESIAN_POINT('',(-1.,-0.8,0.));
#953 = VECTOR('',#954,1.);
#954 = DIRECTION('',(0.,0.,1.));
#955 = ORIENTED_EDGE('',*,*,#956,.F.);
#956 = EDGE_CURVE('',#887,#949,#957,.T.);
#957 = LINE('',#958,#959);
#958 = CARTESIAN_POINT('',(-1.,0.8,0.));
#959 = VECTOR('',#960,1.);
#960 = DIRECTION('',(0.,-1.,0.));
#961 = PLANE('',#962);
#962 = AXIS2_PLACEMENT_3D('',#963,#964,#965);
#963 = CARTESIAN_POINT('',(-1.,0.8,0.));
#964 = DIRECTION('',(1.,0.,0.));
#965 = DIRECTION('',(0.,-1.,0.));
#966 = ADVANCED_FACE('',(#967,#1106,#1140,#1174),#1208,.F.);
#967 = FACE_BOUND('',#968,.F.);
#968 = EDGE_LOOP('',(#969,#970,#971,#979,#987,#995,#1003,#1011,#1019,
    #1027,#1035,#1043,#1051,#1059,#1067,#1075,#1083,#1091,#1099,#1105));
#969 = ORIENTED_EDGE('',*,*,#894,.T.);
#970 = ORIENTED_EDGE('',*,*,#956,.T.);
#971 = ORIENTED_EDGE('',*,*,#972,.T.);
#972 = EDGE_CURVE('',#949,#973,#975,.T.);
#973 = VERTEX_POINT('',#974);
#974 = CARTESIAN_POINT('',(-0.8,-1.,0.));
#975 = LINE('',#976,#977);
#976 = CARTESIAN_POINT('',(-1.,-0.8,0.));
#977 = VECTOR('',#978,1.);
#978 = DIRECTION('',(0.707106781187,-0.707106781187,0.));
#979 = ORIENTED_EDGE('',*,*,#980,.T.);
#980 = EDGE_CURVE('',#973,#981,#983,.T.);
#981 = VERTEX_POINT('',#982);
#982 = CARTESIAN_POINT('',(-1.,-1.2,0.));
#983 = LINE('',#984,#985);
#984 = CARTESIAN_POINT('',(-0.8,-1.,0.));
#985 = VECTOR('',#986,1.);
#986 = DIRECTION('',(-0.707106781187,-0.707106781187,0.));
#987 = ORIENTED_EDGE('',*,*,#988,.T.);
#988 = EDGE_CURVE('',#981,#989,#991,.T.);
#989 = VERTEX_POINT('',#990);
#990 = CARTESIAN_POINT('',(-1.,-2.8,0.));
#991 = LINE('',#992,#993);
#992 = CARTESIAN_POINT('',(-1.,-1.2,0.));
#993 = VECTOR('',#994,1.);
#994 = DIRECTION('',(0.,-1.,0.));
#995 = ORIENTED_EDGE('',*,*,#996,.T.);
#996 = EDGE_CURVE('',#989,#997,#999,.T.);
#997 = VERTEX_POINT('',#998);
#998 = CARTESIAN_POINT('',(-0.8,-3.,0.));
#999 = LINE('',#1000,#1001);
#1000 = CARTESIAN_POINT('',(-1.,-2.8,0.));
#1001 = VECTOR('',#1002,1.);
#1002 = DIRECTION('',(0.707106781187,-0.707106781187,0.));
#1003 = ORIENTED_EDGE('',*,*,#1004,.T.);
#1004 = EDGE_CURVE('',#997,#1005,#1007,.T.);
#1005 = VERTEX_POINT('',#1006);
#1006 = CARTESIAN_POINT('',(-1.,-3.2,0.));
#1007 = LINE('',#1008,#1009);
#1008 = CARTESIAN_POINT('',(-0.8,-3.,0.));
#1009 = VECTOR('',#1010,1.);
#1010 = DIRECTION('',(-0.707106781187,-0.707106781187,0.));
#1011 = ORIENTED_EDGE('',*,*,#1012,.T.);
#1012 = EDGE_CURVE('',#1005,#1013,#1015,.T.);
#1013 = VERTEX_POINT('',#1014);
#1014 = CARTESIAN_POINT('',(-1.,-4.8,0.));
#1015 = LINE('',#1016,#1017);
#1016 = CARTESIAN_POINT('',(-1.,-3.2,0.));
#1017 = VECTOR('',#1018,1.);
#1018 = DIRECTION('',(0.,-1.,0.));
#1019 = ORIENTED_EDGE('',*,*,#1020,.T.);
#1020 = EDGE_CURVE('',#1013,#1021,#1023,.T.);
#1021 = VERTEX_POINT('',#1022);
#1022 = CARTESIAN_POINT('',(-0.8,-5.,0.));
#1023 = LINE('',#1024,#1025);
#1024 = CARTESIAN_POINT('',(-1.,-4.8,0.));
#1025 = VECTOR('',#1026,1.);
#1026 = DIRECTION('',(0.707106781187,-0.707106781187,0.));
#1027 = ORIENTED_EDGE('',*,*,#1028,.T.);
#1028 = EDGE_CURVE('',#1021,#1029,#1031,.T.);
#1029 = VERTEX_POINT('',#1030);
#1030 = CARTESIAN_POINT('',(0.8,-5.,0.));
#1031 = LINE('',#1032,#1033);
#1032 = CARTESIAN_POINT('',(-0.8,-5.,0.));
#1033 = VECTOR('',#1034,1.);
#1034 = DIRECTION('',(1.,0.,0.));
#1035 = ORIENTED_EDGE('',*,*,#1036,.T.);
#1036 = EDGE_CURVE('',#1029,#1037,#1039,.T.);
#1037 = VERTEX_POINT('',#1038);
#1038 = CARTESIAN_POINT('',(1.,-4.8,0.));
#1039 = LINE('',#1040,#1041);
#1040 = CARTESIAN_POINT('',(0.8,-5.,0.));
#1041 = VECTOR('',#1042,1.);
#1042 = DIRECTION('',(0.707106781187,0.707106781187,0.));
#1043 = ORIENTED_EDGE('',*,*,#1044,.T.);
#1044 = EDGE_CURVE('',#1037,#1045,#1047,.T.);
#1045 = VERTEX_POINT('',#1046);
#1046 = CARTESIAN_POINT('',(1.,-3.2,0.));
#1047 = LINE('',#1048,#1049);
#1048 = CARTESIAN_POINT('',(1.,-4.8,0.));
#1049 = VECTOR('',#1050,1.);
#1050 = DIRECTION('',(0.,1.,0.));
#1051 = ORIENTED_EDGE('',*,*,#1052,.T.);
#1052 = EDGE_CURVE('',#1045,#1053,#1055,.T.);
#1053 = VERTEX_POINT('',#1054);
#1054 = CARTESIAN_POINT('',(0.8,-3.,0.));
#1055 = LINE('',#1056,#1057);
#1056 = CARTESIAN_POINT('',(1.,-3.2,0.));
#1057 = VECTOR('',#1058,1.);
#1058 = DIRECTION('',(-0.707106781187,0.707106781187,0.));
#1059 = ORIENTED_EDGE('',*,*,#1060,.T.);
#1060 = EDGE_CURVE('',#1053,#1061,#1063,.T.);
#1061 = VERTEX_POINT('',#1062);
#1062 = CARTESIAN_POINT('',(1.,-2.8,0.));
#1063 = LINE('',#1064,#1065);
#1064 = CARTESIAN_POINT('',(0.8,-3.,0.));
#1065 = VECTOR('',#1066,1.);
#1066 = DIRECTION('',(0.707106781187,0.707106781187,0.));
#1067 = ORIENTED_EDGE('',*,*,#1068,.T.);
#1068 = EDGE_CURVE('',#1061,#1069,#1071,.T.);
#1069 = VERTEX_POINT('',#1070);
#1070 = CARTESIAN_POINT('',(1.,-1.2,0.));
#1071 = LINE('',#1072,#1073);
#1072 = CARTESIAN_POINT('',(1.,-2.8,0.));
#1073 = VECTOR('',#1074,1.);
#1074 = DIRECTION('',(0.,1.,0.));
#1075 = ORIENTED_EDGE('',*,*,#1076,.T.);
#1076 = EDGE_CURVE('',#1069,#1077,#1079,.T.);
#1077 = VERTEX_POINT('',#1078);
#1078 = CARTESIAN_POINT('',(0.8,-1.,0.));
#1079 = LINE('',#1080,#1081);
#1080 = CARTESIAN_POINT('',(1.,-1.2,0.));
#1081 = VECTOR('',#1082,1.);
#1082 = DIRECTION('',(-0.707106781187,0.707106781187,0.));
#1083 = ORIENTED_EDGE('',*,*,#1084,.T.);
#1084 = EDGE_CURVE('',#1077,#1085,#1087,.T.);
#1085 = VERTEX_POINT('',#1086);
#1086 = CARTESIAN_POINT('',(1.,-0.8,0.));
#1087 = LINE('',#1088,#1089);
#1088 = CARTESIAN_POINT('',(0.8,-1.,0.));
#1089 = VECTOR('',#1090,1.);
#1090 = DIRECTION('',(0.707106781187,0.707106781187,0.));
#1091 = ORIENTED_EDGE('',*,*,#1092,.T.);
#1092 = EDGE_CURVE('',#1085,#1093,#1095,.T.);
#1093 = VERTEX_POINT('',#1094);
#1094 = CARTESIAN_POINT('',(1.,0.8,0.));
#1095 = LINE('',#1096,#1097);
#1096 = CARTESIAN_POINT('',(1.,-0.8,0.));
#1097 = VECTOR('',#1098,1.);
#1098 = DIRECTION('',(0.,1.,0.));
#1099 = ORIENTED_EDGE('',*,*,#1100,.T.);
#1100 = EDGE_CURVE('',#1093,#909,#1101,.T.);
#1101 = LINE('',#1102,#1103);
#1102 = CARTESIAN_POINT('',(1.,0.8,0.));
#1103 = VECTOR('',#1104,1.);
#1104 = DIRECTION('',(-0.707106781187,0.707106781187,0.));
#1105 = ORIENTED_EDGE('',*,*,#925,.T.);
#1106 = FACE_BOUND('',#1107,.F.);
#1107 = EDGE_LOOP('',(#1108,#1118,#1126,#1134));
#1108 = ORIENTED_EDGE('',*,*,#1109,.F.);
#1109 = EDGE_CURVE('',#1110,#1112,#1114,.T.);
#1110 = VERTEX_POINT('',#1111);
#1111 = CARTESIAN_POINT('',(0.25,-0.25,0.));
#1112 = VERTEX_POINT('',#1113);
#1113 = CARTESIAN_POINT('',(0.25,0.25,0.));
#1114 = LINE('',#1115,#1116);
#1115 = CARTESIAN_POINT('',(0.25,-1.125,0.));
#1116 = VECTOR('',#1117,1.);
#1117 = DIRECTION('',(0.,1.,0.));
#1118 = ORIENTED_EDGE('',*,*,#1119,.T.);
#1119 = EDGE_CURVE('',#1110,#1120,#1122,.T.);
#1120 = VERTEX_POINT('',#1121);
#1121 = CARTESIAN_POINT('',(-0.25,-0.25,0.));
#1122 = LINE('',#1123,#1124);
#1123 = CARTESIAN_POINT('',(-0.125,-0.25,0.));
#1124 = VECTOR('',#1125,1.);
#1125 = DIRECTION('',(-1.,0.,0.));
#1126 = ORIENTED_EDGE('',*,*,#1127,.T.);
#1127 = EDGE_CURVE('',#1120,#1128,#1130,.T.);
#1128 = VERTEX_POINT('',#1129);
#1129 = CARTESIAN_POINT('',(-0.25,0.25,0.));
#1130 = LINE('',#1131,#1132);
#1131 = CARTESIAN_POINT('',(-0.25,-1.125,0.));
#1132 = VECTOR('',#1133,1.);
#1133 = DIRECTION('',(0.,1.,0.));
#1134 = ORIENTED_EDGE('',*,*,#1135,.F.);
#1135 = EDGE_CURVE('',#1112,#1128,#1136,.T.);
#1136 = LINE('',#1137,#1138);
#1137 = CARTESIAN_POINT('',(-0.125,0.25,0.));
#1138 = VECTOR('',#1139,1.);
#1139 = DIRECTION('',(-1.,0.,0.));
#1140 = FACE_BOUND('',#1141,.F.);
#1141 = EDGE_LOOP('',(#1142,#1152,#1160,#1168));
#1142 = ORIENTED_EDGE('',*,*,#1143,.T.);
#1143 = EDGE_CURVE('',#1144,#1146,#1148,.T.);
#1144 = VERTEX_POINT('',#1145);
#1145 = CARTESIAN_POINT('',(0.25,-2.25,0.));
#1146 = VERTEX_POINT('',#1147);
#1147 = CARTESIAN_POINT('',(-0.25,-2.25,0.));
#1148 = LINE('',#1149,#1150);
#1149 = CARTESIAN_POINT('',(-0.125,-2.25,0.));
#1150 = VECTOR('',#1151,1.);
#1151 = DIRECTION('',(-1.,0.,0.));
#1152 = ORIENTED_EDGE('',*,*,#1153,.T.);
#1153 = EDGE_CURVE('',#1146,#1154,#1156,.T.);
#1154 = VERTEX_POINT('',#1155);
#1155 = CARTESIAN_POINT('',(-0.25,-1.75,0.));
#1156 = LINE('',#1157,#1158);
#1157 = CARTESIAN_POINT('',(-0.25,-2.125,0.));
#1158 = VECTOR('',#1159,1.);
#1159 = DIRECTION('',(0.,1.,0.));
#1160 = ORIENTED_EDGE('',*,*,#1161,.F.);
#1161 = EDGE_CURVE('',#1162,#1154,#1164,.T.);
#1162 = VERTEX_POINT('',#1163);
#1163 = CARTESIAN_POINT('',(0.25,-1.75,0.));
#1164 = LINE('',#1165,#1166);
#1165 = CARTESIAN_POINT('',(-0.125,-1.75,0.));
#1166 = VECTOR('',#1167,1.);
#1167 = DIRECTION('',(-1.,0.,0.));
#1168 = ORIENTED_EDGE('',*,*,#1169,.F.);
#1169 = EDGE_CURVE('',#1144,#1162,#1170,.T.);
#1170 = LINE('',#1171,#1172);
#1171 = CARTESIAN_POINT('',(0.25,-2.125,0.));
#1172 = VECTOR('',#1173,1.);
#1173 = DIRECTION('',(0.,1.,0.));
#1174 = FACE_BOUND('',#1175,.F.);
#1175 = EDGE_LOOP('',(#1176,#1186,#1194,#1202));
#1176 = ORIENTED_EDGE('',*,*,#1177,.F.);
#1177 = EDGE_CURVE('',#1178,#1180,#1182,.T.);
#1178 = VERTEX_POINT('',#1179);
#1179 = CARTESIAN_POINT('',(0.25,-3.75,0.));
#1180 = VERTEX_POINT('',#1181);
#1181 = CARTESIAN_POINT('',(-0.25,-3.75,0.));
#1182 = LINE('',#1183,#1184);
#1183 = CARTESIAN_POINT('',(-0.125,-3.75,0.));
#1184 = VECTOR('',#1185,1.);
#1185 = DIRECTION('',(-1.,0.,0.));
#1186 = ORIENTED_EDGE('',*,*,#1187,.F.);
#1187 = EDGE_CURVE('',#1188,#1178,#1190,.T.);
#1188 = VERTEX_POINT('',#1189);
#1189 = CARTESIAN_POINT('',(0.25,-4.25,0.));
#1190 = LINE('',#1191,#1192);
#1191 = CARTESIAN_POINT('',(0.25,-3.125,0.));
#1192 = VECTOR('',#1193,1.);
#1193 = DIRECTION('',(0.,1.,0.));
#1194 = ORIENTED_EDGE('',*,*,#1195,.T.);
#1195 = EDGE_CURVE('',#1188,#1196,#1198,.T.);
#1196 = VERTEX_POINT('',#1197);
#1197 = CARTESIAN_POINT('',(-0.25,-4.25,0.));
#1198 = LINE('',#1199,#1200);
#1199 = CARTESIAN_POINT('',(-0.125,-4.25,0.));
#1200 = VECTOR('',#1201,1.);
#1201 = DIRECTION('',(-1.,0.,0.));
#1202 = ORIENTED_EDGE('',*,*,#1203,.T.);
#1203 = EDGE_CURVE('',#1196,#1180,#1204,.T.);
#1204 = LINE('',#1205,#1206);
#1205 = CARTESIAN_POINT('',(-0.25,-3.125,0.));
#1206 = VECTOR('',#1207,1.);
#1207 = DIRECTION('',(0.,1.,0.));
#1208 = PLANE('',#1209);
#1209 = AXIS2_PLACEMENT_3D('',#1210,#1211,#1212);
#1210 = CARTESIAN_POINT('',(0.,-2.,0.));
#1211 = DIRECTION('',(0.,0.,1.));
#1212 = DIRECTION('',(1.,0.,-0.));
#1213 = ADVANCED_FACE('',(#1214,#1353,#1387,#1421),#1455,.T.);
#1214 = FACE_BOUND('',#1215,.T.);
#1215 = EDGE_LOOP('',(#1216,#1217,#1218,#1226,#1234,#1242,#1250,#1258,
    #1266,#1274,#1282,#1290,#1298,#1306,#1314,#1322,#1330,#1338,#1346,
    #1352));
#1216 = ORIENTED_EDGE('',*,*,#878,.T.);
#1217 = ORIENTED_EDGE('',*,*,#940,.T.);
#1218 = ORIENTED_EDGE('',*,*,#1219,.T.);
#1219 = EDGE_CURVE('',#941,#1220,#1222,.T.);
#1220 = VERTEX_POINT('',#1221);
#1221 = CARTESIAN_POINT('',(-0.8,-1.,2.));
#1222 = LINE('',#1223,#1224);
#1223 = CARTESIAN_POINT('',(-1.,-0.8,2.));
#1224 = VECTOR('',#1225,1.);
#1225 = DIRECTION('',(0.707106781187,-0.707106781187,0.));
#1226 = ORIENTED_EDGE('',*,*,#1227,.T.);
#1227 = EDGE_CURVE('',#1220,#1228,#1230,.T.);
#1228 = VERTEX_POINT('',#1229);
#1229 = CARTESIAN_POINT('',(-1.,-1.2,2.));
#1230 = LINE('',#1231,#1232);
#1231 = CARTESIAN_POINT('',(-0.8,-1.,2.));
#1232 = VECTOR('',#1233,1.);
#1233 = DIRECTION('',(-0.707106781187,-0.707106781187,0.));
#1234 = ORIENTED_EDGE('',*,*,#1235,.T.);
#1235 = EDGE_CURVE('',#1228,#1236,#1238,.T.);
#1236 = VERTEX_POINT('',#1237);
#1237 = CARTESIAN_POINT('',(-1.,-2.8,2.));
#1238 = LINE('',#1239,#1240);
#1239 = CARTESIAN_POINT('',(-1.,-1.2,2.));
#1240 = VECTOR('',#1241,1.);
#1241 = DIRECTION('',(0.,-1.,0.));
#1242 = ORIENTED_EDGE('',*,*,#1243,.T.);
#1243 = EDGE_CURVE('',#1236,#1244,#1246,.T.);
#1244 = VERTEX_POINT('',#1245);
#1245 = CARTESIAN_POINT('',(-0.8,-3.,2.));
#1246 = LINE('',#1247,#1248);
#1247 = CARTESIAN_POINT('',(-1.,-2.8,2.));
#1248 = VECTOR('',#1249,1.);
#1249 = DIRECTION('',(0.707106781187,-0.707106781187,0.));
#1250 = ORIENTED_EDGE('',*,*,#1251,.T.);
#1251 = EDGE_CURVE('',#1244,#1252,#1254,.T.);
#1252 = VERTEX_POINT('',#1253);
#1253 = CARTESIAN_POINT('',(-1.,-3.2,2.));
#1254 = LINE('',#1255,#1256);
#1255 = CARTESIAN_POINT('',(-0.8,-3.,2.));
#1256 = VECTOR('',#1257,1.);
#1257 = DIRECTION('',(-0.707106781187,-0.707106781187,0.));
#1258 = ORIENTED_EDGE('',*,*,#1259,.T.);
#1259 = EDGE_CURVE('',#1252,#1260,#1262,.T.);
#1260 = VERTEX_POINT('',#1261);
#1261 = CARTESIAN_POINT('',(-1.,-4.8,2.));
#1262 = LINE('',#1263,#1264);
#1263 = CARTESIAN_POINT('',(-1.,-3.2,2.));
#1264 = VECTOR('',#1265,1.);
#1265 = DIRECTION('',(0.,-1.,0.));
#1266 = ORIENTED_EDGE('',*,*,#1267,.T.);
#1267 = EDGE_CURVE('',#1260,#1268,#1270,.T.);
#1268 = VERTEX_POINT('',#1269);
#1269 = CARTESIAN_POINT('',(-0.8,-5.,2.));
#1270 = LINE('',#1271,#1272);
#1271 = CARTESIAN_POINT('',(-1.,-4.8,2.));
#1272 = VECTOR('',#1273,1.);
#1273 = DIRECTION('',(0.707106781187,-0.707106781187,0.));
#1274 = ORIENTED_EDGE('',*,*,#1275,.T.);
#1275 = EDGE_CURVE('',#1268,#1276,#1278,.T.);
#1276 = VERTEX_POINT('',#1277);
#1277 = CARTESIAN_POINT('',(0.8,-5.,2.));
#1278 = LINE('',#1279,#1280);
#1279 = CARTESIAN_POINT('',(-0.8,-5.,2.));
#1280 = VECTOR('',#1281,1.);
#1281 = DIRECTION('',(1.,0.,0.));
#1282 = ORIENTED_EDGE('',*,*,#1283,.T.);
#1283 = EDGE_CURVE('',#1276,#1284,#1286,.T.);
#1284 = VERTEX_POINT('',#1285);
#1285 = CARTESIAN_POINT('',(1.,-4.8,2.));
#1286 = LINE('',#1287,#1288);
#1287 = CARTESIAN_POINT('',(0.8,-5.,2.));
#1288 = VECTOR('',#1289,1.);
#1289 = DIRECTION('',(0.707106781187,0.707106781187,0.));
#1290 = ORIENTED_EDGE('',*,*,#1291,.T.);
#1291 = EDGE_CURVE('',#1284,#1292,#1294,.T.);
#1292 = VERTEX_POINT('',#1293);
#1293 = CARTESIAN_POINT('',(1.,-3.2,2.));
#1294 = LINE('',#1295,#1296);
#1295 = CARTESIAN_POINT('',(1.,-4.8,2.));
#1296 = VECTOR('',#1297,1.);
#1297 = DIRECTION('',(0.,1.,0.));
#1298 = ORIENTED_EDGE('',*,*,#1299,.T.);
#1299 = EDGE_CURVE('',#1292,#1300,#1302,.T.);
#1300 = VERTEX_POINT('',#1301);
#1301 = CARTESIAN_POINT('',(0.8,-3.,2.));
#1302 = LINE('',#1303,#1304);
#1303 = CARTESIAN_POINT('',(1.,-3.2,2.));
#1304 = VECTOR('',#1305,1.);
#1305 = DIRECTION('',(-0.707106781187,0.707106781187,0.));
#1306 = ORIENTED_EDGE('',*,*,#1307,.T.);
#1307 = EDGE_CURVE('',#1300,#1308,#1310,.T.);
#1308 = VERTEX_POINT('',#1309);
#1309 = CARTESIAN_POINT('',(1.,-2.8,2.));
#1310 = LINE('',#1311,#1312);
#1311 = CARTESIAN_POINT('',(0.8,-3.,2.));
#1312 = VECTOR('',#1313,1.);
#1313 = DIRECTION('',(0.707106781187,0.707106781187,0.));
#1314 = ORIENTED_EDGE('',*,*,#1315,.T.);
#1315 = EDGE_CURVE('',#1308,#1316,#1318,.T.);
#1316 = VERTEX_POINT('',#1317);
#1317 = CARTESIAN_POINT('',(1.,-1.2,2.));
#1318 = LINE('',#1319,#1320);
#1319 = CARTESIAN_POINT('',(1.,-2.8,2.));
#1320 = VECTOR('',#1321,1.);
#1321 = DIRECTION('',(0.,1.,0.));
#1322 = ORIENTED_EDGE('',*,*,#1323,.T.);
#1323 = EDGE_CURVE('',#1316,#1324,#1326,.T.);
#1324 = VERTEX_POINT('',#1325);
#1325 = CARTESIAN_POINT('',(0.8,-1.,2.));
#1326 = LINE('',#1327,#1328);
#1327 = CARTESIAN_POINT('',(1.,-1.2,2.));
#1328 = VECTOR('',#1329,1.);
#1329 = DIRECTION('',(-0.707106781187,0.707106781187,0.));
#1330 = ORIENTED_EDGE('',*,*,#1331,.T.);
#1331 = EDGE_CURVE('',#1324,#1332,#1334,.T.);
#1332 = VERTEX_POINT('',#1333);
#1333 = CARTESIAN_POINT('',(1.,-0.8,2.));
#1334 = LINE('',#1335,#1336);
#1335 = CARTESIAN_POINT('',(0.8,-1.,2.));
#1336 = VECTOR('',#1337,1.);
#1337 = DIRECTION('',(0.707106781187,0.707106781187,0.));
#1338 = ORIENTED_EDGE('',*,*,#1339,.T.);
#1339 = EDGE_CURVE('',#1332,#1340,#1342,.T.);
#1340 = VERTEX_POINT('',#1341);
#1341 = CARTESIAN_POINT('',(1.,0.8,2.));
#1342 = LINE('',#1343,#1344);
#1343 = CARTESIAN_POINT('',(1.,-0.8,2.));
#1344 = VECTOR('',#1345,1.);
#1345 = DIRECTION('',(0.,1.,0.));
#1346 = ORIENTED_EDGE('',*,*,#1347,.T.);
#1347 = EDGE_CURVE('',#1340,#911,#1348,.T.);
#1348 = LINE('',#1349,#1350);
#1349 = CARTESIAN_POINT('',(1.,0.8,2.));
#1350 = VECTOR('',#1351,1.);
#1351 = DIRECTION('',(-0.707106781187,0.707106781187,0.));
#1352 = ORIENTED_EDGE('',*,*,#918,.T.);
#1353 = FACE_BOUND('',#1354,.T.);
#1354 = EDGE_LOOP('',(#1355,#1365,#1373,#1381));
#1355 = ORIENTED_EDGE('',*,*,#1356,.F.);
#1356 = EDGE_CURVE('',#1357,#1359,#1361,.T.);
#1357 = VERTEX_POINT('',#1358);
#1358 = CARTESIAN_POINT('',(0.25,-0.25,2.));
#1359 = VERTEX_POINT('',#1360);
#1360 = CARTESIAN_POINT('',(0.25,0.25,2.));
#1361 = LINE('',#1362,#1363);
#1362 = CARTESIAN_POINT('',(0.25,-1.125,2.));
#1363 = VECTOR('',#1364,1.);
#1364 = DIRECTION('',(0.,1.,0.));
#1365 = ORIENTED_EDGE('',*,*,#1366,.T.);
#1366 = EDGE_CURVE('',#1357,#1367,#1369,.T.);
#1367 = VERTEX_POINT('',#1368);
#1368 = CARTESIAN_POINT('',(-0.25,-0.25,2.));
#1369 = LINE('',#1370,#1371);
#1370 = CARTESIAN_POINT('',(-0.125,-0.25,2.));
#1371 = VECTOR('',#1372,1.);
#1372 = DIRECTION('',(-1.,0.,0.));
#1373 = ORIENTED_EDGE('',*,*,#1374,.T.);
#1374 = EDGE_CURVE('',#1367,#1375,#1377,.T.);
#1375 = VERTEX_POINT('',#1376);
#1376 = CARTESIAN_POINT('',(-0.25,0.25,2.));
#1377 = LINE('',#1378,#1379);
#1378 = CARTESIAN_POINT('',(-0.25,-1.125,2.));
#1379 = VECTOR('',#1380,1.);
#1380 = DIRECTION('',(0.,1.,0.));
#1381 = ORIENTED_EDGE('',*,*,#1382,.F.);
#1382 = EDGE_CURVE('',#1359,#1375,#1383,.T.);
#1383 = LINE('',#1384,#1385);
#1384 = CARTESIAN_POINT('',(-0.125,0.25,2.));
#1385 = VECTOR('',#1386,1.);
#1386 = DIRECTION('',(-1.,0.,0.));
#1387 = FACE_BOUND('',#1388,.T.);
#1388 = EDGE_LOOP('',(#1389,#1399,#1407,#1415));
#1389 = ORIENTED_EDGE('',*,*,#1390,.T.);
#1390 = EDGE_CURVE('',#1391,#1393,#1395,.T.);
#1391 = VERTEX_POINT('',#1392);
#1392 = CARTESIAN_POINT('',(0.25,-2.25,2.));
#1393 = VERTEX_POINT('',#1394);
#1394 = CARTESIAN_POINT('',(-0.25,-2.25,2.));
#1395 = LINE('',#1396,#1397);
#1396 = CARTESIAN_POINT('',(-0.125,-2.25,2.));
#1397 = VECTOR('',#1398,1.);
#1398 = DIRECTION('',(-1.,0.,0.));
#1399 = ORIENTED_EDGE('',*,*,#1400,.T.);
#1400 = EDGE_CURVE('',#1393,#1401,#1403,.T.);
#1401 = VERTEX_POINT('',#1402);
#1402 = CARTESIAN_POINT('',(-0.25,-1.75,2.));
#1403 = LINE('',#1404,#1405);
#1404 = CARTESIAN_POINT('',(-0.25,-2.125,2.));
#1405 = VECTOR('',#1406,1.);
#1406 = DIRECTION('',(0.,1.,0.));
#1407 = ORIENTED_EDGE('',*,*,#1408,.F.);
#1408 = EDGE_CURVE('',#1409,#1401,#1411,.T.);
#1409 = VERTEX_POINT('',#1410);
#1410 = CARTESIAN_POINT('',(0.25,-1.75,2.));
#1411 = LINE('',#1412,#1413);
#1412 = CARTESIAN_POINT('',(-0.125,-1.75,2.));
#1413 = VECTOR('',#1414,1.);
#1414 = DIRECTION('',(-1.,0.,0.));
#1415 = ORIENTED_EDGE('',*,*,#1416,.F.);
#1416 = EDGE_CURVE('',#1391,#1409,#1417,.T.);
#1417 = LINE('',#1418,#1419);
#1418 = CARTESIAN_POINT('',(0.25,-2.125,2.));
#1419 = VECTOR('',#1420,1.);
#1420 = DIRECTION('',(0.,1.,0.));
#1421 = FACE_BOUND('',#1422,.T.);
#1422 = EDGE_LOOP('',(#1423,#1433,#1441,#1449));
#1423 = ORIENTED_EDGE('',*,*,#1424,.F.);
#1424 = EDGE_CURVE('',#1425,#1427,#1429,.T.);
#1425 = VERTEX_POINT('',#1426);
#1426 = CARTESIAN_POINT('',(0.25,-3.75,2.));
#1427 = VERTEX_POINT('',#1428);
#1428 = CARTESIAN_POINT('',(-0.25,-3.75,2.));
#1429 = LINE('',#1430,#1431);
#1430 = CARTESIAN_POINT('',(-0.125,-3.75,2.));
#1431 = VECTOR('',#1432,1.);
#1432 = DIRECTION('',(-1.,0.,0.));
#1433 = ORIENTED_EDGE('',*,*,#1434,.F.);
#1434 = EDGE_CURVE('',#1435,#1425,#1437,.T.);
#1435 = VERTEX_POINT('',#1436);
#1436 = CARTESIAN_POINT('',(0.25,-4.25,2.));
#1437 = LINE('',#1438,#1439);
#1438 = CARTESIAN_POINT('',(0.25,-3.125,2.));
#1439 = VECTOR('',#1440,1.);
#1440 = DIRECTION('',(0.,1.,0.));
#1441 = ORIENTED_EDGE('',*,*,#1442,.T.);
#1442 = EDGE_CURVE('',#1435,#1443,#1445,.T.);
#1443 = VERTEX_POINT('',#1444);
#1444 = CARTESIAN_POINT('',(-0.25,-4.25,2.));
#1445 = LINE('',#1446,#1447);
#1446 = CARTESIAN_POINT('',(-0.125,-4.25,2.));
#1447 = VECTOR('',#1448,1.);
#1448 = DIRECTION('',(-1.,0.,0.));
#1449 = ORIENTED_EDGE('',*,*,#1450,.T.);
#1450 = EDGE_CURVE('',#1443,#1427,#1451,.T.);
#1451 = LINE('',#1452,#1453);
#1452 = CARTESIAN_POINT('',(-0.25,-3.125,2.));
#1453 = VECTOR('',#1454,1.);
#1454 = DIRECTION('',(0.,1.,0.));
#1455 = PLANE('',#1456);
#1456 = AXIS2_PLACEMENT_3D('',#1457,#1458,#1459);
#1457 = CARTESIAN_POINT('',(0.,-2.,2.));
#1458 = DIRECTION('',(0.,0.,1.));
#1459 = DIRECTION('',(1.,0.,-0.));
#1460 = ADVANCED_FACE('',(#1461),#1472,.F.);
#1461 = FACE_BOUND('',#1462,.F.);
#1462 = EDGE_LOOP('',(#1463,#1469,#1470,#1471));
#1463 = ORIENTED_EDGE('',*,*,#1464,.T.);
#1464 = EDGE_CURVE('',#1093,#1340,#1465,.T.);
#1465 = LINE('',#1466,#1467);
#1466 = CARTESIAN_POINT('',(1.,0.8,0.));
#1467 = VECTOR('',#1468,1.);
#1468 = DIRECTION('',(0.,0.,1.));
#1469 = ORIENTED_EDGE('',*,*,#1347,.T.);
#1470 = ORIENTED_EDGE('',*,*,#908,.F.);
#1471 = ORIENTED_EDGE('',*,*,#1100,.F.);
#1472 = PLANE('',#1473);
#1473 = AXIS2_PLACEMENT_3D('',#1474,#1475,#1476);
#1474 = CARTESIAN_POINT('',(1.,0.8,0.));
#1475 = DIRECTION('',(-0.707106781187,-0.707106781187,0.));
#1476 = DIRECTION('',(-0.707106781187,0.707106781187,0.));
#1477 = ADVANCED_FACE('',(#1478),#1489,.F.);
#1478 = FACE_BOUND('',#1479,.F.);
#1479 = EDGE_LOOP('',(#1480,#1481,#1482,#1488));
#1480 = ORIENTED_EDGE('',*,*,#948,.T.);
#1481 = ORIENTED_EDGE('',*,*,#1219,.T.);
#1482 = ORIENTED_EDGE('',*,*,#1483,.F.);
#1483 = EDGE_CURVE('',#973,#1220,#1484,.T.);
#1484 = LINE('',#1485,#1486);
#1485 = CARTESIAN_POINT('',(-0.8,-1.,0.));
#1486 = VECTOR('',#1487,1.);
#1487 = DIRECTION('',(0.,0.,1.));
#1488 = ORIENTED_EDGE('',*,*,#972,.F.);
#1489 = PLANE('',#1490);
#1490 = AXIS2_PLACEMENT_3D('',#1491,#1492,#1493);
#1491 = CARTESIAN_POINT('',(-1.,-0.8,0.));
#1492 = DIRECTION('',(0.707106781187,0.707106781187,0.));
#1493 = DIRECTION('',(0.707106781187,-0.707106781187,0.));
#1494 = ADVANCED_FACE('',(#1495),#1506,.F.);
#1495 = FACE_BOUND('',#1496,.F.);
#1496 = EDGE_LOOP('',(#1497,#1503,#1504,#1505));
#1497 = ORIENTED_EDGE('',*,*,#1498,.T.);
#1498 = EDGE_CURVE('',#1085,#1332,#1499,.T.);
#1499 = LINE('',#1500,#1501);
#1500 = CARTESIAN_POINT('',(1.,-0.8,0.));
#1501 = VECTOR('',#1502,1.);
#1502 = DIRECTION('',(0.,0.,1.));
#1503 = ORIENTED_EDGE('',*,*,#1339,.T.);
#1504 = ORIENTED_EDGE('',*,*,#1464,.F.);
#1505 = ORIENTED_EDGE('',*,*,#1092,.F.);
#1506 = PLANE('',#1507);
#1507 = AXIS2_PLACEMENT_3D('',#1508,#1509,#1510);
#1508 = CARTESIAN_POINT('',(1.,-0.8,0.));
#1509 = DIRECTION('',(-1.,0.,0.));
#1510 = DIRECTION('',(0.,1.,0.));
#1511 = ADVANCED_FACE('',(#1512),#1523,.F.);
#1512 = FACE_BOUND('',#1513,.F.);
#1513 = EDGE_LOOP('',(#1514,#1515,#1516,#1522));
#1514 = ORIENTED_EDGE('',*,*,#1483,.T.);
#1515 = ORIENTED_EDGE('',*,*,#1227,.T.);
#1516 = ORIENTED_EDGE('',*,*,#1517,.F.);
#1517 = EDGE_CURVE('',#981,#1228,#1518,.T.);
#1518 = LINE('',#1519,#1520);
#1519 = CARTESIAN_POINT('',(-1.,-1.2,0.));
#1520 = VECTOR('',#1521,1.);
#1521 = DIRECTION('',(0.,0.,1.));
#1522 = ORIENTED_EDGE('',*,*,#980,.F.);
#1523 = PLANE('',#1524);
#1524 = AXIS2_PLACEMENT_3D('',#1525,#1526,#1527);
#1525 = CARTESIAN_POINT('',(-0.8,-1.,0.));
#1526 = DIRECTION('',(0.707106781187,-0.707106781187,0.));
#1527 = DIRECTION('',(-0.707106781187,-0.707106781187,0.));
#1528 = ADVANCED_FACE('',(#1529),#1540,.F.);
#1529 = FACE_BOUND('',#1530,.F.);
#1530 = EDGE_LOOP('',(#1531,#1537,#1538,#1539));
#1531 = ORIENTED_EDGE('',*,*,#1532,.T.);
#1532 = EDGE_CURVE('',#1077,#1324,#1533,.T.);
#1533 = LINE('',#1534,#1535);
#1534 = CARTESIAN_POINT('',(0.8,-1.,0.));
#1535 = VECTOR('',#1536,1.);
#1536 = DIRECTION('',(0.,0.,1.));
#1537 = ORIENTED_EDGE('',*,*,#1331,.T.);
#1538 = ORIENTED_EDGE('',*,*,#1498,.F.);
#1539 = ORIENTED_EDGE('',*,*,#1084,.F.);
#1540 = PLANE('',#1541);
#1541 = AXIS2_PLACEMENT_3D('',#1542,#1543,#1544);
#1542 = CARTESIAN_POINT('',(0.8,-1.,0.));
#1543 = DIRECTION('',(-0.707106781187,0.707106781187,0.));
#1544 = DIRECTION('',(0.707106781187,0.707106781187,0.));
#1545 = ADVANCED_FACE('',(#1546),#1557,.F.);
#1546 = FACE_BOUND('',#1547,.F.);
#1547 = EDGE_LOOP('',(#1548,#1549,#1550,#1556));
#1548 = ORIENTED_EDGE('',*,*,#1517,.T.);
#1549 = ORIENTED_EDGE('',*,*,#1235,.T.);
#1550 = ORIENTED_EDGE('',*,*,#1551,.F.);
#1551 = EDGE_CURVE('',#989,#1236,#1552,.T.);
#1552 = LINE('',#1553,#1554);
#1553 = CARTESIAN_POINT('',(-1.,-2.8,0.));
#1554 = VECTOR('',#1555,1.);
#1555 = DIRECTION('',(0.,0.,1.));
#1556 = ORIENTED_EDGE('',*,*,#988,.F.);
#1557 = PLANE('',#1558);
#1558 = AXIS2_PLACEMENT_3D('',#1559,#1560,#1561);
#1559 = CARTESIAN_POINT('',(-1.,-1.2,0.));
#1560 = DIRECTION('',(1.,0.,0.));
#1561 = DIRECTION('',(0.,-1.,0.));
#1562 = ADVANCED_FACE('',(#1563),#1574,.F.);
#1563 = FACE_BOUND('',#1564,.F.);
#1564 = EDGE_LOOP('',(#1565,#1571,#1572,#1573));
#1565 = ORIENTED_EDGE('',*,*,#1566,.T.);
#1566 = EDGE_CURVE('',#1069,#1316,#1567,.T.);
#1567 = LINE('',#1568,#1569);
#1568 = CARTESIAN_POINT('',(1.,-1.2,0.));
#1569 = VECTOR('',#1570,1.);
#1570 = DIRECTION('',(0.,0.,1.));
#1571 = ORIENTED_EDGE('',*,*,#1323,.T.);
#1572 = ORIENTED_EDGE('',*,*,#1532,.F.);
#1573 = ORIENTED_EDGE('',*,*,#1076,.F.);
#1574 = PLANE('',#1575);
#1575 = AXIS2_PLACEMENT_3D('',#1576,#1577,#1578);
#1576 = CARTESIAN_POINT('',(1.,-1.2,0.));
#1577 = DIRECTION('',(-0.707106781187,-0.707106781187,0.));
#1578 = DIRECTION('',(-0.707106781187,0.707106781187,0.));
#1579 = ADVANCED_FACE('',(#1580),#1591,.F.);
#1580 = FACE_BOUND('',#1581,.F.);
#1581 = EDGE_LOOP('',(#1582,#1583,#1584,#1590));
#1582 = ORIENTED_EDGE('',*,*,#1551,.T.);
#1583 = ORIENTED_EDGE('',*,*,#1243,.T.);
#1584 = ORIENTED_EDGE('',*,*,#1585,.F.);
#1585 = EDGE_CURVE('',#997,#1244,#1586,.T.);
#1586 = LINE('',#1587,#1588);
#1587 = CARTESIAN_POINT('',(-0.8,-3.,0.));
#1588 = VECTOR('',#1589,1.);
#1589 = DIRECTION('',(0.,0.,1.));
#1590 = ORIENTED_EDGE('',*,*,#996,.F.);
#1591 = PLANE('',#1592);
#1592 = AXIS2_PLACEMENT_3D('',#1593,#1594,#1595);
#1593 = CARTESIAN_POINT('',(-1.,-2.8,0.));
#1594 = DIRECTION('',(0.707106781187,0.707106781187,0.));
#1595 = DIRECTION('',(0.707106781187,-0.707106781187,0.));
#1596 = ADVANCED_FACE('',(#1597),#1608,.F.);
#1597 = FACE_BOUND('',#1598,.F.);
#1598 = EDGE_LOOP('',(#1599,#1605,#1606,#1607));
#1599 = ORIENTED_EDGE('',*,*,#1600,.T.);
#1600 = EDGE_CURVE('',#1061,#1308,#1601,.T.);
#1601 = LINE('',#1602,#1603);
#1602 = CARTESIAN_POINT('',(1.,-2.8,0.));
#1603 = VECTOR('',#1604,1.);
#1604 = DIRECTION('',(0.,0.,1.));
#1605 = ORIENTED_EDGE('',*,*,#1315,.T.);
#1606 = ORIENTED_EDGE('',*,*,#1566,.F.);
#1607 = ORIENTED_EDGE('',*,*,#1068,.F.);
#1608 = PLANE('',#1609);
#1609 = AXIS2_PLACEMENT_3D('',#1610,#1611,#1612);
#1610 = CARTESIAN_POINT('',(1.,-2.8,0.));
#1611 = DIRECTION('',(-1.,0.,0.));
#1612 = DIRECTION('',(0.,1.,0.));
#1613 = ADVANCED_FACE('',(#1614),#1625,.F.);
#1614 = FACE_BOUND('',#1615,.F.);
#1615 = EDGE_LOOP('',(#1616,#1617,#1618,#1624));
#1616 = ORIENTED_EDGE('',*,*,#1585,.T.);
#1617 = ORIENTED_EDGE('',*,*,#1251,.T.);
#1618 = ORIENTED_EDGE('',*,*,#1619,.F.);
#1619 = EDGE_CURVE('',#1005,#1252,#1620,.T.);
#1620 = LINE('',#1621,#1622);
#1621 = CARTESIAN_POINT('',(-1.,-3.2,0.));
#1622 = VECTOR('',#1623,1.);
#1623 = DIRECTION('',(0.,0.,1.));
#1624 = ORIENTED_EDGE('',*,*,#1004,.F.);
#1625 = PLANE('',#1626);
#1626 = AXIS2_PLACEMENT_3D('',#1627,#1628,#1629);
#1627 = CARTESIAN_POINT('',(-0.8,-3.,0.));
#1628 = DIRECTION('',(0.707106781187,-0.707106781187,0.));
#1629 = DIRECTION('',(-0.707106781187,-0.707106781187,0.));
#1630 = ADVANCED_FACE('',(#1631),#1642,.F.);
#1631 = FACE_BOUND('',#1632,.F.);
#1632 = EDGE_LOOP('',(#1633,#1639,#1640,#1641));
#1633 = ORIENTED_EDGE('',*,*,#1634,.T.);
#1634 = EDGE_CURVE('',#1053,#1300,#1635,.T.);
#1635 = LINE('',#1636,#1637);
#1636 = CARTESIAN_POINT('',(0.8,-3.,0.));
#1637 = VECTOR('',#1638,1.);
#1638 = DIRECTION('',(0.,0.,1.));
#1639 = ORIENTED_EDGE('',*,*,#1307,.T.);
#1640 = ORIENTED_EDGE('',*,*,#1600,.F.);
#1641 = ORIENTED_EDGE('',*,*,#1060,.F.);
#1642 = PLANE('',#1643);
#1643 = AXIS2_PLACEMENT_3D('',#1644,#1645,#1646);
#1644 = CARTESIAN_POINT('',(0.8,-3.,0.));
#1645 = DIRECTION('',(-0.707106781187,0.707106781187,0.));
#1646 = DIRECTION('',(0.707106781187,0.707106781187,0.));
#1647 = ADVANCED_FACE('',(#1648),#1659,.F.);
#1648 = FACE_BOUND('',#1649,.F.);
#1649 = EDGE_LOOP('',(#1650,#1651,#1652,#1658));
#1650 = ORIENTED_EDGE('',*,*,#1619,.T.);
#1651 = ORIENTED_EDGE('',*,*,#1259,.T.);
#1652 = ORIENTED_EDGE('',*,*,#1653,.F.);
#1653 = EDGE_CURVE('',#1013,#1260,#1654,.T.);
#1654 = LINE('',#1655,#1656);
#1655 = CARTESIAN_POINT('',(-1.,-4.8,0.));
#1656 = VECTOR('',#1657,1.);
#1657 = DIRECTION('',(0.,0.,1.));
#1658 = ORIENTED_EDGE('',*,*,#1012,.F.);
#1659 = PLANE('',#1660);
#1660 = AXIS2_PLACEMENT_3D('',#1661,#1662,#1663);
#1661 = CARTESIAN_POINT('',(-1.,-3.2,0.));
#1662 = DIRECTION('',(1.,0.,0.));
#1663 = DIRECTION('',(0.,-1.,0.));
#1664 = ADVANCED_FACE('',(#1665),#1676,.F.);
#1665 = FACE_BOUND('',#1666,.F.);
#1666 = EDGE_LOOP('',(#1667,#1673,#1674,#1675));
#1667 = ORIENTED_EDGE('',*,*,#1668,.T.);
#1668 = EDGE_CURVE('',#1045,#1292,#1669,.T.);
#1669 = LINE('',#1670,#1671);
#1670 = CARTESIAN_POINT('',(1.,-3.2,0.));
#1671 = VECTOR('',#1672,1.);
#1672 = DIRECTION('',(0.,0.,1.));
#1673 = ORIENTED_EDGE('',*,*,#1299,.T.);
#1674 = ORIENTED_EDGE('',*,*,#1634,.F.);
#1675 = ORIENTED_EDGE('',*,*,#1052,.F.);
#1676 = PLANE('',#1677);
#1677 = AXIS2_PLACEMENT_3D('',#1678,#1679,#1680);
#1678 = CARTESIAN_POINT('',(1.,-3.2,0.));
#1679 = DIRECTION('',(-0.707106781187,-0.707106781187,0.));
#1680 = DIRECTION('',(-0.707106781187,0.707106781187,0.));
#1681 = ADVANCED_FACE('',(#1682),#1693,.F.);
#1682 = FACE_BOUND('',#1683,.F.);
#1683 = EDGE_LOOP('',(#1684,#1685,#1686,#1692));
#1684 = ORIENTED_EDGE('',*,*,#1653,.T.);
#1685 = ORIENTED_EDGE('',*,*,#1267,.T.);
#1686 = ORIENTED_EDGE('',*,*,#1687,.F.);
#1687 = EDGE_CURVE('',#1021,#1268,#1688,.T.);
#1688 = LINE('',#1689,#1690);
#1689 = CARTESIAN_POINT('',(-0.8,-5.,0.));
#1690 = VECTOR('',#1691,1.);
#1691 = DIRECTION('',(0.,0.,1.));
#1692 = ORIENTED_EDGE('',*,*,#1020,.F.);
#1693 = PLANE('',#1694);
#1694 = AXIS2_PLACEMENT_3D('',#1695,#1696,#1697);
#1695 = CARTESIAN_POINT('',(-1.,-4.8,0.));
#1696 = DIRECTION('',(0.707106781187,0.707106781187,0.));
#1697 = DIRECTION('',(0.707106781187,-0.707106781187,0.));
#1698 = ADVANCED_FACE('',(#1699),#1710,.F.);
#1699 = FACE_BOUND('',#1700,.F.);
#1700 = EDGE_LOOP('',(#1701,#1707,#1708,#1709));
#1701 = ORIENTED_EDGE('',*,*,#1702,.T.);
#1702 = EDGE_CURVE('',#1037,#1284,#1703,.T.);
#1703 = LINE('',#1704,#1705);
#1704 = CARTESIAN_POINT('',(1.,-4.8,0.));
#1705 = VECTOR('',#1706,1.);
#1706 = DIRECTION('',(0.,0.,1.));
#1707 = ORIENTED_EDGE('',*,*,#1291,.T.);
#1708 = ORIENTED_EDGE('',*,*,#1668,.F.);
#1709 = ORIENTED_EDGE('',*,*,#1044,.F.);
#1710 = PLANE('',#1711);
#1711 = AXIS2_PLACEMENT_3D('',#1712,#1713,#1714);
#1712 = CARTESIAN_POINT('',(1.,-4.8,0.));
#1713 = DIRECTION('',(-1.,0.,0.));
#1714 = DIRECTION('',(0.,1.,0.));
#1715 = ADVANCED_FACE('',(#1716),#1727,.F.);
#1716 = FACE_BOUND('',#1717,.F.);
#1717 = EDGE_LOOP('',(#1718,#1719,#1720,#1726));
#1718 = ORIENTED_EDGE('',*,*,#1687,.T.);
#1719 = ORIENTED_EDGE('',*,*,#1275,.T.);
#1720 = ORIENTED_EDGE('',*,*,#1721,.F.);
#1721 = EDGE_CURVE('',#1029,#1276,#1722,.T.);
#1722 = LINE('',#1723,#1724);
#1723 = CARTESIAN_POINT('',(0.8,-5.,0.));
#1724 = VECTOR('',#1725,1.);
#1725 = DIRECTION('',(0.,0.,1.));
#1726 = ORIENTED_EDGE('',*,*,#1028,.F.);
#1727 = PLANE('',#1728);
#1728 = AXIS2_PLACEMENT_3D('',#1729,#1730,#1731);
#1729 = CARTESIAN_POINT('',(-0.8,-5.,0.));
#1730 = DIRECTION('',(0.,1.,0.));
#1731 = DIRECTION('',(1.,0.,0.));
#1732 = ADVANCED_FACE('',(#1733),#1739,.F.);
#1733 = FACE_BOUND('',#1734,.F.);
#1734 = EDGE_LOOP('',(#1735,#1736,#1737,#1738));
#1735 = ORIENTED_EDGE('',*,*,#1721,.T.);
#1736 = ORIENTED_EDGE('',*,*,#1283,.T.);
#1737 = ORIENTED_EDGE('',*,*,#1702,.F.);
#1738 = ORIENTED_EDGE('',*,*,#1036,.F.);
#1739 = PLANE('',#1740);
#1740 = AXIS2_PLACEMENT_3D('',#1741,#1742,#1743);
#1741 = CARTESIAN_POINT('',(0.8,-5.,0.));
#1742 = DIRECTION('',(-0.707106781187,0.707106781187,0.));
#1743 = DIRECTION('',(0.707106781187,0.707106781187,0.));
#1744 = ADVANCED_FACE('',(#1745),#1770,.T.);
#1745 = FACE_BOUND('',#1746,.T.);
#1746 = EDGE_LOOP('',(#1747,#1755,#1763,#1769));
#1747 = ORIENTED_EDGE('',*,*,#1748,.F.);
#1748 = EDGE_CURVE('',#1749,#1110,#1751,.T.);
#1749 = VERTEX_POINT('',#1750);
#1750 = CARTESIAN_POINT('',(0.25,-0.25,-2.675));
#1751 = LINE('',#1752,#1753);
#1752 = CARTESIAN_POINT('',(0.25,-0.25,-2.8));
#1753 = VECTOR('',#1754,1.);
#1754 = DIRECTION('',(0.,0.,1.));
#1755 = ORIENTED_EDGE('',*,*,#1756,.T.);
#1756 = EDGE_CURVE('',#1749,#1757,#1759,.T.);
#1757 = VERTEX_POINT('',#1758);
#1758 = CARTESIAN_POINT('',(0.25,0.25,-2.675));
#1759 = LINE('',#1760,#1761);
#1760 = CARTESIAN_POINT('',(0.25,-0.25,-2.675));
#1761 = VECTOR('',#1762,1.);
#1762 = DIRECTION('',(0.,1.,0.));
#1763 = ORIENTED_EDGE('',*,*,#1764,.T.);
#1764 = EDGE_CURVE('',#1757,#1112,#1765,.T.);
#1765 = LINE('',#1766,#1767);
#1766 = CARTESIAN_POINT('',(0.25,0.25,-2.8));
#1767 = VECTOR('',#1768,1.);
#1768 = DIRECTION('',(0.,0.,1.));
#1769 = ORIENTED_EDGE('',*,*,#1109,.F.);
#1770 = PLANE('',#1771);
#1771 = AXIS2_PLACEMENT_3D('',#1772,#1773,#1774);
#1772 = CARTESIAN_POINT('',(0.25,-0.25,-2.8));
#1773 = DIRECTION('',(1.,0.,0.));
#1774 = DIRECTION('',(0.,0.,1.));
#1775 = ADVANCED_FACE('',(#1776),#1794,.T.);
#1776 = FACE_BOUND('',#1777,.T.);
#1777 = EDGE_LOOP('',(#1778,#1779,#1787,#1793));
#1778 = ORIENTED_EDGE('',*,*,#1764,.F.);
#1779 = ORIENTED_EDGE('',*,*,#1780,.F.);
#1780 = EDGE_CURVE('',#1781,#1757,#1783,.T.);
#1781 = VERTEX_POINT('',#1782);
#1782 = CARTESIAN_POINT('',(-0.25,0.25,-2.675));
#1783 = LINE('',#1784,#1785);
#1784 = CARTESIAN_POINT('',(-0.25,0.25,-2.675));
#1785 = VECTOR('',#1786,1.);
#1786 = DIRECTION('',(1.,0.,0.));
#1787 = ORIENTED_EDGE('',*,*,#1788,.T.);
#1788 = EDGE_CURVE('',#1781,#1128,#1789,.T.);
#1789 = LINE('',#1790,#1791);
#1790 = CARTESIAN_POINT('',(-0.25,0.25,-2.8));
#1791 = VECTOR('',#1792,1.);
#1792 = DIRECTION('',(0.,0.,1.));
#1793 = ORIENTED_EDGE('',*,*,#1135,.F.);
#1794 = PLANE('',#1795);
#1795 = AXIS2_PLACEMENT_3D('',#1796,#1797,#1798);
#1796 = CARTESIAN_POINT('',(-0.25,0.25,-2.8));
#1797 = DIRECTION('',(0.,1.,0.));
#1798 = DIRECTION('',(0.,-0.,1.));
#1799 = ADVANCED_FACE('',(#1800),#1818,.F.);
#1800 = FACE_BOUND('',#1801,.F.);
#1801 = EDGE_LOOP('',(#1802,#1810,#1816,#1817));
#1802 = ORIENTED_EDGE('',*,*,#1803,.F.);
#1803 = EDGE_CURVE('',#1804,#1120,#1806,.T.);
#1804 = VERTEX_POINT('',#1805);
#1805 = CARTESIAN_POINT('',(-0.25,-0.25,-2.675));
#1806 = LINE('',#1807,#1808);
#1807 = CARTESIAN_POINT('',(-0.25,-0.25,-2.8));
#1808 = VECTOR('',#1809,1.);
#1809 = DIRECTION('',(0.,0.,1.));
#1810 = ORIENTED_EDGE('',*,*,#1811,.T.);
#1811 = EDGE_CURVE('',#1804,#1781,#1812,.T.);
#1812 = LINE('',#1813,#1814);
#1813 = CARTESIAN_POINT('',(-0.25,-0.25,-2.675));
#1814 = VECTOR('',#1815,1.);
#1815 = DIRECTION('',(0.,1.,0.));
#1816 = ORIENTED_EDGE('',*,*,#1788,.T.);
#1817 = ORIENTED_EDGE('',*,*,#1127,.F.);
#1818 = PLANE('',#1819);
#1819 = AXIS2_PLACEMENT_3D('',#1820,#1821,#1822);
#1820 = CARTESIAN_POINT('',(-0.25,-0.25,-2.8));
#1821 = DIRECTION('',(1.,0.,0.));
#1822 = DIRECTION('',(0.,0.,1.));
#1823 = ADVANCED_FACE('',(#1824),#1835,.F.);
#1824 = FACE_BOUND('',#1825,.F.);
#1825 = EDGE_LOOP('',(#1826,#1827,#1833,#1834));
#1826 = ORIENTED_EDGE('',*,*,#1748,.F.);
#1827 = ORIENTED_EDGE('',*,*,#1828,.F.);
#1828 = EDGE_CURVE('',#1804,#1749,#1829,.T.);
#1829 = LINE('',#1830,#1831);
#1830 = CARTESIAN_POINT('',(-0.25,-0.25,-2.675));
#1831 = VECTOR('',#1832,1.);
#1832 = DIRECTION('',(1.,0.,0.));
#1833 = ORIENTED_EDGE('',*,*,#1803,.T.);
#1834 = ORIENTED_EDGE('',*,*,#1119,.F.);
#1835 = PLANE('',#1836);
#1836 = AXIS2_PLACEMENT_3D('',#1837,#1838,#1839);
#1837 = CARTESIAN_POINT('',(-0.25,-0.25,-2.8));
#1838 = DIRECTION('',(0.,1.,0.));
#1839 = DIRECTION('',(0.,-0.,1.));
#1840 = ADVANCED_FACE('',(#1841),#1866,.F.);
#1841 = FACE_BOUND('',#1842,.F.);
#1842 = EDGE_LOOP('',(#1843,#1851,#1859,#1865));
#1843 = ORIENTED_EDGE('',*,*,#1844,.F.);
#1844 = EDGE_CURVE('',#1845,#1144,#1847,.T.);
#1845 = VERTEX_POINT('',#1846);
#1846 = CARTESIAN_POINT('',(0.25,-2.25,-2.675));
#1847 = LINE('',#1848,#1849);
#1848 = CARTESIAN_POINT('',(0.25,-2.25,-2.8));
#1849 = VECTOR('',#1850,1.);
#1850 = DIRECTION('',(0.,0.,1.));
#1851 = ORIENTED_EDGE('',*,*,#1852,.F.);
#1852 = EDGE_CURVE('',#1853,#1845,#1855,.T.);
#1853 = VERTEX_POINT('',#1854);
#1854 = CARTESIAN_POINT('',(-0.25,-2.25,-2.675));
#1855 = LINE('',#1856,#1857);
#1856 = CARTESIAN_POINT('',(-0.25,-2.25,-2.675));
#1857 = VECTOR('',#1858,1.);
#1858 = DIRECTION('',(1.,0.,0.));
#1859 = ORIENTED_EDGE('',*,*,#1860,.T.);
#1860 = EDGE_CURVE('',#1853,#1146,#1861,.T.);
#1861 = LINE('',#1862,#1863);
#1862 = CARTESIAN_POINT('',(-0.25,-2.25,-2.8));
#1863 = VECTOR('',#1864,1.);
#1864 = DIRECTION('',(0.,0.,1.));
#1865 = ORIENTED_EDGE('',*,*,#1143,.F.);
#1866 = PLANE('',#1867);
#1867 = AXIS2_PLACEMENT_3D('',#1868,#1869,#1870);
#1868 = CARTESIAN_POINT('',(-0.25,-2.25,-2.8));
#1869 = DIRECTION('',(0.,1.,0.));
#1870 = DIRECTION('',(0.,-0.,1.));
#1871 = ADVANCED_FACE('',(#1872),#1890,.T.);
#1872 = FACE_BOUND('',#1873,.T.);
#1873 = EDGE_LOOP('',(#1874,#1875,#1883,#1889));
#1874 = ORIENTED_EDGE('',*,*,#1844,.F.);
#1875 = ORIENTED_EDGE('',*,*,#1876,.T.);
#1876 = EDGE_CURVE('',#1845,#1877,#1879,.T.);
#1877 = VERTEX_POINT('',#1878);
#1878 = CARTESIAN_POINT('',(0.25,-1.75,-2.675));
#1879 = LINE('',#1880,#1881);
#1880 = CARTESIAN_POINT('',(0.25,-2.25,-2.675));
#1881 = VECTOR('',#1882,1.);
#1882 = DIRECTION('',(0.,1.,0.));
#1883 = ORIENTED_EDGE('',*,*,#1884,.T.);
#1884 = EDGE_CURVE('',#1877,#1162,#1885,.T.);
#1885 = LINE('',#1886,#1887);
#1886 = CARTESIAN_POINT('',(0.25,-1.75,-2.8));
#1887 = VECTOR('',#1888,1.);
#1888 = DIRECTION('',(0.,0.,1.));
#1889 = ORIENTED_EDGE('',*,*,#1169,.F.);
#1890 = PLANE('',#1891);
#1891 = AXIS2_PLACEMENT_3D('',#1892,#1893,#1894);
#1892 = CARTESIAN_POINT('',(0.25,-2.25,-2.8));
#1893 = DIRECTION('',(1.,0.,0.));
#1894 = DIRECTION('',(0.,0.,1.));
#1895 = ADVANCED_FACE('',(#1896),#1914,.T.);
#1896 = FACE_BOUND('',#1897,.T.);
#1897 = EDGE_LOOP('',(#1898,#1899,#1907,#1913));
#1898 = ORIENTED_EDGE('',*,*,#1884,.F.);
#1899 = ORIENTED_EDGE('',*,*,#1900,.F.);
#1900 = EDGE_CURVE('',#1901,#1877,#1903,.T.);
#1901 = VERTEX_POINT('',#1902);
#1902 = CARTESIAN_POINT('',(-0.25,-1.75,-2.675));
#1903 = LINE('',#1904,#1905);
#1904 = CARTESIAN_POINT('',(-0.25,-1.75,-2.675));
#1905 = VECTOR('',#1906,1.);
#1906 = DIRECTION('',(1.,0.,0.));
#1907 = ORIENTED_EDGE('',*,*,#1908,.T.);
#1908 = EDGE_CURVE('',#1901,#1154,#1909,.T.);
#1909 = LINE('',#1910,#1911);
#1910 = CARTESIAN_POINT('',(-0.25,-1.75,-2.8));
#1911 = VECTOR('',#1912,1.);
#1912 = DIRECTION('',(0.,0.,1.));
#1913 = ORIENTED_EDGE('',*,*,#1161,.F.);
#1914 = PLANE('',#1915);
#1915 = AXIS2_PLACEMENT_3D('',#1916,#1917,#1918);
#1916 = CARTESIAN_POINT('',(-0.25,-1.75,-2.8));
#1917 = DIRECTION('',(0.,1.,0.));
#1918 = DIRECTION('',(0.,-0.,1.));
#1919 = ADVANCED_FACE('',(#1920),#1931,.F.);
#1920 = FACE_BOUND('',#1921,.F.);
#1921 = EDGE_LOOP('',(#1922,#1923,#1929,#1930));
#1922 = ORIENTED_EDGE('',*,*,#1860,.F.);
#1923 = ORIENTED_EDGE('',*,*,#1924,.T.);
#1924 = EDGE_CURVE('',#1853,#1901,#1925,.T.);
#1925 = LINE('',#1926,#1927);
#1926 = CARTESIAN_POINT('',(-0.25,-2.25,-2.675));
#1927 = VECTOR('',#1928,1.);
#1928 = DIRECTION('',(0.,1.,0.));
#1929 = ORIENTED_EDGE('',*,*,#1908,.T.);
#1930 = ORIENTED_EDGE('',*,*,#1153,.F.);
#1931 = PLANE('',#1932);
#1932 = AXIS2_PLACEMENT_3D('',#1933,#1934,#1935);
#1933 = CARTESIAN_POINT('',(-0.25,-2.25,-2.8));
#1934 = DIRECTION('',(1.,0.,0.));
#1935 = DIRECTION('',(0.,0.,1.));
#1936 = ADVANCED_FACE('',(#1937),#1962,.T.);
#1937 = FACE_BOUND('',#1938,.T.);
#1938 = EDGE_LOOP('',(#1939,#1947,#1955,#1961));
#1939 = ORIENTED_EDGE('',*,*,#1940,.F.);
#1940 = EDGE_CURVE('',#1941,#1178,#1943,.T.);
#1941 = VERTEX_POINT('',#1942);
#1942 = CARTESIAN_POINT('',(0.25,-3.75,-2.675));
#1943 = LINE('',#1944,#1945);
#1944 = CARTESIAN_POINT('',(0.25,-3.75,-2.8));
#1945 = VECTOR('',#1946,1.);
#1946 = DIRECTION('',(0.,0.,1.));
#1947 = ORIENTED_EDGE('',*,*,#1948,.F.);
#1948 = EDGE_CURVE('',#1949,#1941,#1951,.T.);
#1949 = VERTEX_POINT('',#1950);
#1950 = CARTESIAN_POINT('',(-0.25,-3.75,-2.675));
#1951 = LINE('',#1952,#1953);
#1952 = CARTESIAN_POINT('',(-0.25,-3.75,-2.675));
#1953 = VECTOR('',#1954,1.);
#1954 = DIRECTION('',(1.,0.,0.));
#1955 = ORIENTED_EDGE('',*,*,#1956,.T.);
#1956 = EDGE_CURVE('',#1949,#1180,#1957,.T.);
#1957 = LINE('',#1958,#1959);
#1958 = CARTESIAN_POINT('',(-0.25,-3.75,-2.8));
#1959 = VECTOR('',#1960,1.);
#1960 = DIRECTION('',(0.,0.,1.));
#1961 = ORIENTED_EDGE('',*,*,#1177,.F.);
#1962 = PLANE('',#1963);
#1963 = AXIS2_PLACEMENT_3D('',#1964,#1965,#1966);
#1964 = CARTESIAN_POINT('',(-0.25,-3.75,-2.8));
#1965 = DIRECTION('',(0.,1.,0.));
#1966 = DIRECTION('',(0.,-0.,1.));
#1967 = ADVANCED_FACE('',(#1968),#1986,.F.);
#1968 = FACE_BOUND('',#1969,.F.);
#1969 = EDGE_LOOP('',(#1970,#1978,#1984,#1985));
#1970 = ORIENTED_EDGE('',*,*,#1971,.F.);
#1971 = EDGE_CURVE('',#1972,#1196,#1974,.T.);
#1972 = VERTEX_POINT('',#1973);
#1973 = CARTESIAN_POINT('',(-0.25,-4.25,-2.675));
#1974 = LINE('',#1975,#1976);
#1975 = CARTESIAN_POINT('',(-0.25,-4.25,-2.8));
#1976 = VECTOR('',#1977,1.);
#1977 = DIRECTION('',(0.,0.,1.));
#1978 = ORIENTED_EDGE('',*,*,#1979,.T.);
#1979 = EDGE_CURVE('',#1972,#1949,#1980,.T.);
#1980 = LINE('',#1981,#1982);
#1981 = CARTESIAN_POINT('',(-0.25,-4.25,-2.675));
#1982 = VECTOR('',#1983,1.);
#1983 = DIRECTION('',(0.,1.,0.));
#1984 = ORIENTED_EDGE('',*,*,#1956,.T.);
#1985 = ORIENTED_EDGE('',*,*,#1203,.F.);
#1986 = PLANE('',#1987);
#1987 = AXIS2_PLACEMENT_3D('',#1988,#1989,#1990);
#1988 = CARTESIAN_POINT('',(-0.25,-4.25,-2.8));
#1989 = DIRECTION('',(1.,0.,0.));
#1990 = DIRECTION('',(0.,0.,1.));
#1991 = ADVANCED_FACE('',(#1992),#2010,.F.);
#1992 = FACE_BOUND('',#1993,.F.);
#1993 = EDGE_LOOP('',(#1994,#2002,#2008,#2009));
#1994 = ORIENTED_EDGE('',*,*,#1995,.F.);
#1995 = EDGE_CURVE('',#1996,#1188,#1998,.T.);
#1996 = VERTEX_POINT('',#1997);
#1997 = CARTESIAN_POINT('',(0.25,-4.25,-2.675));
#1998 = LINE('',#1999,#2000);
#1999 = CARTESIAN_POINT('',(0.25,-4.25,-2.8));
#2000 = VECTOR('',#2001,1.);
#2001 = DIRECTION('',(0.,0.,1.));
#2002 = ORIENTED_EDGE('',*,*,#2003,.F.);
#2003 = EDGE_CURVE('',#1972,#1996,#2004,.T.);
#2004 = LINE('',#2005,#2006);
#2005 = CARTESIAN_POINT('',(-0.25,-4.25,-2.675));
#2006 = VECTOR('',#2007,1.);
#2007 = DIRECTION('',(1.,0.,0.));
#2008 = ORIENTED_EDGE('',*,*,#1971,.T.);
#2009 = ORIENTED_EDGE('',*,*,#1195,.F.);
#2010 = PLANE('',#2011);
#2011 = AXIS2_PLACEMENT_3D('',#2012,#2013,#2014);
#2012 = CARTESIAN_POINT('',(-0.25,-4.25,-2.8));
#2013 = DIRECTION('',(0.,1.,0.));
#2014 = DIRECTION('',(0.,-0.,1.));
#2015 = ADVANCED_FACE('',(#2016),#2027,.T.);
#2016 = FACE_BOUND('',#2017,.T.);
#2017 = EDGE_LOOP('',(#2018,#2019,#2025,#2026));
#2018 = ORIENTED_EDGE('',*,*,#1995,.F.);
#2019 = ORIENTED_EDGE('',*,*,#2020,.T.);
#2020 = EDGE_CURVE('',#1996,#1941,#2021,.T.);
#2021 = LINE('',#2022,#2023);
#2022 = CARTESIAN_POINT('',(0.25,-4.25,-2.675));
#2023 = VECTOR('',#2024,1.);
#2024 = DIRECTION('',(0.,1.,0.));
#2025 = ORIENTED_EDGE('',*,*,#1940,.T.);
#2026 = ORIENTED_EDGE('',*,*,#1187,.F.);
#2027 = PLANE('',#2028);
#2028 = AXIS2_PLACEMENT_3D('',#2029,#2030,#2031);
#2029 = CARTESIAN_POINT('',(0.25,-4.25,-2.8));
#2030 = DIRECTION('',(1.,0.,0.));
#2031 = DIRECTION('',(0.,0.,1.));
#2032 = ADVANCED_FACE('',(#2033),#2058,.T.);
#2033 = FACE_BOUND('',#2034,.T.);
#2034 = EDGE_LOOP('',(#2035,#2043,#2044,#2052));
#2035 = ORIENTED_EDGE('',*,*,#2036,.F.);
#2036 = EDGE_CURVE('',#1357,#2037,#2039,.T.);
#2037 = VERTEX_POINT('',#2038);
#2038 = CARTESIAN_POINT('',(0.25,-0.25,5.875));
#2039 = LINE('',#2040,#2041);
#2040 = CARTESIAN_POINT('',(0.25,-0.25,-2.8));
#2041 = VECTOR('',#2042,1.);
#2042 = DIRECTION('',(0.,0.,1.));
#2043 = ORIENTED_EDGE('',*,*,#1356,.T.);
#2044 = ORIENTED_EDGE('',*,*,#2045,.T.);
#2045 = EDGE_CURVE('',#1359,#2046,#2048,.T.);
#2046 = VERTEX_POINT('',#2047);
#2047 = CARTESIAN_POINT('',(0.25,0.25,5.875));
#2048 = LINE('',#2049,#2050);
#2049 = CARTESIAN_POINT('',(0.25,0.25,-2.8));
#2050 = VECTOR('',#2051,1.);
#2051 = DIRECTION('',(0.,0.,1.));
#2052 = ORIENTED_EDGE('',*,*,#2053,.F.);
#2053 = EDGE_CURVE('',#2037,#2046,#2054,.T.);
#2054 = LINE('',#2055,#2056);
#2055 = CARTESIAN_POINT('',(0.25,-0.25,5.875));
#2056 = VECTOR('',#2057,1.);
#2057 = DIRECTION('',(0.,1.,0.));
#2058 = PLANE('',#2059);
#2059 = AXIS2_PLACEMENT_3D('',#2060,#2061,#2062);
#2060 = CARTESIAN_POINT('',(0.25,-0.25,-2.8));
#2061 = DIRECTION('',(1.,0.,0.));
#2062 = DIRECTION('',(0.,0.,1.));
#2063 = ADVANCED_FACE('',(#2064),#2082,.T.);
#2064 = FACE_BOUND('',#2065,.T.);
#2065 = EDGE_LOOP('',(#2066,#2067,#2068,#2076));
#2066 = ORIENTED_EDGE('',*,*,#2045,.F.);
#2067 = ORIENTED_EDGE('',*,*,#1382,.T.);
#2068 = ORIENTED_EDGE('',*,*,#2069,.T.);
#2069 = EDGE_CURVE('',#1375,#2070,#2072,.T.);
#2070 = VERTEX_POINT('',#2071);
#2071 = CARTESIAN_POINT('',(-0.25,0.25,5.875));
#2072 = LINE('',#2073,#2074);
#2073 = CARTESIAN_POINT('',(-0.25,0.25,-2.8));
#2074 = VECTOR('',#2075,1.);
#2075 = DIRECTION('',(0.,0.,1.));
#2076 = ORIENTED_EDGE('',*,*,#2077,.T.);
#2077 = EDGE_CURVE('',#2070,#2046,#2078,.T.);
#2078 = LINE('',#2079,#2080);
#2079 = CARTESIAN_POINT('',(-0.25,0.25,5.875));
#2080 = VECTOR('',#2081,1.);
#2081 = DIRECTION('',(1.,0.,0.));
#2082 = PLANE('',#2083);
#2083 = AXIS2_PLACEMENT_3D('',#2084,#2085,#2086);
#2084 = CARTESIAN_POINT('',(-0.25,0.25,-2.8));
#2085 = DIRECTION('',(0.,1.,0.));
#2086 = DIRECTION('',(0.,-0.,1.));
#2087 = ADVANCED_FACE('',(#2088),#2106,.F.);
#2088 = FACE_BOUND('',#2089,.F.);
#2089 = EDGE_LOOP('',(#2090,#2098,#2099,#2100));
#2090 = ORIENTED_EDGE('',*,*,#2091,.F.);
#2091 = EDGE_CURVE('',#1367,#2092,#2094,.T.);
#2092 = VERTEX_POINT('',#2093);
#2093 = CARTESIAN_POINT('',(-0.25,-0.25,5.875));
#2094 = LINE('',#2095,#2096);
#2095 = CARTESIAN_POINT('',(-0.25,-0.25,-2.8));
#2096 = VECTOR('',#2097,1.);
#2097 = DIRECTION('',(0.,0.,1.));
#2098 = ORIENTED_EDGE('',*,*,#1374,.T.);
#2099 = ORIENTED_EDGE('',*,*,#2069,.T.);
#2100 = ORIENTED_EDGE('',*,*,#2101,.F.);
#2101 = EDGE_CURVE('',#2092,#2070,#2102,.T.);
#2102 = LINE('',#2103,#2104);
#2103 = CARTESIAN_POINT('',(-0.25,-0.25,5.875));
#2104 = VECTOR('',#2105,1.);
#2105 = DIRECTION('',(0.,1.,0.));
#2106 = PLANE('',#2107);
#2107 = AXIS2_PLACEMENT_3D('',#2108,#2109,#2110);
#2108 = CARTESIAN_POINT('',(-0.25,-0.25,-2.8));
#2109 = DIRECTION('',(1.,0.,0.));
#2110 = DIRECTION('',(0.,0.,1.));
#2111 = ADVANCED_FACE('',(#2112),#2123,.F.);
#2112 = FACE_BOUND('',#2113,.F.);
#2113 = EDGE_LOOP('',(#2114,#2115,#2116,#2117));
#2114 = ORIENTED_EDGE('',*,*,#2036,.F.);
#2115 = ORIENTED_EDGE('',*,*,#1366,.T.);
#2116 = ORIENTED_EDGE('',*,*,#2091,.T.);
#2117 = ORIENTED_EDGE('',*,*,#2118,.T.);
#2118 = EDGE_CURVE('',#2092,#2037,#2119,.T.);
#2119 = LINE('',#2120,#2121);
#2120 = CARTESIAN_POINT('',(-0.25,-0.25,5.875));
#2121 = VECTOR('',#2122,1.);
#2122 = DIRECTION('',(1.,0.,0.));
#2123 = PLANE('',#2124);
#2124 = AXIS2_PLACEMENT_3D('',#2125,#2126,#2127);
#2125 = CARTESIAN_POINT('',(-0.25,-0.25,-2.8));
#2126 = DIRECTION('',(0.,1.,0.));
#2127 = DIRECTION('',(0.,-0.,1.));
#2128 = ADVANCED_FACE('',(#2129),#2154,.F.);
#2129 = FACE_BOUND('',#2130,.F.);
#2130 = EDGE_LOOP('',(#2131,#2139,#2140,#2148));
#2131 = ORIENTED_EDGE('',*,*,#2132,.F.);
#2132 = EDGE_CURVE('',#1391,#2133,#2135,.T.);
#2133 = VERTEX_POINT('',#2134);
#2134 = CARTESIAN_POINT('',(0.25,-2.25,5.875));
#2135 = LINE('',#2136,#2137);
#2136 = CARTESIAN_POINT('',(0.25,-2.25,-2.8));
#2137 = VECTOR('',#2138,1.);
#2138 = DIRECTION('',(0.,0.,1.));
#2139 = ORIENTED_EDGE('',*,*,#1390,.T.);
#2140 = ORIENTED_EDGE('',*,*,#2141,.T.);
#2141 = EDGE_CURVE('',#1393,#2142,#2144,.T.);
#2142 = VERTEX_POINT('',#2143);
#2143 = CARTESIAN_POINT('',(-0.25,-2.25,5.875));
#2144 = LINE('',#2145,#2146);
#2145 = CARTESIAN_POINT('',(-0.25,-2.25,-2.8));
#2146 = VECTOR('',#2147,1.);
#2147 = DIRECTION('',(0.,0.,1.));
#2148 = ORIENTED_EDGE('',*,*,#2149,.T.);
#2149 = EDGE_CURVE('',#2142,#2133,#2150,.T.);
#2150 = LINE('',#2151,#2152);
#2151 = CARTESIAN_POINT('',(-0.25,-2.25,5.875));
#2152 = VECTOR('',#2153,1.);
#2153 = DIRECTION('',(1.,0.,0.));
#2154 = PLANE('',#2155);
#2155 = AXIS2_PLACEMENT_3D('',#2156,#2157,#2158);
#2156 = CARTESIAN_POINT('',(-0.25,-2.25,-2.8));
#2157 = DIRECTION('',(0.,1.,0.));
#2158 = DIRECTION('',(0.,-0.,1.));
#2159 = ADVANCED_FACE('',(#2160),#2178,.T.);
#2160 = FACE_BOUND('',#2161,.T.);
#2161 = EDGE_LOOP('',(#2162,#2163,#2164,#2172));
#2162 = ORIENTED_EDGE('',*,*,#2132,.F.);
#2163 = ORIENTED_EDGE('',*,*,#1416,.T.);
#2164 = ORIENTED_EDGE('',*,*,#2165,.T.);
#2165 = EDGE_CURVE('',#1409,#2166,#2168,.T.);
#2166 = VERTEX_POINT('',#2167);
#2167 = CARTESIAN_POINT('',(0.25,-1.75,5.875));
#2168 = LINE('',#2169,#2170);
#2169 = CARTESIAN_POINT('',(0.25,-1.75,-2.8));
#2170 = VECTOR('',#2171,1.);
#2171 = DIRECTION('',(0.,0.,1.));
#2172 = ORIENTED_EDGE('',*,*,#2173,.F.);
#2173 = EDGE_CURVE('',#2133,#2166,#2174,.T.);
#2174 = LINE('',#2175,#2176);
#2175 = CARTESIAN_POINT('',(0.25,-2.25,5.875));
#2176 = VECTOR('',#2177,1.);
#2177 = DIRECTION('',(0.,1.,0.));
#2178 = PLANE('',#2179);
#2179 = AXIS2_PLACEMENT_3D('',#2180,#2181,#2182);
#2180 = CARTESIAN_POINT('',(0.25,-2.25,-2.8));
#2181 = DIRECTION('',(1.,0.,0.));
#2182 = DIRECTION('',(0.,0.,1.));
#2183 = ADVANCED_FACE('',(#2184),#2202,.T.);
#2184 = FACE_BOUND('',#2185,.T.);
#2185 = EDGE_LOOP('',(#2186,#2187,#2188,#2196));
#2186 = ORIENTED_EDGE('',*,*,#2165,.F.);
#2187 = ORIENTED_EDGE('',*,*,#1408,.T.);
#2188 = ORIENTED_EDGE('',*,*,#2189,.T.);
#2189 = EDGE_CURVE('',#1401,#2190,#2192,.T.);
#2190 = VERTEX_POINT('',#2191);
#2191 = CARTESIAN_POINT('',(-0.25,-1.75,5.875));
#2192 = LINE('',#2193,#2194);
#2193 = CARTESIAN_POINT('',(-0.25,-1.75,-2.8));
#2194 = VECTOR('',#2195,1.);
#2195 = DIRECTION('',(0.,0.,1.));
#2196 = ORIENTED_EDGE('',*,*,#2197,.T.);
#2197 = EDGE_CURVE('',#2190,#2166,#2198,.T.);
#2198 = LINE('',#2199,#2200);
#2199 = CARTESIAN_POINT('',(-0.25,-1.75,5.875));
#2200 = VECTOR('',#2201,1.);
#2201 = DIRECTION('',(1.,0.,0.));
#2202 = PLANE('',#2203);
#2203 = AXIS2_PLACEMENT_3D('',#2204,#2205,#2206);
#2204 = CARTESIAN_POINT('',(-0.25,-1.75,-2.8));
#2205 = DIRECTION('',(0.,1.,0.));
#2206 = DIRECTION('',(0.,-0.,1.));
#2207 = ADVANCED_FACE('',(#2208),#2219,.F.);
#2208 = FACE_BOUND('',#2209,.F.);
#2209 = EDGE_LOOP('',(#2210,#2211,#2212,#2213));
#2210 = ORIENTED_EDGE('',*,*,#2141,.F.);
#2211 = ORIENTED_EDGE('',*,*,#1400,.T.);
#2212 = ORIENTED_EDGE('',*,*,#2189,.T.);
#2213 = ORIENTED_EDGE('',*,*,#2214,.F.);
#2214 = EDGE_CURVE('',#2142,#2190,#2215,.T.);
#2215 = LINE('',#2216,#2217);
#2216 = CARTESIAN_POINT('',(-0.25,-2.25,5.875));
#2217 = VECTOR('',#2218,1.);
#2218 = DIRECTION('',(0.,1.,0.));
#2219 = PLANE('',#2220);
#2220 = AXIS2_PLACEMENT_3D('',#2221,#2222,#2223);
#2221 = CARTESIAN_POINT('',(-0.25,-2.25,-2.8));
#2222 = DIRECTION('',(1.,0.,0.));
#2223 = DIRECTION('',(0.,0.,1.));
#2224 = ADVANCED_FACE('',(#2225),#2250,.T.);
#2225 = FACE_BOUND('',#2226,.T.);
#2226 = EDGE_LOOP('',(#2227,#2235,#2236,#2244));
#2227 = ORIENTED_EDGE('',*,*,#2228,.F.);
#2228 = EDGE_CURVE('',#1425,#2229,#2231,.T.);
#2229 = VERTEX_POINT('',#2230);
#2230 = CARTESIAN_POINT('',(0.25,-3.75,5.875));
#2231 = LINE('',#2232,#2233);
#2232 = CARTESIAN_POINT('',(0.25,-3.75,-2.8));
#2233 = VECTOR('',#2234,1.);
#2234 = DIRECTION('',(0.,0.,1.));
#2235 = ORIENTED_EDGE('',*,*,#1424,.T.);
#2236 = ORIENTED_EDGE('',*,*,#2237,.T.);
#2237 = EDGE_CURVE('',#1427,#2238,#2240,.T.);
#2238 = VERTEX_POINT('',#2239);
#2239 = CARTESIAN_POINT('',(-0.25,-3.75,5.875));
#2240 = LINE('',#2241,#2242);
#2241 = CARTESIAN_POINT('',(-0.25,-3.75,-2.8));
#2242 = VECTOR('',#2243,1.);
#2243 = DIRECTION('',(0.,0.,1.));
#2244 = ORIENTED_EDGE('',*,*,#2245,.T.);
#2245 = EDGE_CURVE('',#2238,#2229,#2246,.T.);
#2246 = LINE('',#2247,#2248);
#2247 = CARTESIAN_POINT('',(-0.25,-3.75,5.875));
#2248 = VECTOR('',#2249,1.);
#2249 = DIRECTION('',(1.,0.,0.));
#2250 = PLANE('',#2251);
#2251 = AXIS2_PLACEMENT_3D('',#2252,#2253,#2254);
#2252 = CARTESIAN_POINT('',(-0.25,-3.75,-2.8));
#2253 = DIRECTION('',(0.,1.,0.));
#2254 = DIRECTION('',(0.,-0.,1.));
#2255 = ADVANCED_FACE('',(#2256),#2274,.F.);
#2256 = FACE_BOUND('',#2257,.F.);
#2257 = EDGE_LOOP('',(#2258,#2266,#2267,#2268));
#2258 = ORIENTED_EDGE('',*,*,#2259,.F.);
#2259 = EDGE_CURVE('',#1443,#2260,#2262,.T.);
#2260 = VERTEX_POINT('',#2261);
#2261 = CARTESIAN_POINT('',(-0.25,-4.25,5.875));
#2262 = LINE('',#2263,#2264);
#2263 = CARTESIAN_POINT('',(-0.25,-4.25,-2.8));
#2264 = VECTOR('',#2265,1.);
#2265 = DIRECTION('',(0.,0.,1.));
#2266 = ORIENTED_EDGE('',*,*,#1450,.T.);
#2267 = ORIENTED_EDGE('',*,*,#2237,.T.);
#2268 = ORIENTED_EDGE('',*,*,#2269,.F.);
#2269 = EDGE_CURVE('',#2260,#2238,#2270,.T.);
#2270 = LINE('',#2271,#2272);
#2271 = CARTESIAN_POINT('',(-0.25,-4.25,5.875));
#2272 = VECTOR('',#2273,1.);
#2273 = DIRECTION('',(0.,1.,0.));
#2274 = PLANE('',#2275);
#2275 = AXIS2_PLACEMENT_3D('',#2276,#2277,#2278);
#2276 = CARTESIAN_POINT('',(-0.25,-4.25,-2.8));
#2277 = DIRECTION('',(1.,0.,0.));
#2278 = DIRECTION('',(0.,0.,1.));
#2279 = ADVANCED_FACE('',(#2280),#2298,.F.);
#2280 = FACE_BOUND('',#2281,.F.);
#2281 = EDGE_LOOP('',(#2282,#2290,#2291,#2292));
#2282 = ORIENTED_EDGE('',*,*,#2283,.F.);
#2283 = EDGE_CURVE('',#1435,#2284,#2286,.T.);
#2284 = VERTEX_POINT('',#2285);
#2285 = CARTESIAN_POINT('',(0.25,-4.25,5.875));
#2286 = LINE('',#2287,#2288);
#2287 = CARTESIAN_POINT('',(0.25,-4.25,-2.8));
#2288 = VECTOR('',#2289,1.);
#2289 = DIRECTION('',(0.,0.,1.));
#2290 = ORIENTED_EDGE('',*,*,#1442,.T.);
#2291 = ORIENTED_EDGE('',*,*,#2259,.T.);
#2292 = ORIENTED_EDGE('',*,*,#2293,.T.);
#2293 = EDGE_CURVE('',#2260,#2284,#2294,.T.);
#2294 = LINE('',#2295,#2296);
#2295 = CARTESIAN_POINT('',(-0.25,-4.25,5.875));
#2296 = VECTOR('',#2297,1.);
#2297 = DIRECTION('',(1.,0.,0.));
#2298 = PLANE('',#2299);
#2299 = AXIS2_PLACEMENT_3D('',#2300,#2301,#2302);
#2300 = CARTESIAN_POINT('',(-0.25,-4.25,-2.8));
#2301 = DIRECTION('',(0.,1.,0.));
#2302 = DIRECTION('',(0.,-0.,1.));
#2303 = ADVANCED_FACE('',(#2304),#2315,.T.);
#2304 = FACE_BOUND('',#2305,.T.);
#2305 = EDGE_LOOP('',(#2306,#2307,#2308,#2309));
#2306 = ORIENTED_EDGE('',*,*,#2283,.F.);
#2307 = ORIENTED_EDGE('',*,*,#1434,.T.);
#2308 = ORIENTED_EDGE('',*,*,#2228,.T.);
#2309 = ORIENTED_EDGE('',*,*,#2310,.F.);
#2310 = EDGE_CURVE('',#2284,#2229,#2311,.T.);
#2311 = LINE('',#2312,#2313);
#2312 = CARTESIAN_POINT('',(0.25,-4.25,5.875));
#2313 = VECTOR('',#2314,1.);
#2314 = DIRECTION('',(0.,1.,0.));
#2315 = PLANE('',#2316);
#2316 = AXIS2_PLACEMENT_3D('',#2317,#2318,#2319);
#2317 = CARTESIAN_POINT('',(0.25,-4.25,-2.8));
#2318 = DIRECTION('',(1.,0.,0.));
#2319 = DIRECTION('',(0.,0.,1.));
#2320 = ADVANCED_FACE('',(#2321),#2346,.F.);
#2321 = FACE_BOUND('',#2322,.F.);
#2322 = EDGE_LOOP('',(#2323,#2331,#2332,#2340));
#2323 = ORIENTED_EDGE('',*,*,#2324,.F.);
#2324 = EDGE_CURVE('',#1749,#2325,#2327,.T.);
#2325 = VERTEX_POINT('',#2326);
#2326 = CARTESIAN_POINT('',(0.125,-0.125,-2.8));
#2327 = LINE('',#2328,#2329);
#2328 = CARTESIAN_POINT('',(0.125,-0.125,-2.8));
#2329 = VECTOR('',#2330,1.);
#2330 = DIRECTION('',(-0.57735026919,0.57735026919,-0.57735026919));
#2331 = ORIENTED_EDGE('',*,*,#1756,.T.);
#2332 = ORIENTED_EDGE('',*,*,#2333,.T.);
#2333 = EDGE_CURVE('',#1757,#2334,#2336,.T.);
#2334 = VERTEX_POINT('',#2335);
#2335 = CARTESIAN_POINT('',(0.125,0.125,-2.8));
#2336 = LINE('',#2337,#2338);
#2337 = CARTESIAN_POINT('',(4.166666666667E-02,4.166666666667E-02,
    -2.883333333333));
#2338 = VECTOR('',#2339,1.);
#2339 = DIRECTION('',(-0.57735026919,-0.57735026919,-0.57735026919));
#2340 = ORIENTED_EDGE('',*,*,#2341,.F.);
#2341 = EDGE_CURVE('',#2325,#2334,#2342,.T.);
#2342 = LINE('',#2343,#2344);
#2343 = CARTESIAN_POINT('',(0.125,-0.25,-2.8));
#2344 = VECTOR('',#2345,1.);
#2345 = DIRECTION('',(0.,1.,0.));
#2346 = PLANE('',#2347);
#2347 = AXIS2_PLACEMENT_3D('',#2348,#2349,#2350);
#2348 = CARTESIAN_POINT('',(0.1875,-0.25,-2.7375));
#2349 = DIRECTION('',(-0.707106781187,0.,0.707106781187));
#2350 = DIRECTION('',(0.,1.,0.));
#2351 = ADVANCED_FACE('',(#2352),#2370,.F.);
#2352 = FACE_BOUND('',#2353,.T.);
#2353 = EDGE_LOOP('',(#2354,#2362,#2363,#2364));
#2354 = ORIENTED_EDGE('',*,*,#2355,.F.);
#2355 = EDGE_CURVE('',#1781,#2356,#2358,.T.);
#2356 = VERTEX_POINT('',#2357);
#2357 = CARTESIAN_POINT('',(-0.125,0.125,-2.8));
#2358 = LINE('',#2359,#2360);
#2359 = CARTESIAN_POINT('',(-0.125,0.125,-2.8));
#2360 = VECTOR('',#2361,1.);
#2361 = DIRECTION('',(0.57735026919,-0.57735026919,-0.57735026919));
#2362 = ORIENTED_EDGE('',*,*,#1780,.T.);
#2363 = ORIENTED_EDGE('',*,*,#2333,.T.);
#2364 = ORIENTED_EDGE('',*,*,#2365,.F.);
#2365 = EDGE_CURVE('',#2356,#2334,#2366,.T.);
#2366 = LINE('',#2367,#2368);
#2367 = CARTESIAN_POINT('',(-0.25,0.125,-2.8));
#2368 = VECTOR('',#2369,1.);
#2369 = DIRECTION('',(1.,0.,0.));
#2370 = PLANE('',#2371);
#2371 = AXIS2_PLACEMENT_3D('',#2372,#2373,#2374);
#2372 = CARTESIAN_POINT('',(-0.25,0.1875,-2.7375));
#2373 = DIRECTION('',(0.,-0.707106781187,0.707106781187));
#2374 = DIRECTION('',(-1.,0.,0.));
#2375 = ADVANCED_FACE('',(#2376),#2394,.T.);
#2376 = FACE_BOUND('',#2377,.T.);
#2377 = EDGE_LOOP('',(#2378,#2386,#2387,#2388));
#2378 = ORIENTED_EDGE('',*,*,#2379,.F.);
#2379 = EDGE_CURVE('',#1804,#2380,#2382,.T.);
#2380 = VERTEX_POINT('',#2381);
#2381 = CARTESIAN_POINT('',(-0.125,-0.125,-2.8));
#2382 = LINE('',#2383,#2384);
#2383 = CARTESIAN_POINT('',(-0.208333333333,-0.208333333333,
    -2.716666666667));
#2384 = VECTOR('',#2385,1.);
#2385 = DIRECTION('',(0.57735026919,0.57735026919,-0.57735026919));
#2386 = ORIENTED_EDGE('',*,*,#1811,.T.);
#2387 = ORIENTED_EDGE('',*,*,#2355,.T.);
#2388 = ORIENTED_EDGE('',*,*,#2389,.F.);
#2389 = EDGE_CURVE('',#2380,#2356,#2390,.T.);
#2390 = LINE('',#2391,#2392);
#2391 = CARTESIAN_POINT('',(-0.125,-0.25,-2.8));
#2392 = VECTOR('',#2393,1.);
#2393 = DIRECTION('',(0.,1.,0.));
#2394 = PLANE('',#2395);
#2395 = AXIS2_PLACEMENT_3D('',#2396,#2397,#2398);
#2396 = CARTESIAN_POINT('',(-0.1875,-0.25,-2.7375));
#2397 = DIRECTION('',(-0.707106781187,0.,-0.707106781187));
#2398 = DIRECTION('',(0.,1.,0.));
#2399 = ADVANCED_FACE('',(#2400),#2411,.T.);
#2400 = FACE_BOUND('',#2401,.F.);
#2401 = EDGE_LOOP('',(#2402,#2403,#2404,#2405));
#2402 = ORIENTED_EDGE('',*,*,#2379,.F.);
#2403 = ORIENTED_EDGE('',*,*,#1828,.T.);
#2404 = ORIENTED_EDGE('',*,*,#2324,.T.);
#2405 = ORIENTED_EDGE('',*,*,#2406,.F.);
#2406 = EDGE_CURVE('',#2380,#2325,#2407,.T.);
#2407 = LINE('',#2408,#2409);
#2408 = CARTESIAN_POINT('',(-0.25,-0.125,-2.8));
#2409 = VECTOR('',#2410,1.);
#2410 = DIRECTION('',(1.,0.,0.));
#2411 = PLANE('',#2412);
#2412 = AXIS2_PLACEMENT_3D('',#2413,#2414,#2415);
#2413 = CARTESIAN_POINT('',(-0.25,-0.1875,-2.7375));
#2414 = DIRECTION('',(0.,-0.707106781187,-0.707106781187));
#2415 = DIRECTION('',(-1.,-0.,0.));
#2416 = ADVANCED_FACE('',(#2417),#2442,.T.);
#2417 = FACE_BOUND('',#2418,.F.);
#2418 = EDGE_LOOP('',(#2419,#2427,#2428,#2436));
#2419 = ORIENTED_EDGE('',*,*,#2420,.F.);
#2420 = EDGE_CURVE('',#1853,#2421,#2423,.T.);
#2421 = VERTEX_POINT('',#2422);
#2422 = CARTESIAN_POINT('',(-0.125,-2.125,-2.8));
#2423 = LINE('',#2424,#2425);
#2424 = CARTESIAN_POINT('',(-0.208333333333,-2.208333333333,
    -2.716666666667));
#2425 = VECTOR('',#2426,1.);
#2426 = DIRECTION('',(0.57735026919,0.57735026919,-0.57735026919));
#2427 = ORIENTED_EDGE('',*,*,#1852,.T.);
#2428 = ORIENTED_EDGE('',*,*,#2429,.T.);
#2429 = EDGE_CURVE('',#1845,#2430,#2432,.T.);
#2430 = VERTEX_POINT('',#2431);
#2431 = CARTESIAN_POINT('',(0.125,-2.125,-2.8));
#2432 = LINE('',#2433,#2434);
#2433 = CARTESIAN_POINT('',(0.125,-2.125,-2.8));
#2434 = VECTOR('',#2435,1.);
#2435 = DIRECTION('',(-0.57735026919,0.57735026919,-0.57735026919));
#2436 = ORIENTED_EDGE('',*,*,#2437,.F.);
#2437 = EDGE_CURVE('',#2421,#2430,#2438,.T.);
#2438 = LINE('',#2439,#2440);
#2439 = CARTESIAN_POINT('',(-0.25,-2.125,-2.8));
#2440 = VECTOR('',#2441,1.);
#2441 = DIRECTION('',(1.,0.,0.));
#2442 = PLANE('',#2443);
#2443 = AXIS2_PLACEMENT_3D('',#2444,#2445,#2446);
#2444 = CARTESIAN_POINT('',(-0.25,-2.1875,-2.7375));
#2445 = DIRECTION('',(0.,-0.707106781187,-0.707106781187));
#2446 = DIRECTION('',(-1.,-0.,0.));
#2447 = ADVANCED_FACE('',(#2448),#2466,.F.);
#2448 = FACE_BOUND('',#2449,.F.);
#2449 = EDGE_LOOP('',(#2450,#2451,#2452,#2460));
#2450 = ORIENTED_EDGE('',*,*,#2429,.F.);
#2451 = ORIENTED_EDGE('',*,*,#1876,.T.);
#2452 = ORIENTED_EDGE('',*,*,#2453,.T.);
#2453 = EDGE_CURVE('',#1877,#2454,#2456,.T.);
#2454 = VERTEX_POINT('',#2455);
#2455 = CARTESIAN_POINT('',(0.125,-1.875,-2.8));
#2456 = LINE('',#2457,#2458);
#2457 = CARTESIAN_POINT('',(4.166666666667E-02,-1.958333333333,
    -2.883333333333));
#2458 = VECTOR('',#2459,1.);
#2459 = DIRECTION('',(-0.57735026919,-0.57735026919,-0.57735026919));
#2460 = ORIENTED_EDGE('',*,*,#2461,.F.);
#2461 = EDGE_CURVE('',#2430,#2454,#2462,.T.);
#2462 = LINE('',#2463,#2464);
#2463 = CARTESIAN_POINT('',(0.125,-2.25,-2.8));
#2464 = VECTOR('',#2465,1.);
#2465 = DIRECTION('',(0.,1.,0.));
#2466 = PLANE('',#2467);
#2467 = AXIS2_PLACEMENT_3D('',#2468,#2469,#2470);
#2468 = CARTESIAN_POINT('',(0.1875,-2.25,-2.7375));
#2469 = DIRECTION('',(-0.707106781187,0.,0.707106781187));
#2470 = DIRECTION('',(0.,1.,0.));
#2471 = ADVANCED_FACE('',(#2472),#2490,.F.);
#2472 = FACE_BOUND('',#2473,.T.);
#2473 = EDGE_LOOP('',(#2474,#2482,#2483,#2484));
#2474 = ORIENTED_EDGE('',*,*,#2475,.F.);
#2475 = EDGE_CURVE('',#1901,#2476,#2478,.T.);
#2476 = VERTEX_POINT('',#2477);
#2477 = CARTESIAN_POINT('',(-0.125,-1.875,-2.8));
#2478 = LINE('',#2479,#2480);
#2479 = CARTESIAN_POINT('',(-0.125,-1.875,-2.8));
#2480 = VECTOR('',#2481,1.);
#2481 = DIRECTION('',(0.57735026919,-0.57735026919,-0.57735026919));
#2482 = ORIENTED_EDGE('',*,*,#1900,.T.);
#2483 = ORIENTED_EDGE('',*,*,#2453,.T.);
#2484 = ORIENTED_EDGE('',*,*,#2485,.F.);
#2485 = EDGE_CURVE('',#2476,#2454,#2486,.T.);
#2486 = LINE('',#2487,#2488);
#2487 = CARTESIAN_POINT('',(-0.25,-1.875,-2.8));
#2488 = VECTOR('',#2489,1.);
#2489 = DIRECTION('',(1.,0.,0.));
#2490 = PLANE('',#2491);
#2491 = AXIS2_PLACEMENT_3D('',#2492,#2493,#2494);
#2492 = CARTESIAN_POINT('',(-0.25,-1.8125,-2.7375));
#2493 = DIRECTION('',(0.,-0.707106781187,0.707106781187));
#2494 = DIRECTION('',(-1.,0.,0.));
#2495 = ADVANCED_FACE('',(#2496),#2507,.T.);
#2496 = FACE_BOUND('',#2497,.T.);
#2497 = EDGE_LOOP('',(#2498,#2499,#2500,#2501));
#2498 = ORIENTED_EDGE('',*,*,#2420,.F.);
#2499 = ORIENTED_EDGE('',*,*,#1924,.T.);
#2500 = ORIENTED_EDGE('',*,*,#2475,.T.);
#2501 = ORIENTED_EDGE('',*,*,#2502,.F.);
#2502 = EDGE_CURVE('',#2421,#2476,#2503,.T.);
#2503 = LINE('',#2504,#2505);
#2504 = CARTESIAN_POINT('',(-0.125,-2.25,-2.8));
#2505 = VECTOR('',#2506,1.);
#2506 = DIRECTION('',(0.,1.,0.));
#2507 = PLANE('',#2508);
#2508 = AXIS2_PLACEMENT_3D('',#2509,#2510,#2511);
#2509 = CARTESIAN_POINT('',(-0.1875,-2.25,-2.7375));
#2510 = DIRECTION('',(-0.707106781187,0.,-0.707106781187));
#2511 = DIRECTION('',(0.,1.,0.));
#2512 = ADVANCED_FACE('',(#2513),#2538,.F.);
#2513 = FACE_BOUND('',#2514,.T.);
#2514 = EDGE_LOOP('',(#2515,#2523,#2524,#2532));
#2515 = ORIENTED_EDGE('',*,*,#2516,.F.);
#2516 = EDGE_CURVE('',#1949,#2517,#2519,.T.);
#2517 = VERTEX_POINT('',#2518);
#2518 = CARTESIAN_POINT('',(-0.125,-3.875,-2.8));
#2519 = LINE('',#2520,#2521);
#2520 = CARTESIAN_POINT('',(-0.125,-3.875,-2.8));
#2521 = VECTOR('',#2522,1.);
#2522 = DIRECTION('',(0.57735026919,-0.57735026919,-0.57735026919));
#2523 = ORIENTED_EDGE('',*,*,#1948,.T.);
#2524 = ORIENTED_EDGE('',*,*,#2525,.T.);
#2525 = EDGE_CURVE('',#1941,#2526,#2528,.T.);
#2526 = VERTEX_POINT('',#2527);
#2527 = CARTESIAN_POINT('',(0.125,-3.875,-2.8));
#2528 = LINE('',#2529,#2530);
#2529 = CARTESIAN_POINT('',(4.166666666667E-02,-3.958333333333,
    -2.883333333333));
#2530 = VECTOR('',#2531,1.);
#2531 = DIRECTION('',(-0.57735026919,-0.57735026919,-0.57735026919));
#2532 = ORIENTED_EDGE('',*,*,#2533,.F.);
#2533 = EDGE_CURVE('',#2517,#2526,#2534,.T.);
#2534 = LINE('',#2535,#2536);
#2535 = CARTESIAN_POINT('',(-0.25,-3.875,-2.8));
#2536 = VECTOR('',#2537,1.);
#2537 = DIRECTION('',(1.,0.,0.));
#2538 = PLANE('',#2539);
#2539 = AXIS2_PLACEMENT_3D('',#2540,#2541,#2542);
#2540 = CARTESIAN_POINT('',(-0.25,-3.8125,-2.7375));
#2541 = DIRECTION('',(0.,-0.707106781187,0.707106781187));
#2542 = DIRECTION('',(-1.,0.,0.));
#2543 = ADVANCED_FACE('',(#2544),#2562,.T.);
#2544 = FACE_BOUND('',#2545,.T.);
#2545 = EDGE_LOOP('',(#2546,#2554,#2555,#2556));
#2546 = ORIENTED_EDGE('',*,*,#2547,.F.);
#2547 = EDGE_CURVE('',#1972,#2548,#2550,.T.);
#2548 = VERTEX_POINT('',#2549);
#2549 = CARTESIAN_POINT('',(-0.125,-4.125,-2.8));
#2550 = LINE('',#2551,#2552);
#2551 = CARTESIAN_POINT('',(-0.208333333333,-4.208333333333,
    -2.716666666667));
#2552 = VECTOR('',#2553,1.);
#2553 = DIRECTION('',(0.57735026919,0.57735026919,-0.57735026919));
#2554 = ORIENTED_EDGE('',*,*,#1979,.T.);
#2555 = ORIENTED_EDGE('',*,*,#2516,.T.);
#2556 = ORIENTED_EDGE('',*,*,#2557,.F.);
#2557 = EDGE_CURVE('',#2548,#2517,#2558,.T.);
#2558 = LINE('',#2559,#2560);
#2559 = CARTESIAN_POINT('',(-0.125,-4.25,-2.8));
#2560 = VECTOR('',#2561,1.);
#2561 = DIRECTION('',(0.,1.,0.));
#2562 = PLANE('',#2563);
#2563 = AXIS2_PLACEMENT_3D('',#2564,#2565,#2566);
#2564 = CARTESIAN_POINT('',(-0.1875,-4.25,-2.7375));
#2565 = DIRECTION('',(-0.707106781187,0.,-0.707106781187));
#2566 = DIRECTION('',(0.,1.,0.));
#2567 = ADVANCED_FACE('',(#2568),#2586,.T.);
#2568 = FACE_BOUND('',#2569,.F.);
#2569 = EDGE_LOOP('',(#2570,#2571,#2572,#2580));
#2570 = ORIENTED_EDGE('',*,*,#2547,.F.);
#2571 = ORIENTED_EDGE('',*,*,#2003,.T.);
#2572 = ORIENTED_EDGE('',*,*,#2573,.T.);
#2573 = EDGE_CURVE('',#1996,#2574,#2576,.T.);
#2574 = VERTEX_POINT('',#2575);
#2575 = CARTESIAN_POINT('',(0.125,-4.125,-2.8));
#2576 = LINE('',#2577,#2578);
#2577 = CARTESIAN_POINT('',(0.125,-4.125,-2.8));
#2578 = VECTOR('',#2579,1.);
#2579 = DIRECTION('',(-0.57735026919,0.57735026919,-0.57735026919));
#2580 = ORIENTED_EDGE('',*,*,#2581,.F.);
#2581 = EDGE_CURVE('',#2548,#2574,#2582,.T.);
#2582 = LINE('',#2583,#2584);
#2583 = CARTESIAN_POINT('',(-0.25,-4.125,-2.8));
#2584 = VECTOR('',#2585,1.);
#2585 = DIRECTION('',(1.,0.,0.));
#2586 = PLANE('',#2587);
#2587 = AXIS2_PLACEMENT_3D('',#2588,#2589,#2590);
#2588 = CARTESIAN_POINT('',(-0.25,-4.1875,-2.7375));
#2589 = DIRECTION('',(0.,-0.707106781187,-0.707106781187));
#2590 = DIRECTION('',(-1.,-0.,0.));
#2591 = ADVANCED_FACE('',(#2592),#2603,.F.);
#2592 = FACE_BOUND('',#2593,.F.);
#2593 = EDGE_LOOP('',(#2594,#2595,#2596,#2597));
#2594 = ORIENTED_EDGE('',*,*,#2573,.F.);
#2595 = ORIENTED_EDGE('',*,*,#2020,.T.);
#2596 = ORIENTED_EDGE('',*,*,#2525,.T.);
#2597 = ORIENTED_EDGE('',*,*,#2598,.F.);
#2598 = EDGE_CURVE('',#2574,#2526,#2599,.T.);
#2599 = LINE('',#2600,#2601);
#2600 = CARTESIAN_POINT('',(0.125,-4.25,-2.8));
#2601 = VECTOR('',#2602,1.);
#2602 = DIRECTION('',(0.,1.,0.));
#2603 = PLANE('',#2604);
#2604 = AXIS2_PLACEMENT_3D('',#2605,#2606,#2607);
#2605 = CARTESIAN_POINT('',(0.1875,-4.25,-2.7375));
#2606 = DIRECTION('',(-0.707106781187,0.,0.707106781187));
#2607 = DIRECTION('',(0.,1.,0.));
#2608 = ADVANCED_FACE('',(#2609),#2634,.T.);
#2609 = FACE_BOUND('',#2610,.T.);
#2610 = EDGE_LOOP('',(#2611,#2619,#2620,#2628));
#2611 = ORIENTED_EDGE('',*,*,#2612,.F.);
#2612 = EDGE_CURVE('',#2037,#2613,#2615,.T.);
#2613 = VERTEX_POINT('',#2614);
#2614 = CARTESIAN_POINT('',(0.125,-0.125,6.));
#2615 = LINE('',#2616,#2617);
#2616 = CARTESIAN_POINT('',(0.125,-0.125,6.));
#2617 = VECTOR('',#2618,1.);
#2618 = DIRECTION('',(-0.57735026919,0.57735026919,0.57735026919));
#2619 = ORIENTED_EDGE('',*,*,#2053,.T.);
#2620 = ORIENTED_EDGE('',*,*,#2621,.T.);
#2621 = EDGE_CURVE('',#2046,#2622,#2624,.T.);
#2622 = VERTEX_POINT('',#2623);
#2623 = CARTESIAN_POINT('',(0.125,0.125,6.));
#2624 = LINE('',#2625,#2626);
#2625 = CARTESIAN_POINT('',(4.166666666667E-02,4.166666666667E-02,
    6.083333333333));
#2626 = VECTOR('',#2627,1.);
#2627 = DIRECTION('',(-0.57735026919,-0.57735026919,0.57735026919));
#2628 = ORIENTED_EDGE('',*,*,#2629,.F.);
#2629 = EDGE_CURVE('',#2613,#2622,#2630,.T.);
#2630 = LINE('',#2631,#2632);
#2631 = CARTESIAN_POINT('',(0.125,-0.25,6.));
#2632 = VECTOR('',#2633,1.);
#2633 = DIRECTION('',(0.,1.,0.));
#2634 = PLANE('',#2635);
#2635 = AXIS2_PLACEMENT_3D('',#2636,#2637,#2638);
#2636 = CARTESIAN_POINT('',(0.1875,-0.25,5.9375));
#2637 = DIRECTION('',(0.707106781187,0.,0.707106781187));
#2638 = DIRECTION('',(-0.,1.,0.));
#2639 = ADVANCED_FACE('',(#2640),#2658,.T.);
#2640 = FACE_BOUND('',#2641,.F.);
#2641 = EDGE_LOOP('',(#2642,#2650,#2651,#2652));
#2642 = ORIENTED_EDGE('',*,*,#2643,.F.);
#2643 = EDGE_CURVE('',#2070,#2644,#2646,.T.);
#2644 = VERTEX_POINT('',#2645);
#2645 = CARTESIAN_POINT('',(-0.125,0.125,6.));
#2646 = LINE('',#2647,#2648);
#2647 = CARTESIAN_POINT('',(-0.125,0.125,6.));
#2648 = VECTOR('',#2649,1.);
#2649 = DIRECTION('',(0.57735026919,-0.57735026919,0.57735026919));
#2650 = ORIENTED_EDGE('',*,*,#2077,.T.);
#2651 = ORIENTED_EDGE('',*,*,#2621,.T.);
#2652 = ORIENTED_EDGE('',*,*,#2653,.F.);
#2653 = EDGE_CURVE('',#2644,#2622,#2654,.T.);
#2654 = LINE('',#2655,#2656);
#2655 = CARTESIAN_POINT('',(-0.25,0.125,6.));
#2656 = VECTOR('',#2657,1.);
#2657 = DIRECTION('',(1.,0.,0.));
#2658 = PLANE('',#2659);
#2659 = AXIS2_PLACEMENT_3D('',#2660,#2661,#2662);
#2660 = CARTESIAN_POINT('',(-0.25,0.1875,5.9375));
#2661 = DIRECTION('',(0.,0.707106781187,0.707106781187));
#2662 = DIRECTION('',(-1.,0.,0.));
#2663 = ADVANCED_FACE('',(#2664),#2682,.F.);
#2664 = FACE_BOUND('',#2665,.F.);
#2665 = EDGE_LOOP('',(#2666,#2674,#2675,#2676));
#2666 = ORIENTED_EDGE('',*,*,#2667,.F.);
#2667 = EDGE_CURVE('',#2092,#2668,#2670,.T.);
#2668 = VERTEX_POINT('',#2669);
#2669 = CARTESIAN_POINT('',(-0.125,-0.125,6.));
#2670 = LINE('',#2671,#2672);
#2671 = CARTESIAN_POINT('',(-0.208333333333,-0.208333333333,
    5.916666666667));
#2672 = VECTOR('',#2673,1.);
#2673 = DIRECTION('',(0.57735026919,0.57735026919,0.57735026919));
#2674 = ORIENTED_EDGE('',*,*,#2101,.T.);
#2675 = ORIENTED_EDGE('',*,*,#2643,.T.);
#2676 = ORIENTED_EDGE('',*,*,#2677,.F.);
#2677 = EDGE_CURVE('',#2668,#2644,#2678,.T.);
#2678 = LINE('',#2679,#2680);
#2679 = CARTESIAN_POINT('',(-0.125,-0.25,6.));
#2680 = VECTOR('',#2681,1.);
#2681 = DIRECTION('',(0.,1.,0.));
#2682 = PLANE('',#2683);
#2683 = AXIS2_PLACEMENT_3D('',#2684,#2685,#2686);
#2684 = CARTESIAN_POINT('',(-0.1875,-0.25,5.9375));
#2685 = DIRECTION('',(0.707106781187,0.,-0.707106781187));
#2686 = DIRECTION('',(0.,1.,0.));
#2687 = ADVANCED_FACE('',(#2688),#2699,.F.);
#2688 = FACE_BOUND('',#2689,.T.);
#2689 = EDGE_LOOP('',(#2690,#2691,#2692,#2693));
#2690 = ORIENTED_EDGE('',*,*,#2667,.F.);
#2691 = ORIENTED_EDGE('',*,*,#2118,.T.);
#2692 = ORIENTED_EDGE('',*,*,#2612,.T.);
#2693 = ORIENTED_EDGE('',*,*,#2694,.F.);
#2694 = EDGE_CURVE('',#2668,#2613,#2695,.T.);
#2695 = LINE('',#2696,#2697);
#2696 = CARTESIAN_POINT('',(-0.25,-0.125,6.));
#2697 = VECTOR('',#2698,1.);
#2698 = DIRECTION('',(1.,0.,0.));
#2699 = PLANE('',#2700);
#2700 = AXIS2_PLACEMENT_3D('',#2701,#2702,#2703);
#2701 = CARTESIAN_POINT('',(-0.25,-0.1875,5.9375));
#2702 = DIRECTION('',(0.,0.707106781187,-0.707106781187));
#2703 = DIRECTION('',(-1.,0.,-0.));
#2704 = ADVANCED_FACE('',(#2705),#2730,.F.);
#2705 = FACE_BOUND('',#2706,.T.);
#2706 = EDGE_LOOP('',(#2707,#2715,#2716,#2724));
#2707 = ORIENTED_EDGE('',*,*,#2708,.F.);
#2708 = EDGE_CURVE('',#2142,#2709,#2711,.T.);
#2709 = VERTEX_POINT('',#2710);
#2710 = CARTESIAN_POINT('',(-0.125,-2.125,6.));
#2711 = LINE('',#2712,#2713);
#2712 = CARTESIAN_POINT('',(-0.208333333333,-2.208333333333,
    5.916666666667));
#2713 = VECTOR('',#2714,1.);
#2714 = DIRECTION('',(0.57735026919,0.57735026919,0.57735026919));
#2715 = ORIENTED_EDGE('',*,*,#2149,.T.);
#2716 = ORIENTED_EDGE('',*,*,#2717,.T.);
#2717 = EDGE_CURVE('',#2133,#2718,#2720,.T.);
#2718 = VERTEX_POINT('',#2719);
#2719 = CARTESIAN_POINT('',(0.125,-2.125,6.));
#2720 = LINE('',#2721,#2722);
#2721 = CARTESIAN_POINT('',(0.125,-2.125,6.));
#2722 = VECTOR('',#2723,1.);
#2723 = DIRECTION('',(-0.57735026919,0.57735026919,0.57735026919));
#2724 = ORIENTED_EDGE('',*,*,#2725,.F.);
#2725 = EDGE_CURVE('',#2709,#2718,#2726,.T.);
#2726 = LINE('',#2727,#2728);
#2727 = CARTESIAN_POINT('',(-0.25,-2.125,6.));
#2728 = VECTOR('',#2729,1.);
#2729 = DIRECTION('',(1.,0.,0.));
#2730 = PLANE('',#2731);
#2731 = AXIS2_PLACEMENT_3D('',#2732,#2733,#2734);
#2732 = CARTESIAN_POINT('',(-0.25,-2.1875,5.9375));
#2733 = DIRECTION('',(0.,0.707106781187,-0.707106781187));
#2734 = DIRECTION('',(-1.,0.,-0.));
#2735 = ADVANCED_FACE('',(#2736),#2754,.T.);
#2736 = FACE_BOUND('',#2737,.T.);
#2737 = EDGE_LOOP('',(#2738,#2739,#2740,#2748));
#2738 = ORIENTED_EDGE('',*,*,#2717,.F.);
#2739 = ORIENTED_EDGE('',*,*,#2173,.T.);
#2740 = ORIENTED_EDGE('',*,*,#2741,.T.);
#2741 = EDGE_CURVE('',#2166,#2742,#2744,.T.);
#2742 = VERTEX_POINT('',#2743);
#2743 = CARTESIAN_POINT('',(0.125,-1.875,6.));
#2744 = LINE('',#2745,#2746);
#2745 = CARTESIAN_POINT('',(4.166666666667E-02,-1.958333333333,
    6.083333333333));
#2746 = VECTOR('',#2747,1.);
#2747 = DIRECTION('',(-0.57735026919,-0.57735026919,0.57735026919));
#2748 = ORIENTED_EDGE('',*,*,#2749,.F.);
#2749 = EDGE_CURVE('',#2718,#2742,#2750,.T.);
#2750 = LINE('',#2751,#2752);
#2751 = CARTESIAN_POINT('',(0.125,-2.25,6.));
#2752 = VECTOR('',#2753,1.);
#2753 = DIRECTION('',(0.,1.,0.));
#2754 = PLANE('',#2755);
#2755 = AXIS2_PLACEMENT_3D('',#2756,#2757,#2758);
#2756 = CARTESIAN_POINT('',(0.1875,-2.25,5.9375));
#2757 = DIRECTION('',(0.707106781187,0.,0.707106781187));
#2758 = DIRECTION('',(-0.,1.,0.));
#2759 = ADVANCED_FACE('',(#2760),#2778,.T.);
#2760 = FACE_BOUND('',#2761,.F.);
#2761 = EDGE_LOOP('',(#2762,#2770,#2771,#2772));
#2762 = ORIENTED_EDGE('',*,*,#2763,.F.);
#2763 = EDGE_CURVE('',#2190,#2764,#2766,.T.);
#2764 = VERTEX_POINT('',#2765);
#2765 = CARTESIAN_POINT('',(-0.125,-1.875,6.));
#2766 = LINE('',#2767,#2768);
#2767 = CARTESIAN_POINT('',(-0.125,-1.875,6.));
#2768 = VECTOR('',#2769,1.);
#2769 = DIRECTION('',(0.57735026919,-0.57735026919,0.57735026919));
#2770 = ORIENTED_EDGE('',*,*,#2197,.T.);
#2771 = ORIENTED_EDGE('',*,*,#2741,.T.);
#2772 = ORIENTED_EDGE('',*,*,#2773,.F.);
#2773 = EDGE_CURVE('',#2764,#2742,#2774,.T.);
#2774 = LINE('',#2775,#2776);
#2775 = CARTESIAN_POINT('',(-0.25,-1.875,6.));
#2776 = VECTOR('',#2777,1.);
#2777 = DIRECTION('',(1.,0.,0.));
#2778 = PLANE('',#2779);
#2779 = AXIS2_PLACEMENT_3D('',#2780,#2781,#2782);
#2780 = CARTESIAN_POINT('',(-0.25,-1.8125,5.9375));
#2781 = DIRECTION('',(0.,0.707106781187,0.707106781187));
#2782 = DIRECTION('',(-1.,0.,0.));
#2783 = ADVANCED_FACE('',(#2784),#2795,.F.);
#2784 = FACE_BOUND('',#2785,.F.);
#2785 = EDGE_LOOP('',(#2786,#2787,#2788,#2789));
#2786 = ORIENTED_EDGE('',*,*,#2708,.F.);
#2787 = ORIENTED_EDGE('',*,*,#2214,.T.);
#2788 = ORIENTED_EDGE('',*,*,#2763,.T.);
#2789 = ORIENTED_EDGE('',*,*,#2790,.F.);
#2790 = EDGE_CURVE('',#2709,#2764,#2791,.T.);
#2791 = LINE('',#2792,#2793);
#2792 = CARTESIAN_POINT('',(-0.125,-2.25,6.));
#2793 = VECTOR('',#2794,1.);
#2794 = DIRECTION('',(0.,1.,0.));
#2795 = PLANE('',#2796);
#2796 = AXIS2_PLACEMENT_3D('',#2797,#2798,#2799);
#2797 = CARTESIAN_POINT('',(-0.1875,-2.25,5.9375));
#2798 = DIRECTION('',(0.707106781187,0.,-0.707106781187));
#2799 = DIRECTION('',(0.,1.,0.));
#2800 = ADVANCED_FACE('',(#2801),#2826,.T.);
#2801 = FACE_BOUND('',#2802,.F.);
#2802 = EDGE_LOOP('',(#2803,#2811,#2812,#2820));
#2803 = ORIENTED_EDGE('',*,*,#2804,.F.);
#2804 = EDGE_CURVE('',#2238,#2805,#2807,.T.);
#2805 = VERTEX_POINT('',#2806);
#2806 = CARTESIAN_POINT('',(-0.125,-3.875,6.));
#2807 = LINE('',#2808,#2809);
#2808 = CARTESIAN_POINT('',(-0.125,-3.875,6.));
#2809 = VECTOR('',#2810,1.);
#2810 = DIRECTION('',(0.57735026919,-0.57735026919,0.57735026919));
#2811 = ORIENTED_EDGE('',*,*,#2245,.T.);
#2812 = ORIENTED_EDGE('',*,*,#2813,.T.);
#2813 = EDGE_CURVE('',#2229,#2814,#2816,.T.);
#2814 = VERTEX_POINT('',#2815);
#2815 = CARTESIAN_POINT('',(0.125,-3.875,6.));
#2816 = LINE('',#2817,#2818);
#2817 = CARTESIAN_POINT('',(4.166666666667E-02,-3.958333333333,
    6.083333333333));
#2818 = VECTOR('',#2819,1.);
#2819 = DIRECTION('',(-0.57735026919,-0.57735026919,0.57735026919));
#2820 = ORIENTED_EDGE('',*,*,#2821,.F.);
#2821 = EDGE_CURVE('',#2805,#2814,#2822,.T.);
#2822 = LINE('',#2823,#2824);
#2823 = CARTESIAN_POINT('',(-0.25,-3.875,6.));
#2824 = VECTOR('',#2825,1.);
#2825 = DIRECTION('',(1.,0.,0.));
#2826 = PLANE('',#2827);
#2827 = AXIS2_PLACEMENT_3D('',#2828,#2829,#2830);
#2828 = CARTESIAN_POINT('',(-0.25,-3.8125,5.9375));
#2829 = DIRECTION('',(0.,0.707106781187,0.707106781187));
#2830 = DIRECTION('',(-1.,0.,0.));
#2831 = ADVANCED_FACE('',(#2832),#2850,.F.);
#2832 = FACE_BOUND('',#2833,.F.);
#2833 = EDGE_LOOP('',(#2834,#2842,#2843,#2844));
#2834 = ORIENTED_EDGE('',*,*,#2835,.F.);
#2835 = EDGE_CURVE('',#2260,#2836,#2838,.T.);
#2836 = VERTEX_POINT('',#2837);
#2837 = CARTESIAN_POINT('',(-0.125,-4.125,6.));
#2838 = LINE('',#2839,#2840);
#2839 = CARTESIAN_POINT('',(-0.208333333333,-4.208333333333,
    5.916666666667));
#2840 = VECTOR('',#2841,1.);
#2841 = DIRECTION('',(0.57735026919,0.57735026919,0.57735026919));
#2842 = ORIENTED_EDGE('',*,*,#2269,.T.);
#2843 = ORIENTED_EDGE('',*,*,#2804,.T.);
#2844 = ORIENTED_EDGE('',*,*,#2845,.F.);
#2845 = EDGE_CURVE('',#2836,#2805,#2846,.T.);
#2846 = LINE('',#2847,#2848);
#2847 = CARTESIAN_POINT('',(-0.125,-4.25,6.));
#2848 = VECTOR('',#2849,1.);
#2849 = DIRECTION('',(0.,1.,0.));
#2850 = PLANE('',#2851);
#2851 = AXIS2_PLACEMENT_3D('',#2852,#2853,#2854);
#2852 = CARTESIAN_POINT('',(-0.1875,-4.25,5.9375));
#2853 = DIRECTION('',(0.707106781187,0.,-0.707106781187));
#2854 = DIRECTION('',(0.,1.,0.));
#2855 = ADVANCED_FACE('',(#2856),#2874,.F.);
#2856 = FACE_BOUND('',#2857,.T.);
#2857 = EDGE_LOOP('',(#2858,#2859,#2860,#2868));
#2858 = ORIENTED_EDGE('',*,*,#2835,.F.);
#2859 = ORIENTED_EDGE('',*,*,#2293,.T.);
#2860 = ORIENTED_EDGE('',*,*,#2861,.T.);
#2861 = EDGE_CURVE('',#2284,#2862,#2864,.T.);
#2862 = VERTEX_POINT('',#2863);
#2863 = CARTESIAN_POINT('',(0.125,-4.125,6.));
#2864 = LINE('',#2865,#2866);
#2865 = CARTESIAN_POINT('',(0.125,-4.125,6.));
#2866 = VECTOR('',#2867,1.);
#2867 = DIRECTION('',(-0.57735026919,0.57735026919,0.57735026919));
#2868 = ORIENTED_EDGE('',*,*,#2869,.F.);
#2869 = EDGE_CURVE('',#2836,#2862,#2870,.T.);
#2870 = LINE('',#2871,#2872);
#2871 = CARTESIAN_POINT('',(-0.25,-4.125,6.));
#2872 = VECTOR('',#2873,1.);
#2873 = DIRECTION('',(1.,0.,0.));
#2874 = PLANE('',#2875);
#2875 = AXIS2_PLACEMENT_3D('',#2876,#2877,#2878);
#2876 = CARTESIAN_POINT('',(-0.25,-4.1875,5.9375));
#2877 = DIRECTION('',(0.,0.707106781187,-0.707106781187));
#2878 = DIRECTION('',(-1.,0.,-0.));
#2879 = ADVANCED_FACE('',(#2880),#2891,.T.);
#2880 = FACE_BOUND('',#2881,.T.);
#2881 = EDGE_LOOP('',(#2882,#2883,#2884,#2885));
#2882 = ORIENTED_EDGE('',*,*,#2861,.F.);
#2883 = ORIENTED_EDGE('',*,*,#2310,.T.);
#2884 = ORIENTED_EDGE('',*,*,#2813,.T.);
#2885 = ORIENTED_EDGE('',*,*,#2886,.F.);
#2886 = EDGE_CURVE('',#2862,#2814,#2887,.T.);
#2887 = LINE('',#2888,#2889);
#2888 = CARTESIAN_POINT('',(0.125,-4.25,6.));
#2889 = VECTOR('',#2890,1.);
#2890 = DIRECTION('',(0.,1.,0.));
#2891 = PLANE('',#2892);
#2892 = AXIS2_PLACEMENT_3D('',#2893,#2894,#2895);
#2893 = CARTESIAN_POINT('',(0.1875,-4.25,5.9375));
#2894 = DIRECTION('',(0.707106781187,0.,0.707106781187));
#2895 = DIRECTION('',(-0.,1.,0.));
#2896 = ADVANCED_FACE('',(#2897),#2903,.F.);
#2897 = FACE_BOUND('',#2898,.F.);
#2898 = EDGE_LOOP('',(#2899,#2900,#2901,#2902));
#2899 = ORIENTED_EDGE('',*,*,#2406,.T.);
#2900 = ORIENTED_EDGE('',*,*,#2341,.T.);
#2901 = ORIENTED_EDGE('',*,*,#2365,.F.);
#2902 = ORIENTED_EDGE('',*,*,#2389,.F.);
#2903 = PLANE('',#2904);
#2904 = AXIS2_PLACEMENT_3D('',#2905,#2906,#2907);
#2905 = CARTESIAN_POINT('',(-0.25,-0.25,-2.8));
#2906 = DIRECTION('',(0.,0.,1.));
#2907 = DIRECTION('',(1.,0.,-0.));
#2908 = ADVANCED_FACE('',(#2909),#2915,.F.);
#2909 = FACE_BOUND('',#2910,.F.);
#2910 = EDGE_LOOP('',(#2911,#2912,#2913,#2914));
#2911 = ORIENTED_EDGE('',*,*,#2437,.T.);
#2912 = ORIENTED_EDGE('',*,*,#2461,.T.);
#2913 = ORIENTED_EDGE('',*,*,#2485,.F.);
#2914 = ORIENTED_EDGE('',*,*,#2502,.F.);
#2915 = PLANE('',#2916);
#2916 = AXIS2_PLACEMENT_3D('',#2917,#2918,#2919);
#2917 = CARTESIAN_POINT('',(-0.25,-2.25,-2.8));
#2918 = DIRECTION('',(0.,0.,1.));
#2919 = DIRECTION('',(1.,0.,-0.));
#2920 = ADVANCED_FACE('',(#2921),#2927,.F.);
#2921 = FACE_BOUND('',#2922,.F.);
#2922 = EDGE_LOOP('',(#2923,#2924,#2925,#2926));
#2923 = ORIENTED_EDGE('',*,*,#2581,.T.);
#2924 = ORIENTED_EDGE('',*,*,#2598,.T.);
#2925 = ORIENTED_EDGE('',*,*,#2533,.F.);
#2926 = ORIENTED_EDGE('',*,*,#2557,.F.);
#2927 = PLANE('',#2928);
#2928 = AXIS2_PLACEMENT_3D('',#2929,#2930,#2931);
#2929 = CARTESIAN_POINT('',(-0.25,-4.25,-2.8));
#2930 = DIRECTION('',(0.,0.,1.));
#2931 = DIRECTION('',(1.,0.,-0.));
#2932 = ADVANCED_FACE('',(#2933),#2939,.T.);
#2933 = FACE_BOUND('',#2934,.T.);
#2934 = EDGE_LOOP('',(#2935,#2936,#2937,#2938));
#2935 = ORIENTED_EDGE('',*,*,#2653,.F.);
#2936 = ORIENTED_EDGE('',*,*,#2677,.F.);
#2937 = ORIENTED_EDGE('',*,*,#2694,.T.);
#2938 = ORIENTED_EDGE('',*,*,#2629,.T.);
#2939 = PLANE('',#2940);
#2940 = AXIS2_PLACEMENT_3D('',#2941,#2942,#2943);
#2941 = CARTESIAN_POINT('',(-0.25,-0.25,6.));
#2942 = DIRECTION('',(0.,0.,1.));
#2943 = DIRECTION('',(1.,0.,-0.));
#2944 = ADVANCED_FACE('',(#2945),#2951,.T.);
#2945 = FACE_BOUND('',#2946,.T.);
#2946 = EDGE_LOOP('',(#2947,#2948,#2949,#2950));
#2947 = ORIENTED_EDGE('',*,*,#2773,.F.);
#2948 = ORIENTED_EDGE('',*,*,#2790,.F.);
#2949 = ORIENTED_EDGE('',*,*,#2725,.T.);
#2950 = ORIENTED_EDGE('',*,*,#2749,.T.);
#2951 = PLANE('',#2952);
#2952 = AXIS2_PLACEMENT_3D('',#2953,#2954,#2955);
#2953 = CARTESIAN_POINT('',(-0.25,-2.25,6.));
#2954 = DIRECTION('',(0.,0.,1.));
#2955 = DIRECTION('',(1.,0.,-0.));
#2956 = ADVANCED_FACE('',(#2957),#2963,.T.);
#2957 = FACE_BOUND('',#2958,.T.);
#2958 = EDGE_LOOP('',(#2959,#2960,#2961,#2962));
#2959 = ORIENTED_EDGE('',*,*,#2821,.F.);
#2960 = ORIENTED_EDGE('',*,*,#2845,.F.);
#2961 = ORIENTED_EDGE('',*,*,#2869,.T.);
#2962 = ORIENTED_EDGE('',*,*,#2886,.T.);
#2963 = PLANE('',#2964);
#2964 = AXIS2_PLACEMENT_3D('',#2965,#2966,#2967);
#2965 = CARTESIAN_POINT('',(-0.25,-4.25,6.));
#2966 = DIRECTION('',(0.,0.,1.));
#2967 = DIRECTION('',(1.,0.,-0.));
#2968 = ( GEOMETRIC_REPRESENTATION_CONTEXT(3) 
GLOBAL_UNCERTAINTY_ASSIGNED_CONTEXT((#2972)) 
GLOBAL_UNIT_ASSIGNED_CONTEXT((#2969,#2970,#2971)) REPRESENTATION_CONTEXT
('Context #1','3D Context with UNIT and UNCERTAINTY') );
#2969 = ( LENGTH_UNIT() NAMED_UNIT(*) SI_UNIT(.MILLI.,.METRE.) );
#2970 = ( NAMED_UNIT(*) PLANE_ANGLE_UNIT() SI_UNIT($,.RADIAN.) );
#2971 = ( NAMED_UNIT(*) SI_UNIT($,.STERADIAN.) SOLID_ANGLE_UNIT() );
#2972 = UNCERTAINTY_MEASURE_WITH_UNIT(LENGTH_MEASURE(1.E-07),#2969,
  'distance_accuracy_value','confusion accuracy');
#2973 = CONTEXT_DEPENDENT_SHAPE_REPRESENTATION(#2974,#2976);
#2974 = ( REPRESENTATION_RELATIONSHIP('','',#861,#10) 
REPRESENTATION_RELATIONSHIP_WITH_TRANSFORMATION(#2975) 
SHAPE_REPRESENTATION_RELATIONSHIP() );
#2975 = ITEM_DEFINED_TRANSFORMATION('','',#11,#19);
#2976 = PRODUCT_DEFINITION_SHAPE('Placement','Placement of an item',
  #2977);
#2977 = NEXT_ASSEMBLY_USAGE_OCCURRENCE('2','J1','',#5,#856,$);
#2978 = PRODUCT_RELATED_PRODUCT_CATEGORY('part',$,(#858));
#2979 = SHAPE_DEFINITION_REPRESENTATION(#2980,#2986);
#2980 = PRODUCT_DEFINITION_SHAPE('','',#2981);
#2981 = PRODUCT_DEFINITION('design','',#2982,#2985);
#2982 = PRODUCT_DEFINITION_FORMATION('','',#2983);
#2983 = PRODUCT('Humidity sensor p1_copper','Humidity sensor p1_copper',
  '',(#2984));
#2984 = PRODUCT_CONTEXT('',#2,'mechanical');
#2985 = PRODUCT_DEFINITION_CONTEXT('part definition',#2,'design');
#2986 = SHAPE_REPRESENTATION('',(#11,#2987,#3180,#3441,#4069,#4262,#4523
    ,#4716,#5506,#5928),#7597);
#2987 = MANIFOLD_SOLID_BREP('',#2988);
#2988 = CLOSED_SHELL('',(#2989,#3031,#3062,#3095,#3117,#3150,#3165));
#2989 = ADVANCED_FACE('',(#2990),#3026,.T.);
#2990 = FACE_BOUND('',#2991,.T.);
#2991 = EDGE_LOOP('',(#2992,#3002,#3011,#3019));
#2992 = ORIENTED_EDGE('',*,*,#2993,.T.);
#2993 = EDGE_CURVE('',#2994,#2996,#2998,.T.);
#2994 = VERTEX_POINT('',#2995);
#2995 = CARTESIAN_POINT('',(120.031,-109.6,1.51));
#2996 = VERTEX_POINT('',#2997);
#2997 = CARTESIAN_POINT('',(120.031,-109.6,1.545));
#2998 = LINE('',#2999,#3000);
#2999 = CARTESIAN_POINT('',(120.031,-109.6,1.51));
#3000 = VECTOR('',#3001,1.);
#3001 = DIRECTION('',(0.,0.,1.));
#3002 = ORIENTED_EDGE('',*,*,#3003,.T.);
#3003 = EDGE_CURVE('',#2996,#3004,#3006,.T.);
#3004 = VERTEX_POINT('',#3005);
#3005 = CARTESIAN_POINT('',(120.031,-108.6,1.545));
#3006 = CIRCLE('',#3007,0.5);
#3007 = AXIS2_PLACEMENT_3D('',#3008,#3009,#3010);
#3008 = CARTESIAN_POINT('',(120.03100044334,-109.1,1.545));
#3009 = DIRECTION('',(0.,0.,-1.));
#3010 = DIRECTION('',(-8.866804250825E-07,-1.,-0.));
#3011 = ORIENTED_EDGE('',*,*,#3012,.F.);
#3012 = EDGE_CURVE('',#3013,#3004,#3015,.T.);
#3013 = VERTEX_POINT('',#3014);
#3014 = CARTESIAN_POINT('',(120.031,-108.6,1.51));
#3015 = LINE('',#3016,#3017);
#3016 = CARTESIAN_POINT('',(120.031,-108.6,1.51));
#3017 = VECTOR('',#3018,1.);
#3018 = DIRECTION('',(0.,0.,1.));
#3019 = ORIENTED_EDGE('',*,*,#3020,.F.);
#3020 = EDGE_CURVE('',#2994,#3013,#3021,.T.);
#3021 = CIRCLE('',#3022,0.5);
#3022 = AXIS2_PLACEMENT_3D('',#3023,#3024,#3025);
#3023 = CARTESIAN_POINT('',(120.03100044334,-109.1,1.51));
#3024 = DIRECTION('',(0.,0.,-1.));
#3025 = DIRECTION('',(-8.866804250825E-07,-1.,-0.));
#3026 = CYLINDRICAL_SURFACE('',#3027,0.5);
#3027 = AXIS2_PLACEMENT_3D('',#3028,#3029,#3030);
#3028 = CARTESIAN_POINT('',(120.03100044334,-109.1,1.51));
#3029 = DIRECTION('',(0.,0.,-1.));
#3030 = DIRECTION('',(-8.866804250825E-07,-1.,-0.));
#3031 = ADVANCED_FACE('',(#3032),#3057,.T.);
#3032 = FACE_BOUND('',#3033,.T.);
#3033 = EDGE_LOOP('',(#3034,#3035,#3043,#3051));
#3034 = ORIENTED_EDGE('',*,*,#3012,.T.);
#3035 = ORIENTED_EDGE('',*,*,#3036,.T.);
#3036 = EDGE_CURVE('',#3004,#3037,#3039,.T.);
#3037 = VERTEX_POINT('',#3038);
#3038 = CARTESIAN_POINT('',(145.982,-108.6,1.545));
#3039 = LINE('',#3040,#3041);
#3040 = CARTESIAN_POINT('',(120.031,-108.6,1.545));
#3041 = VECTOR('',#3042,1.);
#3042 = DIRECTION('',(1.,0.,0.));
#3043 = ORIENTED_EDGE('',*,*,#3044,.F.);
#3044 = EDGE_CURVE('',#3045,#3037,#3047,.T.);
#3045 = VERTEX_POINT('',#3046);
#3046 = CARTESIAN_POINT('',(145.982,-108.6,1.51));
#3047 = LINE('',#3048,#3049);
#3048 = CARTESIAN_POINT('',(145.982,-108.6,1.51));
#3049 = VECTOR('',#3050,1.);
#3050 = DIRECTION('',(0.,0.,1.));
#3051 = ORIENTED_EDGE('',*,*,#3052,.F.);
#3052 = EDGE_CURVE('',#3013,#3045,#3053,.T.);
#3053 = LINE('',#3054,#3055);
#3054 = CARTESIAN_POINT('',(120.031,-108.6,1.51));
#3055 = VECTOR('',#3056,1.);
#3056 = DIRECTION('',(1.,0.,0.));
#3057 = PLANE('',#3058);
#3058 = AXIS2_PLACEMENT_3D('',#3059,#3060,#3061);
#3059 = CARTESIAN_POINT('',(120.031,-108.6,1.51));
#3060 = DIRECTION('',(0.,1.,0.));
#3061 = DIRECTION('',(1.,0.,0.));
#3062 = ADVANCED_FACE('',(#3063),#3090,.T.);
#3063 = FACE_BOUND('',#3064,.T.);
#3064 = EDGE_LOOP('',(#3065,#3066,#3075,#3083));
#3065 = ORIENTED_EDGE('',*,*,#3044,.T.);
#3066 = ORIENTED_EDGE('',*,*,#3067,.T.);
#3067 = EDGE_CURVE('',#3037,#3068,#3070,.T.);
#3068 = VERTEX_POINT('',#3069);
#3069 = CARTESIAN_POINT('',(145.982,-109.6,1.545));
#3070 = CIRCLE('',#3071,0.5);
#3071 = AXIS2_PLACEMENT_3D('',#3072,#3073,#3074);
#3072 = CARTESIAN_POINT('',(145.98199955666,-109.1,1.545));
#3073 = DIRECTION('',(0.,0.,-1.));
#3074 = DIRECTION('',(8.866804250825E-07,1.,0.));
#3075 = ORIENTED_EDGE('',*,*,#3076,.F.);
#3076 = EDGE_CURVE('',#3077,#3068,#3079,.T.);
#3077 = VERTEX_POINT('',#3078);
#3078 = CARTESIAN_POINT('',(145.982,-109.6,1.51));
#3079 = LINE('',#3080,#3081);
#3080 = CARTESIAN_POINT('',(145.982,-109.6,1.51));
#3081 = VECTOR('',#3082,1.);
#3082 = DIRECTION('',(0.,0.,1.));
#3083 = ORIENTED_EDGE('',*,*,#3084,.F.);
#3084 = EDGE_CURVE('',#3045,#3077,#3085,.T.);
#3085 = CIRCLE('',#3086,0.5);
#3086 = AXIS2_PLACEMENT_3D('',#3087,#3088,#3089);
#3087 = CARTESIAN_POINT('',(145.98199955666,-109.1,1.51));
#3088 = DIRECTION('',(0.,0.,-1.));
#3089 = DIRECTION('',(8.866804250825E-07,1.,0.));
#3090 = CYLINDRICAL_SURFACE('',#3091,0.5);
#3091 = AXIS2_PLACEMENT_3D('',#3092,#3093,#3094);
#3092 = CARTESIAN_POINT('',(145.98199955666,-109.1,1.51));
#3093 = DIRECTION('',(0.,0.,-1.));
#3094 = DIRECTION('',(8.866804250825E-07,1.,0.));
#3095 = ADVANCED_FACE('',(#3096),#3112,.T.);
#3096 = FACE_BOUND('',#3097,.T.);
#3097 = EDGE_LOOP('',(#3098,#3099,#3105,#3106));
#3098 = ORIENTED_EDGE('',*,*,#3076,.T.);
#3099 = ORIENTED_EDGE('',*,*,#3100,.T.);
#3100 = EDGE_CURVE('',#3068,#2996,#3101,.T.);
#3101 = LINE('',#3102,#3103);
#3102 = CARTESIAN_POINT('',(145.982,-109.6,1.545));
#3103 = VECTOR('',#3104,1.);
#3104 = DIRECTION('',(-1.,0.,0.));
#3105 = ORIENTED_EDGE('',*,*,#2993,.F.);
#3106 = ORIENTED_EDGE('',*,*,#3107,.F.);
#3107 = EDGE_CURVE('',#3077,#2994,#3108,.T.);
#3108 = LINE('',#3109,#3110);
#3109 = CARTESIAN_POINT('',(145.982,-109.6,1.51));
#3110 = VECTOR('',#3111,1.);
#3111 = DIRECTION('',(-1.,0.,0.));
#3112 = PLANE('',#3113);
#3113 = AXIS2_PLACEMENT_3D('',#3114,#3115,#3116);
#3114 = CARTESIAN_POINT('',(145.982,-109.6,1.51));
#3115 = DIRECTION('',(0.,-1.,0.));
#3116 = DIRECTION('',(-1.,0.,0.));
#3117 = ADVANCED_FACE('',(#3118),#3145,.F.);
#3118 = FACE_BOUND('',#3119,.T.);
#3119 = EDGE_LOOP('',(#3120,#3130,#3137,#3138));
#3120 = ORIENTED_EDGE('',*,*,#3121,.T.);
#3121 = EDGE_CURVE('',#3122,#3124,#3126,.T.);
#3122 = VERTEX_POINT('',#3123);
#3123 = CARTESIAN_POINT('',(146.127255,-109.158,1.51));
#3124 = VERTEX_POINT('',#3125);
#3125 = CARTESIAN_POINT('',(146.127255,-109.158,1.545));
#3126 = LINE('',#3127,#3128);
#3127 = CARTESIAN_POINT('',(146.127255,-109.158,1.51));
#3128 = VECTOR('',#3129,1.);
#3129 = DIRECTION('',(0.,0.,1.));
#3130 = ORIENTED_EDGE('',*,*,#3131,.T.);
#3131 = EDGE_CURVE('',#3124,#3124,#3132,.T.);
#3132 = CIRCLE('',#3133,0.137255);
#3133 = AXIS2_PLACEMENT_3D('',#3134,#3135,#3136);
#3134 = CARTESIAN_POINT('',(145.99,-109.158,1.545));
#3135 = DIRECTION('',(0.,0.,1.));
#3136 = DIRECTION('',(1.,0.,-0.));
#3137 = ORIENTED_EDGE('',*,*,#3121,.F.);
#3138 = ORIENTED_EDGE('',*,*,#3139,.F.);
#3139 = EDGE_CURVE('',#3122,#3122,#3140,.T.);
#3140 = CIRCLE('',#3141,0.137255);
#3141 = AXIS2_PLACEMENT_3D('',#3142,#3143,#3144);
#3142 = CARTESIAN_POINT('',(145.99,-109.158,1.51));
#3143 = DIRECTION('',(0.,0.,1.));
#3144 = DIRECTION('',(1.,0.,-0.));
#3145 = CYLINDRICAL_SURFACE('',#3146,0.137255);
#3146 = AXIS2_PLACEMENT_3D('',#3147,#3148,#3149);
#3147 = CARTESIAN_POINT('',(145.99,-109.158,1.51));
#3148 = DIRECTION('',(-0.,-0.,-1.));
#3149 = DIRECTION('',(1.,0.,-0.));
#3150 = ADVANCED_FACE('',(#3151,#3157),#3160,.F.);
#3151 = FACE_BOUND('',#3152,.T.);
#3152 = EDGE_LOOP('',(#3153,#3154,#3155,#3156));
#3153 = ORIENTED_EDGE('',*,*,#3020,.T.);
#3154 = ORIENTED_EDGE('',*,*,#3052,.T.);
#3155 = ORIENTED_EDGE('',*,*,#3084,.T.);
#3156 = ORIENTED_EDGE('',*,*,#3107,.T.);
#3157 = FACE_BOUND('',#3158,.T.);
#3158 = EDGE_LOOP('',(#3159));
#3159 = ORIENTED_EDGE('',*,*,#3139,.T.);
#3160 = PLANE('',#3161);
#3161 = AXIS2_PLACEMENT_3D('',#3162,#3163,#3164);
#3162 = CARTESIAN_POINT('',(0.,0.,1.51));
#3163 = DIRECTION('',(0.,0.,1.));
#3164 = DIRECTION('',(1.,0.,-0.));
#3165 = ADVANCED_FACE('',(#3166,#3172),#3175,.T.);
#3166 = FACE_BOUND('',#3167,.F.);
#3167 = EDGE_LOOP('',(#3168,#3169,#3170,#3171));
#3168 = ORIENTED_EDGE('',*,*,#3003,.T.);
#3169 = ORIENTED_EDGE('',*,*,#3036,.T.);
#3170 = ORIENTED_EDGE('',*,*,#3067,.T.);
#3171 = ORIENTED_EDGE('',*,*,#3100,.T.);
#3172 = FACE_BOUND('',#3173,.F.);
#3173 = EDGE_LOOP('',(#3174));
#3174 = ORIENTED_EDGE('',*,*,#3131,.T.);
#3175 = PLANE('',#3176);
#3176 = AXIS2_PLACEMENT_3D('',#3177,#3178,#3179);
#3177 = CARTESIAN_POINT('',(0.,0.,1.545));
#3178 = DIRECTION('',(0.,0.,1.));
#3179 = DIRECTION('',(1.,0.,-0.));
#3180 = MANIFOLD_SOLID_BREP('',#3181);
#3181 = CLOSED_SHELL('',(#3182,#3224,#3255,#3288,#3319,#3352,#3374,#3407
    ,#3424));
#3182 = ADVANCED_FACE('',(#3183),#3219,.T.);
#3183 = FACE_BOUND('',#3184,.T.);
#3184 = EDGE_LOOP('',(#3185,#3195,#3204,#3212));
#3185 = ORIENTED_EDGE('',*,*,#3186,.T.);
#3186 = EDGE_CURVE('',#3187,#3189,#3191,.T.);
#3187 = VERTEX_POINT('',#3188);
#3188 = CARTESIAN_POINT('',(120.031,-106.191,1.51));
#3189 = VERTEX_POINT('',#3190);
#3190 = CARTESIAN_POINT('',(120.031,-106.191,1.545));
#3191 = LINE('',#3192,#3193);
#3192 = CARTESIAN_POINT('',(120.031,-106.191,1.51));
#3193 = VECTOR('',#3194,1.);
#3194 = DIRECTION('',(0.,0.,1.));
#3195 = ORIENTED_EDGE('',*,*,#3196,.T.);
#3196 = EDGE_CURVE('',#3189,#3197,#3199,.T.);
#3197 = VERTEX_POINT('',#3198);
#3198 = CARTESIAN_POINT('',(120.031,-105.191,1.545));
#3199 = CIRCLE('',#3200,0.5);
#3200 = AXIS2_PLACEMENT_3D('',#3201,#3202,#3203);
#3201 = CARTESIAN_POINT('',(120.03100044334,-105.691,1.545));
#3202 = DIRECTION('',(0.,0.,-1.));
#3203 = DIRECTION('',(-8.866804250825E-07,-1.,-0.));
#3204 = ORIENTED_EDGE('',*,*,#3205,.F.);
#3205 = EDGE_CURVE('',#3206,#3197,#3208,.T.);
#3206 = VERTEX_POINT('',#3207);
#3207 = CARTESIAN_POINT('',(120.031,-105.191,1.51));
#3208 = LINE('',#3209,#3210);
#3209 = CARTESIAN_POINT('',(120.031,-105.191,1.51));
#3210 = VECTOR('',#3211,1.);
#3211 = DIRECTION('',(0.,0.,1.));
#3212 = ORIENTED_EDGE('',*,*,#3213,.F.);
#3213 = EDGE_CURVE('',#3187,#3206,#3214,.T.);
#3214 = CIRCLE('',#3215,0.5);
#3215 = AXIS2_PLACEMENT_3D('',#3216,#3217,#3218);
#3216 = CARTESIAN_POINT('',(120.03100044334,-105.691,1.51));
#3217 = DIRECTION('',(0.,0.,-1.));
#3218 = DIRECTION('',(-8.866804250825E-07,-1.,-0.));
#3219 = CYLINDRICAL_SURFACE('',#3220,0.5);
#3220 = AXIS2_PLACEMENT_3D('',#3221,#3222,#3223);
#3221 = CARTESIAN_POINT('',(120.03100044334,-105.691,1.51));
#3222 = DIRECTION('',(0.,0.,-1.));
#3223 = DIRECTION('',(-8.866804250825E-07,-1.,-0.));
#3224 = ADVANCED_FACE('',(#3225),#3250,.T.);
#3225 = FACE_BOUND('',#3226,.T.);
#3226 = EDGE_LOOP('',(#3227,#3228,#3236,#3244));
#3227 = ORIENTED_EDGE('',*,*,#3205,.T.);
#3228 = ORIENTED_EDGE('',*,*,#3229,.T.);
#3229 = EDGE_CURVE('',#3197,#3230,#3232,.T.);
#3230 = VERTEX_POINT('',#3231);
#3231 = CARTESIAN_POINT('',(145.997824,-105.191,1.545));
#3232 = LINE('',#3233,#3234);
#3233 = CARTESIAN_POINT('',(120.031,-105.191,1.545));
#3234 = VECTOR('',#3235,1.);
#3235 = DIRECTION('',(1.,0.,0.));
#3236 = ORIENTED_EDGE('',*,*,#3237,.F.);
#3237 = EDGE_CURVE('',#3238,#3230,#3240,.T.);
#3238 = VERTEX_POINT('',#3239);
#3239 = CARTESIAN_POINT('',(145.997824,-105.191,1.51));
#3240 = LINE('',#3241,#3242);
#3241 = CARTESIAN_POINT('',(145.997824,-105.191,1.51));
#3242 = VECTOR('',#3243,1.);
#3243 = DIRECTION('',(0.,0.,1.));
#3244 = ORIENTED_EDGE('',*,*,#3245,.F.);
#3245 = EDGE_CURVE('',#3206,#3238,#3246,.T.);
#3246 = LINE('',#3247,#3248);
#3247 = CARTESIAN_POINT('',(120.031,-105.191,1.51));
#3248 = VECTOR('',#3249,1.);
#3249 = DIRECTION('',(1.,0.,0.));
#3250 = PLANE('',#3251);
#3251 = AXIS2_PLACEMENT_3D('',#3252,#3253,#3254);
#3252 = CARTESIAN_POINT('',(120.031,-105.191,1.51));
#3253 = DIRECTION('',(0.,1.,0.));
#3254 = DIRECTION('',(1.,0.,0.));
#3255 = ADVANCED_FACE('',(#3256),#3283,.T.);
#3256 = FACE_BOUND('',#3257,.T.);
#3257 = EDGE_LOOP('',(#3258,#3259,#3268,#3276));
#3258 = ORIENTED_EDGE('',*,*,#3237,.T.);
#3259 = ORIENTED_EDGE('',*,*,#3260,.T.);
#3260 = EDGE_CURVE('',#3230,#3261,#3263,.T.);
#3261 = VERTEX_POINT('',#3262);
#3262 = CARTESIAN_POINT('',(146.358377,-105.344446,1.545));
#3263 = CIRCLE('',#3264,0.50059668222);
#3264 = AXIS2_PLACEMENT_3D('',#3265,#3266,#3267);
#3265 = CARTESIAN_POINT('',(145.99770616431,-105.6915966683,1.545));
#3266 = DIRECTION('',(0.,0.,-1.));
#3267 = DIRECTION('',(2.353904616095E-04,0.999999972296,0.));
#3268 = ORIENTED_EDGE('',*,*,#3269,.F.);
#3269 = EDGE_CURVE('',#3270,#3261,#3272,.T.);
#3270 = VERTEX_POINT('',#3271);
#3271 = CARTESIAN_POINT('',(146.358377,-105.344446,1.51));
#3272 = LINE('',#3273,#3274);
#3273 = CARTESIAN_POINT('',(146.358377,-105.344446,1.51));
#3274 = VECTOR('',#3275,1.);
#3275 = DIRECTION('',(0.,0.,1.));
#3276 = ORIENTED_EDGE('',*,*,#3277,.F.);
#3277 = EDGE_CURVE('',#3238,#3270,#3278,.T.);
#3278 = CIRCLE('',#3279,0.50059668222);
#3279 = AXIS2_PLACEMENT_3D('',#3280,#3281,#3282);
#3280 = CARTESIAN_POINT('',(145.99770616431,-105.6915966683,1.51));
#3281 = DIRECTION('',(0.,0.,-1.));
#3282 = DIRECTION('',(2.353904616095E-04,0.999999972296,0.));
#3283 = CYLINDRICAL_SURFACE('',#3284,0.50059668222);
#3284 = AXIS2_PLACEMENT_3D('',#3285,#3286,#3287);
#3285 = CARTESIAN_POINT('',(145.99770616431,-105.6915966683,1.51));
#3286 = DIRECTION('',(0.,0.,-1.));
#3287 = DIRECTION('',(2.353904616095E-04,0.999999972296,0.));
#3288 = ADVANCED_FACE('',(#3289),#3314,.T.);
#3289 = FACE_BOUND('',#3290,.T.);
#3290 = EDGE_LOOP('',(#3291,#3292,#3300,#3308));
#3291 = ORIENTED_EDGE('',*,*,#3269,.T.);
#3292 = ORIENTED_EDGE('',*,*,#3293,.T.);
#3293 = EDGE_CURVE('',#3261,#3294,#3296,.T.);
#3294 = VERTEX_POINT('',#3295);
#3295 = CARTESIAN_POINT('',(146.4015,-105.393619,1.545));
#3296 = LINE('',#3297,#3298);
#3297 = CARTESIAN_POINT('',(146.358377,-105.344446,1.545));
#3298 = VECTOR('',#3299,1.);
#3299 = DIRECTION('',(0.659340943908,-0.751844079372,0.));
#3300 = ORIENTED_EDGE('',*,*,#3301,.F.);
#3301 = EDGE_CURVE('',#3302,#3294,#3304,.T.);
#3302 = VERTEX_POINT('',#3303);
#3303 = CARTESIAN_POINT('',(146.4015,-105.393619,1.51));
#3304 = LINE('',#3305,#3306);
#3305 = CARTESIAN_POINT('',(146.4015,-105.393619,1.51));
#3306 = VECTOR('',#3307,1.);
#3307 = DIRECTION('',(0.,0.,1.));
#3308 = ORIENTED_EDGE('',*,*,#3309,.F.);
#3309 = EDGE_CURVE('',#3270,#3302,#3310,.T.);
#3310 = LINE('',#3311,#3312);
#3311 = CARTESIAN_POINT('',(146.358377,-105.344446,1.51));
#3312 = VECTOR('',#3313,1.);
#3313 = DIRECTION('',(0.659340943908,-0.751844079372,0.));
#3314 = PLANE('',#3315);
#3315 = AXIS2_PLACEMENT_3D('',#3316,#3317,#3318);
#3316 = CARTESIAN_POINT('',(146.358377,-105.344446,1.51));
#3317 = DIRECTION('',(0.751844079372,0.659340943908,-0.));
#3318 = DIRECTION('',(0.659340943908,-0.751844079372,0.));
#3319 = ADVANCED_FACE('',(#3320),#3347,.T.);
#3320 = FACE_BOUND('',#3321,.T.);
#3321 = EDGE_LOOP('',(#3322,#3323,#3332,#3340));
#3322 = ORIENTED_EDGE('',*,*,#3301,.T.);
#3323 = ORIENTED_EDGE('',*,*,#3324,.T.);
#3324 = EDGE_CURVE('',#3294,#3325,#3327,.T.);
#3325 = VERTEX_POINT('',#3326);
#3326 = CARTESIAN_POINT('',(146.070087,-106.193723,1.545));
#3327 = CIRCLE('',#3328,0.500000252153);
#3328 = AXIS2_PLACEMENT_3D('',#3329,#3330,#3331);
#3329 = CARTESIAN_POINT('',(146.00482351234,-105.6980003665,1.545));
#3330 = DIRECTION('',(0.,0.,-1.));
#3331 = DIRECTION('',(0.793352575223,0.608762426064,0.));
#3332 = ORIENTED_EDGE('',*,*,#3333,.F.);
#3333 = EDGE_CURVE('',#3334,#3325,#3336,.T.);
#3334 = VERTEX_POINT('',#3335);
#3335 = CARTESIAN_POINT('',(146.070087,-106.193723,1.51));
#3336 = LINE('',#3337,#3338);
#3337 = CARTESIAN_POINT('',(146.070087,-106.193723,1.51));
#3338 = VECTOR('',#3339,1.);
#3339 = DIRECTION('',(0.,0.,1.));
#3340 = ORIENTED_EDGE('',*,*,#3341,.F.);
#3341 = EDGE_CURVE('',#3302,#3334,#3342,.T.);
#3342 = CIRCLE('',#3343,0.500000252153);
#3343 = AXIS2_PLACEMENT_3D('',#3344,#3345,#3346);
#3344 = CARTESIAN_POINT('',(146.00482351234,-105.6980003665,1.51));
#3345 = DIRECTION('',(0.,0.,-1.));
#3346 = DIRECTION('',(0.793352575223,0.608762426064,0.));
#3347 = CYLINDRICAL_SURFACE('',#3348,0.500000252153);
#3348 = AXIS2_PLACEMENT_3D('',#3349,#3350,#3351);
#3349 = CARTESIAN_POINT('',(146.00482351234,-105.6980003665,1.51));
#3350 = DIRECTION('',(0.,0.,-1.));
#3351 = DIRECTION('',(0.793352575223,0.608762426064,0.));
#3352 = ADVANCED_FACE('',(#3353),#3369,.T.);
#3353 = FACE_BOUND('',#3354,.T.);
#3354 = EDGE_LOOP('',(#3355,#3356,#3362,#3363));
#3355 = ORIENTED_EDGE('',*,*,#3333,.T.);
#3356 = ORIENTED_EDGE('',*,*,#3357,.T.);
#3357 = EDGE_CURVE('',#3325,#3189,#3358,.T.);
#3358 = LINE('',#3359,#3360);
#3359 = CARTESIAN_POINT('',(146.070087,-106.193723,1.545));
#3360 = VECTOR('',#3361,1.);
#3361 = DIRECTION('',(-0.999999994532,1.045735584014E-04,0.));
#3362 = ORIENTED_EDGE('',*,*,#3186,.F.);
#3363 = ORIENTED_EDGE('',*,*,#3364,.F.);
#3364 = EDGE_CURVE('',#3334,#3187,#3365,.T.);
#3365 = LINE('',#3366,#3367);
#3366 = CARTESIAN_POINT('',(146.070087,-106.193723,1.51));
#3367 = VECTOR('',#3368,1.);
#3368 = DIRECTION('',(-0.999999994532,1.045735584014E-04,0.));
#3369 = PLANE('',#3370);
#3370 = AXIS2_PLACEMENT_3D('',#3371,#3372,#3373);
#3371 = CARTESIAN_POINT('',(146.070087,-106.193723,1.51));
#3372 = DIRECTION('',(-1.045735584014E-04,-0.999999994532,0.));
#3373 = DIRECTION('',(-0.999999994532,1.045735584014E-04,0.));
#3374 = ADVANCED_FACE('',(#3375),#3402,.F.);
#3375 = FACE_BOUND('',#3376,.T.);
#3376 = EDGE_LOOP('',(#3377,#3387,#3394,#3395));
#3377 = ORIENTED_EDGE('',*,*,#3378,.T.);
#3378 = EDGE_CURVE('',#3379,#3381,#3383,.T.);
#3379 = VERTEX_POINT('',#3380);
#3380 = CARTESIAN_POINT('',(146.142079,-105.698,1.51));
#3381 = VERTEX_POINT('',#3382);
#3382 = CARTESIAN_POINT('',(146.142079,-105.698,1.545));
#3383 = LINE('',#3384,#3385);
#3384 = CARTESIAN_POINT('',(146.142079,-105.698,1.51));
#3385 = VECTOR('',#3386,1.);
#3386 = DIRECTION('',(0.,0.,1.));
#3387 = ORIENTED_EDGE('',*,*,#3388,.T.);
#3388 = EDGE_CURVE('',#3381,#3381,#3389,.T.);
#3389 = CIRCLE('',#3390,0.137255);
#3390 = AXIS2_PLACEMENT_3D('',#3391,#3392,#3393);
#3391 = CARTESIAN_POINT('',(146.004824,-105.698,1.545));
#3392 = DIRECTION('',(0.,0.,1.));
#3393 = DIRECTION('',(1.,0.,-0.));
#3394 = ORIENTED_EDGE('',*,*,#3378,.F.);
#3395 = ORIENTED_EDGE('',*,*,#3396,.F.);
#3396 = EDGE_CURVE('',#3379,#3379,#3397,.T.);
#3397 = CIRCLE('',#3398,0.137255);
#3398 = AXIS2_PLACEMENT_3D('',#3399,#3400,#3401);
#3399 = CARTESIAN_POINT('',(146.004824,-105.698,1.51));
#3400 = DIRECTION('',(0.,0.,1.));
#3401 = DIRECTION('',(1.,0.,-0.));
#3402 = CYLINDRICAL_SURFACE('',#3403,0.137255);
#3403 = AXIS2_PLACEMENT_3D('',#3404,#3405,#3406);
#3404 = CARTESIAN_POINT('',(146.004824,-105.698,1.51));
#3405 = DIRECTION('',(-0.,-0.,-1.));
#3406 = DIRECTION('',(1.,0.,-0.));
#3407 = ADVANCED_FACE('',(#3408,#3416),#3419,.F.);
#3408 = FACE_BOUND('',#3409,.T.);
#3409 = EDGE_LOOP('',(#3410,#3411,#3412,#3413,#3414,#3415));
#3410 = ORIENTED_EDGE('',*,*,#3213,.T.);
#3411 = ORIENTED_EDGE('',*,*,#3245,.T.);
#3412 = ORIENTED_EDGE('',*,*,#3277,.T.);
#3413 = ORIENTED_EDGE('',*,*,#3309,.T.);
#3414 = ORIENTED_EDGE('',*,*,#3341,.T.);
#3415 = ORIENTED_EDGE('',*,*,#3364,.T.);
#3416 = FACE_BOUND('',#3417,.T.);
#3417 = EDGE_LOOP('',(#3418));
#3418 = ORIENTED_EDGE('',*,*,#3396,.T.);
#3419 = PLANE('',#3420);
#3420 = AXIS2_PLACEMENT_3D('',#3421,#3422,#3423);
#3421 = CARTESIAN_POINT('',(0.,0.,1.51));
#3422 = DIRECTION('',(0.,0.,1.));
#3423 = DIRECTION('',(1.,0.,-0.));
#3424 = ADVANCED_FACE('',(#3425,#3433),#3436,.T.);
#3425 = FACE_BOUND('',#3426,.F.);
#3426 = EDGE_LOOP('',(#3427,#3428,#3429,#3430,#3431,#3432));
#3427 = ORIENTED_EDGE('',*,*,#3196,.T.);
#3428 = ORIENTED_EDGE('',*,*,#3229,.T.);
#3429 = ORIENTED_EDGE('',*,*,#3260,.T.);
#3430 = ORIENTED_EDGE('',*,*,#3293,.T.);
#3431 = ORIENTED_EDGE('',*,*,#3324,.T.);
#3432 = ORIENTED_EDGE('',*,*,#3357,.T.);
#3433 = FACE_BOUND('',#3434,.F.);
#3434 = EDGE_LOOP('',(#3435));
#3435 = ORIENTED_EDGE('',*,*,#3388,.T.);
#3436 = PLANE('',#3437);
#3437 = AXIS2_PLACEMENT_3D('',#3438,#3439,#3440);
#3438 = CARTESIAN_POINT('',(0.,0.,1.545));
#3439 = DIRECTION('',(0.,0.,1.));
#3440 = DIRECTION('',(1.,0.,-0.));
#3441 = MANIFOLD_SOLID_BREP('',#3442);
#3442 = CLOSED_SHELL('',(#3443,#3485,#3516,#3549,#3580,#3611,#3642,#3673
    ,#3706,#3737,#3770,#3801,#3834,#3865,#3896,#3927,#3958,#3980,#4013,
    #4041));
#3443 = ADVANCED_FACE('',(#3444),#3480,.T.);
#3444 = FACE_BOUND('',#3445,.T.);
#3445 = EDGE_LOOP('',(#3446,#3456,#3465,#3473));
#3446 = ORIENTED_EDGE('',*,*,#3447,.T.);
#3447 = EDGE_CURVE('',#3448,#3450,#3452,.T.);
#3448 = VERTEX_POINT('',#3449);
#3449 = CARTESIAN_POINT('',(151.288659,-101.85806,1.51));
#3450 = VERTEX_POINT('',#3451);
#3451 = CARTESIAN_POINT('',(151.288659,-101.85806,1.545));
#3452 = LINE('',#3453,#3454);
#3453 = CARTESIAN_POINT('',(151.288659,-101.85806,1.51));
#3454 = VECTOR('',#3455,1.);
#3455 = DIRECTION('',(0.,0.,1.));
#3456 = ORIENTED_EDGE('',*,*,#3457,.T.);
#3457 = EDGE_CURVE('',#3450,#3458,#3460,.T.);
#3458 = VERTEX_POINT('',#3459);
#3459 = CARTESIAN_POINT('',(151.876677,-102.62438,1.545));
#3460 = CIRCLE('',#3461,0.499999691831);
#3461 = AXIS2_PLACEMENT_3D('',#3462,#3463,#3464);
#3462 = CARTESIAN_POINT('',(151.48000055369,-102.3199995,1.545));
#3463 = DIRECTION('',(0.,0.,-1.));
#3464 = DIRECTION('',(-0.382683343257,0.923879569421,0.));
#3465 = ORIENTED_EDGE('',*,*,#3466,.F.);
#3466 = EDGE_CURVE('',#3467,#3458,#3469,.T.);
#3467 = VERTEX_POINT('',#3468);
#3468 = CARTESIAN_POINT('',(151.876677,-102.62438,1.51));
#3469 = LINE('',#3470,#3471);
#3470 = CARTESIAN_POINT('',(151.876677,-102.62438,1.51));
#3471 = VECTOR('',#3472,1.);
#3472 = DIRECTION('',(0.,0.,1.));
#3473 = ORIENTED_EDGE('',*,*,#3474,.F.);
#3474 = EDGE_CURVE('',#3448,#3467,#3475,.T.);
#3475 = CIRCLE('',#3476,0.499999691831);
#3476 = AXIS2_PLACEMENT_3D('',#3477,#3478,#3479);
#3477 = CARTESIAN_POINT('',(151.48000055369,-102.3199995,1.51));
#3478 = DIRECTION('',(0.,0.,-1.));
#3479 = DIRECTION('',(-0.382683343257,0.923879569421,0.));
#3480 = CYLINDRICAL_SURFACE('',#3481,0.499999691831);
#3481 = AXIS2_PLACEMENT_3D('',#3482,#3483,#3484);
#3482 = CARTESIAN_POINT('',(151.48000055369,-102.3199995,1.51));
#3483 = DIRECTION('',(0.,0.,-1.));
#3484 = DIRECTION('',(-0.382683343257,0.923879569421,0.));
#3485 = ADVANCED_FACE('',(#3486),#3511,.T.);
#3486 = FACE_BOUND('',#3487,.T.);
#3487 = EDGE_LOOP('',(#3488,#3489,#3497,#3505));
#3488 = ORIENTED_EDGE('',*,*,#3466,.T.);
#3489 = ORIENTED_EDGE('',*,*,#3490,.T.);
#3490 = EDGE_CURVE('',#3458,#3491,#3493,.T.);
#3491 = VERTEX_POINT('',#3492);
#3492 = CARTESIAN_POINT('',(151.783553,-102.723553,1.545));
#3493 = LINE('',#3494,#3495);
#3494 = CARTESIAN_POINT('',(151.876677,-102.62438,1.545));
#3495 = VECTOR('',#3496,1.);
#3496 = DIRECTION('',(-0.684525052103,-0.728989336715,0.));
#3497 = ORIENTED_EDGE('',*,*,#3498,.F.);
#3498 = EDGE_CURVE('',#3499,#3491,#3501,.T.);
#3499 = VERTEX_POINT('',#3500);
#3500 = CARTESIAN_POINT('',(151.783553,-102.723553,1.51));
#3501 = LINE('',#3502,#3503);
#3502 = CARTESIAN_POINT('',(151.783553,-102.723553,1.51));
#3503 = VECTOR('',#3504,1.);
#3504 = DIRECTION('',(0.,0.,1.));
#3505 = ORIENTED_EDGE('',*,*,#3506,.F.);
#3506 = EDGE_CURVE('',#3467,#3499,#3507,.T.);
#3507 = LINE('',#3508,#3509);
#3508 = CARTESIAN_POINT('',(151.876677,-102.62438,1.51));
#3509 = VECTOR('',#3510,1.);
#3510 = DIRECTION('',(-0.684525052103,-0.728989336715,0.));
#3511 = PLANE('',#3512);
#3512 = AXIS2_PLACEMENT_3D('',#3513,#3514,#3515);
#3513 = CARTESIAN_POINT('',(151.876677,-102.62438,1.51));
#3514 = DIRECTION('',(0.728989336715,-0.684525052103,0.));
#3515 = DIRECTION('',(-0.684525052103,-0.728989336715,0.));
#3516 = ADVANCED_FACE('',(#3517),#3544,.T.);
#3517 = FACE_BOUND('',#3518,.T.);
#3518 = EDGE_LOOP('',(#3519,#3520,#3529,#3537));
#3519 = ORIENTED_EDGE('',*,*,#3498,.T.);
#3520 = ORIENTED_EDGE('',*,*,#3521,.T.);
#3521 = EDGE_CURVE('',#3491,#3522,#3524,.T.);
#3522 = VERTEX_POINT('',#3523);
#3523 = CARTESIAN_POINT('',(151.033324,-102.67438,1.545));
#3524 = CIRCLE('',#3525,0.499996660782);
#3525 = AXIS2_PLACEMENT_3D('',#3526,#3527,#3528);
#3526 = CARTESIAN_POINT('',(151.430000019,-102.3700039221,1.545));
#3527 = DIRECTION('',(-0.,0.,-1.));
#3528 = DIRECTION('',(0.707110684391,-0.70710287796,-0.));
#3529 = ORIENTED_EDGE('',*,*,#3530,.F.);
#3530 = EDGE_CURVE('',#3531,#3522,#3533,.T.);
#3531 = VERTEX_POINT('',#3532);
#3532 = CARTESIAN_POINT('',(151.033324,-102.67438,1.51));
#3533 = LINE('',#3534,#3535);
#3534 = CARTESIAN_POINT('',(151.033324,-102.67438,1.51));
#3535 = VECTOR('',#3536,1.);
#3536 = DIRECTION('',(0.,0.,1.));
#3537 = ORIENTED_EDGE('',*,*,#3538,.F.);
#3538 = EDGE_CURVE('',#3499,#3531,#3539,.T.);
#3539 = CIRCLE('',#3540,0.499996660782);
#3540 = AXIS2_PLACEMENT_3D('',#3541,#3542,#3543);
#3541 = CARTESIAN_POINT('',(151.430000019,-102.3700039221,1.51));
#3542 = DIRECTION('',(-0.,0.,-1.));
#3543 = DIRECTION('',(0.707110684391,-0.70710287796,-0.));
#3544 = CYLINDRICAL_SURFACE('',#3545,0.499996660782);
#3545 = AXIS2_PLACEMENT_3D('',#3546,#3547,#3548);
#3546 = CARTESIAN_POINT('',(151.430000019,-102.3700039221,1.51));
#3547 = DIRECTION('',(-0.,0.,-1.));
#3548 = DIRECTION('',(0.707110684391,-0.70710287796,-0.));
#3549 = ADVANCED_FACE('',(#3550),#3575,.T.);
#3550 = FACE_BOUND('',#3551,.T.);
#3551 = EDGE_LOOP('',(#3552,#3553,#3561,#3569));
#3552 = ORIENTED_EDGE('',*,*,#3530,.T.);
#3553 = ORIENTED_EDGE('',*,*,#3554,.T.);
#3554 = EDGE_CURVE('',#3522,#3555,#3557,.T.);
#3555 = VERTEX_POINT('',#3556);
#3556 = CARTESIAN_POINT('',(151.001927,-102.62,1.545));
#3557 = LINE('',#3558,#3559);
#3558 = CARTESIAN_POINT('',(151.033324,-102.67438,1.545));
#3559 = VECTOR('',#3560,1.);
#3560 = DIRECTION('',(-0.500008269552,0.866020629304,0.));
#3561 = ORIENTED_EDGE('',*,*,#3562,.F.);
#3562 = EDGE_CURVE('',#3563,#3555,#3565,.T.);
#3563 = VERTEX_POINT('',#3564);
#3564 = CARTESIAN_POINT('',(151.001927,-102.62,1.51));
#3565 = LINE('',#3566,#3567);
#3566 = CARTESIAN_POINT('',(151.001927,-102.62,1.51));
#3567 = VECTOR('',#3568,1.);
#3568 = DIRECTION('',(0.,0.,1.));
#3569 = ORIENTED_EDGE('',*,*,#3570,.F.);
#3570 = EDGE_CURVE('',#3531,#3563,#3571,.T.);
#3571 = LINE('',#3572,#3573);
#3572 = CARTESIAN_POINT('',(151.033324,-102.67438,1.51));
#3573 = VECTOR('',#3574,1.);
#3574 = DIRECTION('',(-0.500008269552,0.866020629304,0.));
#3575 = PLANE('',#3576);
#3576 = AXIS2_PLACEMENT_3D('',#3577,#3578,#3579);
#3577 = CARTESIAN_POINT('',(151.033324,-102.67438,1.51));
#3578 = DIRECTION('',(-0.866020629304,-0.500008269552,0.));
#3579 = DIRECTION('',(-0.500008269552,0.866020629304,0.));
#3580 = ADVANCED_FACE('',(#3581),#3606,.T.);
#3581 = FACE_BOUND('',#3582,.T.);
#3582 = EDGE_LOOP('',(#3583,#3584,#3592,#3600));
#3583 = ORIENTED_EDGE('',*,*,#3562,.T.);
#3584 = ORIENTED_EDGE('',*,*,#3585,.T.);
#3585 = EDGE_CURVE('',#3555,#3586,#3588,.T.);
#3586 = VERTEX_POINT('',#3587);
#3587 = CARTESIAN_POINT('',(149.903554,-102.62,1.545));
#3588 = LINE('',#3589,#3590);
#3589 = CARTESIAN_POINT('',(151.001927,-102.62,1.545));
#3590 = VECTOR('',#3591,1.);
#3591 = DIRECTION('',(-1.,0.,0.));
#3592 = ORIENTED_EDGE('',*,*,#3593,.F.);
#3593 = EDGE_CURVE('',#3594,#3586,#3596,.T.);
#3594 = VERTEX_POINT('',#3595);
#3595 = CARTESIAN_POINT('',(149.903554,-102.62,1.51));
#3596 = LINE('',#3597,#3598);
#3597 = CARTESIAN_POINT('',(149.903554,-102.62,1.51));
#3598 = VECTOR('',#3599,1.);
#3599 = DIRECTION('',(0.,0.,1.));
#3600 = ORIENTED_EDGE('',*,*,#3601,.F.);
#3601 = EDGE_CURVE('',#3563,#3594,#3602,.T.);
#3602 = LINE('',#3603,#3604);
#3603 = CARTESIAN_POINT('',(151.001927,-102.62,1.51));
#3604 = VECTOR('',#3605,1.);
#3605 = DIRECTION('',(-1.,0.,0.));
#3606 = PLANE('',#3607);
#3607 = AXIS2_PLACEMENT_3D('',#3608,#3609,#3610);
#3608 = CARTESIAN_POINT('',(151.001927,-102.62,1.51));
#3609 = DIRECTION('',(0.,-1.,0.));
#3610 = DIRECTION('',(-1.,0.,0.));
#3611 = ADVANCED_FACE('',(#3612),#3637,.T.);
#3612 = FACE_BOUND('',#3613,.T.);
#3613 = EDGE_LOOP('',(#3614,#3615,#3623,#3631));
#3614 = ORIENTED_EDGE('',*,*,#3593,.T.);
#3615 = ORIENTED_EDGE('',*,*,#3616,.T.);
#3616 = EDGE_CURVE('',#3586,#3617,#3619,.T.);
#3617 = VERTEX_POINT('',#3618);
#3618 = CARTESIAN_POINT('',(149.76,-102.763554,1.545));
#3619 = LINE('',#3620,#3621);
#3620 = CARTESIAN_POINT('',(149.903554,-102.62,1.545));
#3621 = VECTOR('',#3622,1.);
#3622 = DIRECTION('',(-0.707106781187,-0.707106781186,0.));
#3623 = ORIENTED_EDGE('',*,*,#3624,.F.);
#3624 = EDGE_CURVE('',#3625,#3617,#3627,.T.);
#3625 = VERTEX_POINT('',#3626);
#3626 = CARTESIAN_POINT('',(149.76,-102.763554,1.51));
#3627 = LINE('',#3628,#3629);
#3628 = CARTESIAN_POINT('',(149.76,-102.763554,1.51));
#3629 = VECTOR('',#3630,1.);
#3630 = DIRECTION('',(0.,0.,1.));
#3631 = ORIENTED_EDGE('',*,*,#3632,.F.);
#3632 = EDGE_CURVE('',#3594,#3625,#3633,.T.);
#3633 = LINE('',#3634,#3635);
#3634 = CARTESIAN_POINT('',(149.903554,-102.62,1.51));
#3635 = VECTOR('',#3636,1.);
#3636 = DIRECTION('',(-0.707106781187,-0.707106781186,0.));
#3637 = PLANE('',#3638);
#3638 = AXIS2_PLACEMENT_3D('',#3639,#3640,#3641);
#3639 = CARTESIAN_POINT('',(149.903554,-102.62,1.51));
#3640 = DIRECTION('',(0.707106781186,-0.707106781187,0.));
#3641 = DIRECTION('',(-0.707106781187,-0.707106781186,0.));
#3642 = ADVANCED_FACE('',(#3643),#3668,.T.);
#3643 = FACE_BOUND('',#3644,.T.);
#3644 = EDGE_LOOP('',(#3645,#3646,#3654,#3662));
#3645 = ORIENTED_EDGE('',*,*,#3624,.T.);
#3646 = ORIENTED_EDGE('',*,*,#3647,.T.);
#3647 = EDGE_CURVE('',#3617,#3648,#3650,.T.);
#3648 = VERTEX_POINT('',#3649);
#3649 = CARTESIAN_POINT('',(149.76,-102.89,1.545));
#3650 = LINE('',#3651,#3652);
#3651 = CARTESIAN_POINT('',(149.76,-102.763554,1.545));
#3652 = VECTOR('',#3653,1.);
#3653 = DIRECTION('',(0.,-1.,0.));
#3654 = ORIENTED_EDGE('',*,*,#3655,.F.);
#3655 = EDGE_CURVE('',#3656,#3648,#3658,.T.);
#3656 = VERTEX_POINT('',#3657);
#3657 = CARTESIAN_POINT('',(149.76,-102.89,1.51));
#3658 = LINE('',#3659,#3660);
#3659 = CARTESIAN_POINT('',(149.76,-102.89,1.51));
#3660 = VECTOR('',#3661,1.);
#3661 = DIRECTION('',(0.,0.,1.));
#3662 = ORIENTED_EDGE('',*,*,#3663,.F.);
#3663 = EDGE_CURVE('',#3625,#3656,#3664,.T.);
#3664 = LINE('',#3665,#3666);
#3665 = CARTESIAN_POINT('',(149.76,-102.763554,1.51));
#3666 = VECTOR('',#3667,1.);
#3667 = DIRECTION('',(0.,-1.,0.));
#3668 = PLANE('',#3669);
#3669 = AXIS2_PLACEMENT_3D('',#3670,#3671,#3672);
#3670 = CARTESIAN_POINT('',(149.76,-102.763554,1.51));
#3671 = DIRECTION('',(1.,0.,-0.));
#3672 = DIRECTION('',(0.,-1.,0.));
#3673 = ADVANCED_FACE('',(#3674),#3701,.T.);
#3674 = FACE_BOUND('',#3675,.T.);
#3675 = EDGE_LOOP('',(#3676,#3677,#3686,#3694));
#3676 = ORIENTED_EDGE('',*,*,#3655,.T.);
#3677 = ORIENTED_EDGE('',*,*,#3678,.T.);
#3678 = EDGE_CURVE('',#3648,#3679,#3681,.T.);
#3679 = VERTEX_POINT('',#3680);
#3680 = CARTESIAN_POINT('',(149.26,-102.89,1.545));
#3681 = CIRCLE('',#3682,0.25);
#3682 = AXIS2_PLACEMENT_3D('',#3683,#3684,#3685);
#3683 = CARTESIAN_POINT('',(149.51,-102.8899997633,1.545));
#3684 = DIRECTION('',(-0.,0.,-1.));
#3685 = DIRECTION('',(1.,-9.466304504709E-07,-0.));
#3686 = ORIENTED_EDGE('',*,*,#3687,.F.);
#3687 = EDGE_CURVE('',#3688,#3679,#3690,.T.);
#3688 = VERTEX_POINT('',#3689);
#3689 = CARTESIAN_POINT('',(149.26,-102.89,1.51));
#3690 = LINE('',#3691,#3692);
#3691 = CARTESIAN_POINT('',(149.26,-102.89,1.51));
#3692 = VECTOR('',#3693,1.);
#3693 = DIRECTION('',(0.,0.,1.));
#3694 = ORIENTED_EDGE('',*,*,#3695,.F.);
#3695 = EDGE_CURVE('',#3656,#3688,#3696,.T.);
#3696 = CIRCLE('',#3697,0.25);
#3697 = AXIS2_PLACEMENT_3D('',#3698,#3699,#3700);
#3698 = CARTESIAN_POINT('',(149.51,-102.8899997633,1.51));
#3699 = DIRECTION('',(-0.,0.,-1.));
#3700 = DIRECTION('',(1.,-9.466304504709E-07,-0.));
#3701 = CYLINDRICAL_SURFACE('',#3702,0.25);
#3702 = AXIS2_PLACEMENT_3D('',#3703,#3704,#3705);
#3703 = CARTESIAN_POINT('',(149.51,-102.8899997633,1.51));
#3704 = DIRECTION('',(-0.,0.,-1.));
#3705 = DIRECTION('',(1.,-9.466304504709E-07,-0.));
#3706 = ADVANCED_FACE('',(#3707),#3732,.T.);
#3707 = FACE_BOUND('',#3708,.T.);
#3708 = EDGE_LOOP('',(#3709,#3710,#3718,#3726));
#3709 = ORIENTED_EDGE('',*,*,#3687,.T.);
#3710 = ORIENTED_EDGE('',*,*,#3711,.T.);
#3711 = EDGE_CURVE('',#3679,#3712,#3714,.T.);
#3712 = VERTEX_POINT('',#3713);
#3713 = CARTESIAN_POINT('',(149.26,-102.66,1.545));
#3714 = LINE('',#3715,#3716);
#3715 = CARTESIAN_POINT('',(149.26,-102.89,1.545));
#3716 = VECTOR('',#3717,1.);
#3717 = DIRECTION('',(0.,1.,0.));
#3718 = ORIENTED_EDGE('',*,*,#3719,.F.);
#3719 = EDGE_CURVE('',#3720,#3712,#3722,.T.);
#3720 = VERTEX_POINT('',#3721);
#3721 = CARTESIAN_POINT('',(149.26,-102.66,1.51));
#3722 = LINE('',#3723,#3724);
#3723 = CARTESIAN_POINT('',(149.26,-102.66,1.51));
#3724 = VECTOR('',#3725,1.);
#3725 = DIRECTION('',(0.,0.,1.));
#3726 = ORIENTED_EDGE('',*,*,#3727,.F.);
#3727 = EDGE_CURVE('',#3688,#3720,#3728,.T.);
#3728 = LINE('',#3729,#3730);
#3729 = CARTESIAN_POINT('',(149.26,-102.89,1.51));
#3730 = VECTOR('',#3731,1.);
#3731 = DIRECTION('',(0.,1.,0.));
#3732 = PLANE('',#3733);
#3733 = AXIS2_PLACEMENT_3D('',#3734,#3735,#3736);
#3734 = CARTESIAN_POINT('',(149.26,-102.89,1.51));
#3735 = DIRECTION('',(-1.,0.,0.));
#3736 = DIRECTION('',(0.,1.,0.));
#3737 = ADVANCED_FACE('',(#3738),#3765,.T.);
#3738 = FACE_BOUND('',#3739,.T.);
#3739 = EDGE_LOOP('',(#3740,#3741,#3750,#3758));
#3740 = ORIENTED_EDGE('',*,*,#3719,.T.);
#3741 = ORIENTED_EDGE('',*,*,#3742,.T.);
#3742 = EDGE_CURVE('',#3712,#3743,#3745,.T.);
#3743 = VERTEX_POINT('',#3744);
#3744 = CARTESIAN_POINT('',(149.333223,-102.483223,1.545));
#3745 = CIRCLE('',#3746,0.250005698685);
#3746 = AXIS2_PLACEMENT_3D('',#3747,#3748,#3749);
#3747 = CARTESIAN_POINT('',(149.51000569867,-102.660001751,1.545));
#3748 = DIRECTION('',(0.,0.,-1.));
#3749 = DIRECTION('',(-0.999999999975,7.004039691486E-06,0.));
#3750 = ORIENTED_EDGE('',*,*,#3751,.F.);
#3751 = EDGE_CURVE('',#3752,#3743,#3754,.T.);
#3752 = VERTEX_POINT('',#3753);
#3753 = CARTESIAN_POINT('',(149.333223,-102.483223,1.51));
#3754 = LINE('',#3755,#3756);
#3755 = CARTESIAN_POINT('',(149.333223,-102.483223,1.51));
#3756 = VECTOR('',#3757,1.);
#3757 = DIRECTION('',(0.,0.,1.));
#3758 = ORIENTED_EDGE('',*,*,#3759,.F.);
#3759 = EDGE_CURVE('',#3720,#3752,#3760,.T.);
#3760 = CIRCLE('',#3761,0.250005698685);
#3761 = AXIS2_PLACEMENT_3D('',#3762,#3763,#3764);
#3762 = CARTESIAN_POINT('',(149.51000569867,-102.660001751,1.51));
#3763 = DIRECTION('',(0.,0.,-1.));
#3764 = DIRECTION('',(-0.999999999975,7.004039691486E-06,0.));
#3765 = CYLINDRICAL_SURFACE('',#3766,0.250005698685);
#3766 = AXIS2_PLACEMENT_3D('',#3767,#3768,#3769);
#3767 = CARTESIAN_POINT('',(149.51000569867,-102.660001751,1.51));
#3768 = DIRECTION('',(0.,0.,-1.));
#3769 = DIRECTION('',(-0.999999999975,7.004039691486E-06,0.));
#3770 = ADVANCED_FACE('',(#3771),#3796,.T.);
#3771 = FACE_BOUND('',#3772,.T.);
#3772 = EDGE_LOOP('',(#3773,#3774,#3782,#3790));
#3773 = ORIENTED_EDGE('',*,*,#3751,.T.);
#3774 = ORIENTED_EDGE('',*,*,#3775,.T.);
#3775 = EDGE_CURVE('',#3743,#3776,#3778,.T.);
#3776 = VERTEX_POINT('',#3777);
#3777 = CARTESIAN_POINT('',(149.623223,-102.193223,1.545));
#3778 = LINE('',#3779,#3780);
#3779 = CARTESIAN_POINT('',(149.333223,-102.483223,1.545));
#3780 = VECTOR('',#3781,1.);
#3781 = DIRECTION('',(0.707106781187,0.707106781187,0.));
#3782 = ORIENTED_EDGE('',*,*,#3783,.F.);
#3783 = EDGE_CURVE('',#3784,#3776,#3786,.T.);
#3784 = VERTEX_POINT('',#3785);
#3785 = CARTESIAN_POINT('',(149.623223,-102.193223,1.51));
#3786 = LINE('',#3787,#3788);
#3787 = CARTESIAN_POINT('',(149.623223,-102.193223,1.51));
#3788 = VECTOR('',#3789,1.);
#3789 = DIRECTION('',(0.,0.,1.));
#3790 = ORIENTED_EDGE('',*,*,#3791,.F.);
#3791 = EDGE_CURVE('',#3752,#3784,#3792,.T.);
#3792 = LINE('',#3793,#3794);
#3793 = CARTESIAN_POINT('',(149.333223,-102.483223,1.51));
#3794 = VECTOR('',#3795,1.);
#3795 = DIRECTION('',(0.707106781187,0.707106781187,0.));
#3796 = PLANE('',#3797);
#3797 = AXIS2_PLACEMENT_3D('',#3798,#3799,#3800);
#3798 = CARTESIAN_POINT('',(149.333223,-102.483223,1.51));
#3799 = DIRECTION('',(-0.707106781187,0.707106781187,0.));
#3800 = DIRECTION('',(0.707106781187,0.707106781187,0.));
#3801 = ADVANCED_FACE('',(#3802),#3829,.T.);
#3802 = FACE_BOUND('',#3803,.T.);
#3803 = EDGE_LOOP('',(#3804,#3805,#3814,#3822));
#3804 = ORIENTED_EDGE('',*,*,#3783,.T.);
#3805 = ORIENTED_EDGE('',*,*,#3806,.T.);
#3806 = EDGE_CURVE('',#3776,#3807,#3809,.T.);
#3807 = VERTEX_POINT('',#3808);
#3808 = CARTESIAN_POINT('',(149.8,-102.12,1.545));
#3809 = CIRCLE('',#3810,0.250002474097);
#3810 = AXIS2_PLACEMENT_3D('',#3811,#3812,#3813);
#3811 = CARTESIAN_POINT('',(149.80000041539,-102.370002474,1.545));
#3812 = DIRECTION('',(0.,0.,-1.));
#3813 = DIRECTION('',(-0.707102663807,0.707110898542,0.));
#3814 = ORIENTED_EDGE('',*,*,#3815,.F.);
#3815 = EDGE_CURVE('',#3816,#3807,#3818,.T.);
#3816 = VERTEX_POINT('',#3817);
#3817 = CARTESIAN_POINT('',(149.8,-102.12,1.51));
#3818 = LINE('',#3819,#3820);
#3819 = CARTESIAN_POINT('',(149.8,-102.12,1.51));
#3820 = VECTOR('',#3821,1.);
#3821 = DIRECTION('',(0.,0.,1.));
#3822 = ORIENTED_EDGE('',*,*,#3823,.F.);
#3823 = EDGE_CURVE('',#3784,#3816,#3824,.T.);
#3824 = CIRCLE('',#3825,0.250002474097);
#3825 = AXIS2_PLACEMENT_3D('',#3826,#3827,#3828);
#3826 = CARTESIAN_POINT('',(149.80000041539,-102.370002474,1.51));
#3827 = DIRECTION('',(0.,0.,-1.));
#3828 = DIRECTION('',(-0.707102663807,0.707110898542,0.));
#3829 = CYLINDRICAL_SURFACE('',#3830,0.250002474097);
#3830 = AXIS2_PLACEMENT_3D('',#3831,#3832,#3833);
#3831 = CARTESIAN_POINT('',(149.80000041539,-102.370002474,1.51));
#3832 = DIRECTION('',(0.,0.,-1.));
#3833 = DIRECTION('',(-0.707102663807,0.707110898542,0.));
#3834 = ADVANCED_FACE('',(#3835),#3860,.T.);
#3835 = FACE_BOUND('',#3836,.T.);
#3836 = EDGE_LOOP('',(#3837,#3838,#3846,#3854));
#3837 = ORIENTED_EDGE('',*,*,#3815,.T.);
#3838 = ORIENTED_EDGE('',*,*,#3839,.T.);
#3839 = EDGE_CURVE('',#3807,#3840,#3842,.T.);
#3840 = VERTEX_POINT('',#3841);
#3841 = CARTESIAN_POINT('',(151.001927,-102.12,1.545));
#3842 = LINE('',#3843,#3844);
#3843 = CARTESIAN_POINT('',(149.8,-102.12,1.545));
#3844 = VECTOR('',#3845,1.);
#3845 = DIRECTION('',(1.,0.,0.));
#3846 = ORIENTED_EDGE('',*,*,#3847,.F.);
#3847 = EDGE_CURVE('',#3848,#3840,#3850,.T.);
#3848 = VERTEX_POINT('',#3849);
#3849 = CARTESIAN_POINT('',(151.001927,-102.12,1.51));
#3850 = LINE('',#3851,#3852);
#3851 = CARTESIAN_POINT('',(151.001927,-102.12,1.51));
#3852 = VECTOR('',#3853,1.);
#3853 = DIRECTION('',(0.,0.,1.));
#3854 = ORIENTED_EDGE('',*,*,#3855,.F.);
#3855 = EDGE_CURVE('',#3816,#3848,#3856,.T.);
#3856 = LINE('',#3857,#3858);
#3857 = CARTESIAN_POINT('',(149.8,-102.12,1.51));
#3858 = VECTOR('',#3859,1.);
#3859 = DIRECTION('',(1.,0.,0.));
#3860 = PLANE('',#3861);
#3861 = AXIS2_PLACEMENT_3D('',#3862,#3863,#3864);
#3862 = CARTESIAN_POINT('',(149.8,-102.12,1.51));
#3863 = DIRECTION('',(0.,1.,0.));
#3864 = DIRECTION('',(1.,0.,0.));
#3865 = ADVANCED_FACE('',(#3866),#3891,.T.);
#3866 = FACE_BOUND('',#3867,.T.);
#3867 = EDGE_LOOP('',(#3868,#3869,#3877,#3885));
#3868 = ORIENTED_EDGE('',*,*,#3847,.T.);
#3869 = ORIENTED_EDGE('',*,*,#3870,.T.);
#3870 = EDGE_CURVE('',#3840,#3871,#3873,.T.);
#3871 = VERTEX_POINT('',#3872);
#3872 = CARTESIAN_POINT('',(151.033324,-102.06562,1.545));
#3873 = LINE('',#3874,#3875);
#3874 = CARTESIAN_POINT('',(151.001927,-102.12,1.545));
#3875 = VECTOR('',#3876,1.);
#3876 = DIRECTION('',(0.500008269552,0.866020629304,0.));
#3877 = ORIENTED_EDGE('',*,*,#3878,.F.);
#3878 = EDGE_CURVE('',#3879,#3871,#3881,.T.);
#3879 = VERTEX_POINT('',#3880);
#3880 = CARTESIAN_POINT('',(151.033324,-102.06562,1.51));
#3881 = LINE('',#3882,#3883);
#3882 = CARTESIAN_POINT('',(151.033324,-102.06562,1.51));
#3883 = VECTOR('',#3884,1.);
#3884 = DIRECTION('',(0.,0.,1.));
#3885 = ORIENTED_EDGE('',*,*,#3886,.F.);
#3886 = EDGE_CURVE('',#3848,#3879,#3887,.T.);
#3887 = LINE('',#3888,#3889);
#3888 = CARTESIAN_POINT('',(151.001927,-102.12,1.51));
#3889 = VECTOR('',#3890,1.);
#3890 = DIRECTION('',(0.500008269552,0.866020629304,0.));
#3891 = PLANE('',#3892);
#3892 = AXIS2_PLACEMENT_3D('',#3893,#3894,#3895);
#3893 = CARTESIAN_POINT('',(151.001927,-102.12,1.51));
#3894 = DIRECTION('',(-0.866020629304,0.500008269552,0.));
#3895 = DIRECTION('',(0.500008269552,0.866020629304,0.));
#3896 = ADVANCED_FACE('',(#3897),#3922,.T.);
#3897 = FACE_BOUND('',#3898,.T.);
#3898 = EDGE_LOOP('',(#3899,#3900,#3908,#3916));
#3899 = ORIENTED_EDGE('',*,*,#3878,.T.);
#3900 = ORIENTED_EDGE('',*,*,#3901,.T.);
#3901 = EDGE_CURVE('',#3871,#3902,#3904,.T.);
#3902 = VERTEX_POINT('',#3903);
#3903 = CARTESIAN_POINT('',(151.126447,-101.966446,1.545));
#3904 = LINE('',#3905,#3906);
#3905 = CARTESIAN_POINT('',(151.033324,-102.06562,1.545));
#3906 = VECTOR('',#3907,1.);
#3907 = DIRECTION('',(0.684517477653,0.728996449091,0.));
#3908 = ORIENTED_EDGE('',*,*,#3909,.F.);
#3909 = EDGE_CURVE('',#3910,#3902,#3912,.T.);
#3910 = VERTEX_POINT('',#3911);
#3911 = CARTESIAN_POINT('',(151.126447,-101.966446,1.51));
#3912 = LINE('',#3913,#3914);
#3913 = CARTESIAN_POINT('',(151.126447,-101.966446,1.51));
#3914 = VECTOR('',#3915,1.);
#3915 = DIRECTION('',(0.,0.,1.));
#3916 = ORIENTED_EDGE('',*,*,#3917,.F.);
#3917 = EDGE_CURVE('',#3879,#3910,#3918,.T.);
#3918 = LINE('',#3919,#3920);
#3919 = CARTESIAN_POINT('',(151.033324,-102.06562,1.51));
#3920 = VECTOR('',#3921,1.);
#3921 = DIRECTION('',(0.684517477653,0.728996449091,0.));
#3922 = PLANE('',#3923);
#3923 = AXIS2_PLACEMENT_3D('',#3924,#3925,#3926);
#3924 = CARTESIAN_POINT('',(151.033324,-102.06562,1.51));
#3925 = DIRECTION('',(-0.728996449091,0.684517477653,0.));
#3926 = DIRECTION('',(0.684517477653,0.728996449091,0.));
#3927 = ADVANCED_FACE('',(#3928),#3953,.T.);
#3928 = FACE_BOUND('',#3929,.T.);
#3929 = EDGE_LOOP('',(#3930,#3931,#3939,#3947));
#3930 = ORIENTED_EDGE('',*,*,#3909,.T.);
#3931 = ORIENTED_EDGE('',*,*,#3932,.T.);
#3932 = EDGE_CURVE('',#3902,#3933,#3935,.T.);
#3933 = VERTEX_POINT('',#3934);
#3934 = CARTESIAN_POINT('',(151.17562,-101.923323,1.545));
#3935 = LINE('',#3936,#3937);
#3936 = CARTESIAN_POINT('',(151.126447,-101.966446,1.545));
#3937 = VECTOR('',#3938,1.);
#3938 = DIRECTION('',(0.751844079372,0.659340943908,0.));
#3939 = ORIENTED_EDGE('',*,*,#3940,.F.);
#3940 = EDGE_CURVE('',#3941,#3933,#3943,.T.);
#3941 = VERTEX_POINT('',#3942);
#3942 = CARTESIAN_POINT('',(151.17562,-101.923323,1.51));
#3943 = LINE('',#3944,#3945);
#3944 = CARTESIAN_POINT('',(151.17562,-101.923323,1.51));
#3945 = VECTOR('',#3946,1.);
#3946 = DIRECTION('',(0.,0.,1.));
#3947 = ORIENTED_EDGE('',*,*,#3948,.F.);
#3948 = EDGE_CURVE('',#3910,#3941,#3949,.T.);
#3949 = LINE('',#3950,#3951);
#3950 = CARTESIAN_POINT('',(151.126447,-101.966446,1.51));
#3951 = VECTOR('',#3952,1.);
#3952 = DIRECTION('',(0.751844079372,0.659340943908,0.));
#3953 = PLANE('',#3954);
#3954 = AXIS2_PLACEMENT_3D('',#3955,#3956,#3957);
#3955 = CARTESIAN_POINT('',(151.126447,-101.966446,1.51));
#3956 = DIRECTION('',(-0.659340943908,0.751844079372,0.));
#3957 = DIRECTION('',(0.751844079372,0.659340943908,0.));
#3958 = ADVANCED_FACE('',(#3959),#3975,.T.);
#3959 = FACE_BOUND('',#3960,.T.);
#3960 = EDGE_LOOP('',(#3961,#3962,#3968,#3969));
#3961 = ORIENTED_EDGE('',*,*,#3940,.T.);
#3962 = ORIENTED_EDGE('',*,*,#3963,.T.);
#3963 = EDGE_CURVE('',#3933,#3450,#3964,.T.);
#3964 = LINE('',#3965,#3966);
#3965 = CARTESIAN_POINT('',(151.17562,-101.923323,1.545));
#3966 = VECTOR('',#3967,1.);
#3967 = DIRECTION('',(0.866025725838,0.499999442187,0.));
#3968 = ORIENTED_EDGE('',*,*,#3447,.F.);
#3969 = ORIENTED_EDGE('',*,*,#3970,.F.);
#3970 = EDGE_CURVE('',#3941,#3448,#3971,.T.);
#3971 = LINE('',#3972,#3973);
#3972 = CARTESIAN_POINT('',(151.17562,-101.923323,1.51));
#3973 = VECTOR('',#3974,1.);
#3974 = DIRECTION('',(0.866025725838,0.499999442187,0.));
#3975 = PLANE('',#3976);
#3976 = AXIS2_PLACEMENT_3D('',#3977,#3978,#3979);
#3977 = CARTESIAN_POINT('',(151.17562,-101.923323,1.51));
#3978 = DIRECTION('',(-0.499999442187,0.866025725838,0.));
#3979 = DIRECTION('',(0.866025725838,0.499999442187,0.));
#3980 = ADVANCED_FACE('',(#3981),#4008,.F.);
#3981 = FACE_BOUND('',#3982,.T.);
#3982 = EDGE_LOOP('',(#3983,#3993,#4000,#4001));
#3983 = ORIENTED_EDGE('',*,*,#3984,.T.);
#3984 = EDGE_CURVE('',#3985,#3987,#3989,.T.);
#3985 = VERTEX_POINT('',#3986);
#3986 = CARTESIAN_POINT('',(151.867392,-102.32,1.51));
#3987 = VERTEX_POINT('',#3988);
#3988 = CARTESIAN_POINT('',(151.867392,-102.32,1.545));
#3989 = LINE('',#3990,#3991);
#3990 = CARTESIAN_POINT('',(151.867392,-102.32,1.51));
#3991 = VECTOR('',#3992,1.);
#3992 = DIRECTION('',(0.,0.,1.));
#3993 = ORIENTED_EDGE('',*,*,#3994,.T.);
#3994 = EDGE_CURVE('',#3987,#3987,#3995,.T.);
#3995 = CIRCLE('',#3996,0.387392);
#3996 = AXIS2_PLACEMENT_3D('',#3997,#3998,#3999);
#3997 = CARTESIAN_POINT('',(151.48,-102.32,1.545));
#3998 = DIRECTION('',(0.,0.,1.));
#3999 = DIRECTION('',(1.,0.,-0.));
#4000 = ORIENTED_EDGE('',*,*,#3984,.F.);
#4001 = ORIENTED_EDGE('',*,*,#4002,.F.);
#4002 = EDGE_CURVE('',#3985,#3985,#4003,.T.);
#4003 = CIRCLE('',#4004,0.387392);
#4004 = AXIS2_PLACEMENT_3D('',#4005,#4006,#4007);
#4005 = CARTESIAN_POINT('',(151.48,-102.32,1.51));
#4006 = DIRECTION('',(0.,0.,1.));
#4007 = DIRECTION('',(1.,0.,-0.));
#4008 = CYLINDRICAL_SURFACE('',#4009,0.387392);
#4009 = AXIS2_PLACEMENT_3D('',#4010,#4011,#4012);
#4010 = CARTESIAN_POINT('',(151.48,-102.32,1.51));
#4011 = DIRECTION('',(-0.,-0.,-1.));
#4012 = DIRECTION('',(1.,0.,-0.));
#4013 = ADVANCED_FACE('',(#4014,#4033),#4036,.F.);
#4014 = FACE_BOUND('',#4015,.T.);
#4015 = EDGE_LOOP('',(#4016,#4017,#4018,#4019,#4020,#4021,#4022,#4023,
    #4024,#4025,#4026,#4027,#4028,#4029,#4030,#4031,#4032));
#4016 = ORIENTED_EDGE('',*,*,#3474,.T.);
#4017 = ORIENTED_EDGE('',*,*,#3506,.T.);
#4018 = ORIENTED_EDGE('',*,*,#3538,.T.);
#4019 = ORIENTED_EDGE('',*,*,#3570,.T.);
#4020 = ORIENTED_EDGE('',*,*,#3601,.T.);
#4021 = ORIENTED_EDGE('',*,*,#3632,.T.);
#4022 = ORIENTED_EDGE('',*,*,#3663,.T.);
#4023 = ORIENTED_EDGE('',*,*,#3695,.T.);
#4024 = ORIENTED_EDGE('',*,*,#3727,.T.);
#4025 = ORIENTED_EDGE('',*,*,#3759,.T.);
#4026 = ORIENTED_EDGE('',*,*,#3791,.T.);
#4027 = ORIENTED_EDGE('',*,*,#3823,.T.);
#4028 = ORIENTED_EDGE('',*,*,#3855,.T.);
#4029 = ORIENTED_EDGE('',*,*,#3886,.T.);
#4030 = ORIENTED_EDGE('',*,*,#3917,.T.);
#4031 = ORIENTED_EDGE('',*,*,#3948,.T.);
#4032 = ORIENTED_EDGE('',*,*,#3970,.T.);
#4033 = FACE_BOUND('',#4034,.T.);
#4034 = EDGE_LOOP('',(#4035));
#4035 = ORIENTED_EDGE('',*,*,#4002,.T.);
#4036 = PLANE('',#4037);
#4037 = AXIS2_PLACEMENT_3D('',#4038,#4039,#4040);
#4038 = CARTESIAN_POINT('',(0.,0.,1.51));
#4039 = DIRECTION('',(0.,0.,1.));
#4040 = DIRECTION('',(1.,0.,-0.));
#4041 = ADVANCED_FACE('',(#4042,#4061),#4064,.T.);
#4042 = FACE_BOUND('',#4043,.F.);
#4043 = EDGE_LOOP('',(#4044,#4045,#4046,#4047,#4048,#4049,#4050,#4051,
    #4052,#4053,#4054,#4055,#4056,#4057,#4058,#4059,#4060));
#4044 = ORIENTED_EDGE('',*,*,#3457,.T.);
#4045 = ORIENTED_EDGE('',*,*,#3490,.T.);
#4046 = ORIENTED_EDGE('',*,*,#3521,.T.);
#4047 = ORIENTED_EDGE('',*,*,#3554,.T.);
#4048 = ORIENTED_EDGE('',*,*,#3585,.T.);
#4049 = ORIENTED_EDGE('',*,*,#3616,.T.);
#4050 = ORIENTED_EDGE('',*,*,#3647,.T.);
#4051 = ORIENTED_EDGE('',*,*,#3678,.T.);
#4052 = ORIENTED_EDGE('',*,*,#3711,.T.);
#4053 = ORIENTED_EDGE('',*,*,#3742,.T.);
#4054 = ORIENTED_EDGE('',*,*,#3775,.T.);
#4055 = ORIENTED_EDGE('',*,*,#3806,.T.);
#4056 = ORIENTED_EDGE('',*,*,#3839,.T.);
#4057 = ORIENTED_EDGE('',*,*,#3870,.T.);
#4058 = ORIENTED_EDGE('',*,*,#3901,.T.);
#4059 = ORIENTED_EDGE('',*,*,#3932,.T.);
#4060 = ORIENTED_EDGE('',*,*,#3963,.T.);
#4061 = FACE_BOUND('',#4062,.F.);
#4062 = EDGE_LOOP('',(#4063));
#4063 = ORIENTED_EDGE('',*,*,#3994,.T.);
#4064 = PLANE('',#4065);
#4065 = AXIS2_PLACEMENT_3D('',#4066,#4067,#4068);
#4066 = CARTESIAN_POINT('',(0.,0.,1.545));
#4067 = DIRECTION('',(0.,0.,1.));
#4068 = DIRECTION('',(1.,0.,-0.));
#4069 = MANIFOLD_SOLID_BREP('',#4070);
#4070 = CLOSED_SHELL('',(#4071,#4113,#4144,#4177,#4199,#4232,#4247));
#4071 = ADVANCED_FACE('',(#4072),#4108,.T.);
#4072 = FACE_BOUND('',#4073,.T.);
#4073 = EDGE_LOOP('',(#4074,#4084,#4093,#4101));
#4074 = ORIENTED_EDGE('',*,*,#4075,.T.);
#4075 = EDGE_CURVE('',#4076,#4078,#4080,.T.);
#4076 = VERTEX_POINT('',#4077);
#4077 = CARTESIAN_POINT('',(120.18,-102.789,1.51));
#4078 = VERTEX_POINT('',#4079);
#4079 = CARTESIAN_POINT('',(120.18,-102.789,1.545));
#4080 = LINE('',#4081,#4082);
#4081 = CARTESIAN_POINT('',(120.18,-102.789,1.51));
#4082 = VECTOR('',#4083,1.);
#4083 = DIRECTION('',(0.,0.,1.));
#4084 = ORIENTED_EDGE('',*,*,#4085,.T.);
#4085 = EDGE_CURVE('',#4078,#4086,#4088,.T.);
#4086 = VERTEX_POINT('',#4087);
#4087 = CARTESIAN_POINT('',(120.18,-101.789,1.545));
#4088 = CIRCLE('',#4089,0.5);
#4089 = AXIS2_PLACEMENT_3D('',#4090,#4091,#4092);
#4090 = CARTESIAN_POINT('',(120.18000044334,-102.289,1.545));
#4091 = DIRECTION('',(0.,0.,-1.));
#4092 = DIRECTION('',(-8.866804250825E-07,-1.,-0.));
#4093 = ORIENTED_EDGE('',*,*,#4094,.F.);
#4094 = EDGE_CURVE('',#4095,#4086,#4097,.T.);
#4095 = VERTEX_POINT('',#4096);
#4096 = CARTESIAN_POINT('',(120.18,-101.789,1.51));
#4097 = LINE('',#4098,#4099);
#4098 = CARTESIAN_POINT('',(120.18,-101.789,1.51));
#4099 = VECTOR('',#4100,1.);
#4100 = DIRECTION('',(0.,0.,1.));
#4101 = ORIENTED_EDGE('',*,*,#4102,.F.);
#4102 = EDGE_CURVE('',#4076,#4095,#4103,.T.);
#4103 = CIRCLE('',#4104,0.5);
#4104 = AXIS2_PLACEMENT_3D('',#4105,#4106,#4107);
#4105 = CARTESIAN_POINT('',(120.18000044334,-102.289,1.51));
#4106 = DIRECTION('',(0.,0.,-1.));
#4107 = DIRECTION('',(-8.866804250825E-07,-1.,-0.));
#4108 = CYLINDRICAL_SURFACE('',#4109,0.5);
#4109 = AXIS2_PLACEMENT_3D('',#4110,#4111,#4112);
#4110 = CARTESIAN_POINT('',(120.18000044334,-102.289,1.51));
#4111 = DIRECTION('',(0.,0.,-1.));
#4112 = DIRECTION('',(-8.866804250825E-07,-1.,-0.));
#4113 = ADVANCED_FACE('',(#4114),#4139,.T.);
#4114 = FACE_BOUND('',#4115,.T.);
#4115 = EDGE_LOOP('',(#4116,#4117,#4125,#4133));
#4116 = ORIENTED_EDGE('',*,*,#4094,.T.);
#4117 = ORIENTED_EDGE('',*,*,#4118,.T.);
#4118 = EDGE_CURVE('',#4086,#4119,#4121,.T.);
#4119 = VERTEX_POINT('',#4120);
#4120 = CARTESIAN_POINT('',(145.945824,-101.789,1.545));
#4121 = LINE('',#4122,#4123);
#4122 = CARTESIAN_POINT('',(120.18,-101.789,1.545));
#4123 = VECTOR('',#4124,1.);
#4124 = DIRECTION('',(1.,0.,0.));
#4125 = ORIENTED_EDGE('',*,*,#4126,.F.);
#4126 = EDGE_CURVE('',#4127,#4119,#4129,.T.);
#4127 = VERTEX_POINT('',#4128);
#4128 = CARTESIAN_POINT('',(145.945824,-101.789,1.51));
#4129 = LINE('',#4130,#4131);
#4130 = CARTESIAN_POINT('',(145.945824,-101.789,1.51));
#4131 = VECTOR('',#4132,1.);
#4132 = DIRECTION('',(0.,0.,1.));
#4133 = ORIENTED_EDGE('',*,*,#4134,.F.);
#4134 = EDGE_CURVE('',#4095,#4127,#4135,.T.);
#4135 = LINE('',#4136,#4137);
#4136 = CARTESIAN_POINT('',(120.18,-101.789,1.51));
#4137 = VECTOR('',#4138,1.);
#4138 = DIRECTION('',(1.,0.,0.));
#4139 = PLANE('',#4140);
#4140 = AXIS2_PLACEMENT_3D('',#4141,#4142,#4143);
#4141 = CARTESIAN_POINT('',(120.18,-101.789,1.51));
#4142 = DIRECTION('',(0.,1.,0.));
#4143 = DIRECTION('',(1.,0.,0.));
#4144 = ADVANCED_FACE('',(#4145),#4172,.T.);
#4145 = FACE_BOUND('',#4146,.T.);
#4146 = EDGE_LOOP('',(#4147,#4148,#4157,#4165));
#4147 = ORIENTED_EDGE('',*,*,#4126,.T.);
#4148 = ORIENTED_EDGE('',*,*,#4149,.T.);
#4149 = EDGE_CURVE('',#4119,#4150,#4152,.T.);
#4150 = VERTEX_POINT('',#4151);
#4151 = CARTESIAN_POINT('',(145.945824,-102.789,1.545));
#4152 = CIRCLE('',#4153,0.5);
#4153 = AXIS2_PLACEMENT_3D('',#4154,#4155,#4156);
#4154 = CARTESIAN_POINT('',(145.94582355666,-102.289,1.545));
#4155 = DIRECTION('',(0.,0.,-1.));
#4156 = DIRECTION('',(8.866804250825E-07,1.,0.));
#4157 = ORIENTED_EDGE('',*,*,#4158,.F.);
#4158 = EDGE_CURVE('',#4159,#4150,#4161,.T.);
#4159 = VERTEX_POINT('',#4160);
#4160 = CARTESIAN_POINT('',(145.945824,-102.789,1.51));
#4161 = LINE('',#4162,#4163);
#4162 = CARTESIAN_POINT('',(145.945824,-102.789,1.51));
#4163 = VECTOR('',#4164,1.);
#4164 = DIRECTION('',(0.,0.,1.));
#4165 = ORIENTED_EDGE('',*,*,#4166,.F.);
#4166 = EDGE_CURVE('',#4127,#4159,#4167,.T.);
#4167 = CIRCLE('',#4168,0.5);
#4168 = AXIS2_PLACEMENT_3D('',#4169,#4170,#4171);
#4169 = CARTESIAN_POINT('',(145.94582355666,-102.289,1.51));
#4170 = DIRECTION('',(0.,0.,-1.));
#4171 = DIRECTION('',(8.866804250825E-07,1.,0.));
#4172 = CYLINDRICAL_SURFACE('',#4173,0.5);
#4173 = AXIS2_PLACEMENT_3D('',#4174,#4175,#4176);
#4174 = CARTESIAN_POINT('',(145.94582355666,-102.289,1.51));
#4175 = DIRECTION('',(0.,0.,-1.));
#4176 = DIRECTION('',(8.866804250825E-07,1.,0.));
#4177 = ADVANCED_FACE('',(#4178),#4194,.T.);
#4178 = FACE_BOUND('',#4179,.T.);
#4179 = EDGE_LOOP('',(#4180,#4181,#4187,#4188));
#4180 = ORIENTED_EDGE('',*,*,#4158,.T.);
#4181 = ORIENTED_EDGE('',*,*,#4182,.T.);
#4182 = EDGE_CURVE('',#4150,#4078,#4183,.T.);
#4183 = LINE('',#4184,#4185);
#4184 = CARTESIAN_POINT('',(145.945824,-102.789,1.545));
#4185 = VECTOR('',#4186,1.);
#4186 = DIRECTION('',(-1.,0.,0.));
#4187 = ORIENTED_EDGE('',*,*,#4075,.F.);
#4188 = ORIENTED_EDGE('',*,*,#4189,.F.);
#4189 = EDGE_CURVE('',#4159,#4076,#4190,.T.);
#4190 = LINE('',#4191,#4192);
#4191 = CARTESIAN_POINT('',(145.945824,-102.789,1.51));
#4192 = VECTOR('',#4193,1.);
#4193 = DIRECTION('',(-1.,0.,0.));
#4194 = PLANE('',#4195);
#4195 = AXIS2_PLACEMENT_3D('',#4196,#4197,#4198);
#4196 = CARTESIAN_POINT('',(145.945824,-102.789,1.51));
#4197 = DIRECTION('',(0.,-1.,0.));
#4198 = DIRECTION('',(-1.,0.,0.));
#4199 = ADVANCED_FACE('',(#4200),#4227,.F.);
#4200 = FACE_BOUND('',#4201,.T.);
#4201 = EDGE_LOOP('',(#4202,#4212,#4219,#4220));
#4202 = ORIENTED_EDGE('',*,*,#4203,.T.);
#4203 = EDGE_CURVE('',#4204,#4206,#4208,.T.);
#4204 = VERTEX_POINT('',#4205);
#4205 = CARTESIAN_POINT('',(146.083079,-102.289,1.51));
#4206 = VERTEX_POINT('',#4207);
#4207 = CARTESIAN_POINT('',(146.083079,-102.289,1.545));
#4208 = LINE('',#4209,#4210);
#4209 = CARTESIAN_POINT('',(146.083079,-102.289,1.51));
#4210 = VECTOR('',#4211,1.);
#4211 = DIRECTION('',(0.,0.,1.));
#4212 = ORIENTED_EDGE('',*,*,#4213,.T.);
#4213 = EDGE_CURVE('',#4206,#4206,#4214,.T.);
#4214 = CIRCLE('',#4215,0.137255);
#4215 = AXIS2_PLACEMENT_3D('',#4216,#4217,#4218);
#4216 = CARTESIAN_POINT('',(145.945824,-102.289,1.545));
#4217 = DIRECTION('',(0.,0.,1.));
#4218 = DIRECTION('',(1.,0.,-0.));
#4219 = ORIENTED_EDGE('',*,*,#4203,.F.);
#4220 = ORIENTED_EDGE('',*,*,#4221,.F.);
#4221 = EDGE_CURVE('',#4204,#4204,#4222,.T.);
#4222 = CIRCLE('',#4223,0.137255);
#4223 = AXIS2_PLACEMENT_3D('',#4224,#4225,#4226);
#4224 = CARTESIAN_POINT('',(145.945824,-102.289,1.51));
#4225 = DIRECTION('',(0.,0.,1.));
#4226 = DIRECTION('',(1.,0.,-0.));
#4227 = CYLINDRICAL_SURFACE('',#4228,0.137255);
#4228 = AXIS2_PLACEMENT_3D('',#4229,#4230,#4231);
#4229 = CARTESIAN_POINT('',(145.945824,-102.289,1.51));
#4230 = DIRECTION('',(-0.,-0.,-1.));
#4231 = DIRECTION('',(1.,0.,-0.));
#4232 = ADVANCED_FACE('',(#4233,#4239),#4242,.F.);
#4233 = FACE_BOUND('',#4234,.T.);
#4234 = EDGE_LOOP('',(#4235,#4236,#4237,#4238));
#4235 = ORIENTED_EDGE('',*,*,#4102,.T.);
#4236 = ORIENTED_EDGE('',*,*,#4134,.T.);
#4237 = ORIENTED_EDGE('',*,*,#4166,.T.);
#4238 = ORIENTED_EDGE('',*,*,#4189,.T.);
#4239 = FACE_BOUND('',#4240,.T.);
#4240 = EDGE_LOOP('',(#4241));
#4241 = ORIENTED_EDGE('',*,*,#4221,.T.);
#4242 = PLANE('',#4243);
#4243 = AXIS2_PLACEMENT_3D('',#4244,#4245,#4246);
#4244 = CARTESIAN_POINT('',(0.,0.,1.51));
#4245 = DIRECTION('',(0.,0.,1.));
#4246 = DIRECTION('',(1.,0.,-0.));
#4247 = ADVANCED_FACE('',(#4248,#4254),#4257,.T.);
#4248 = FACE_BOUND('',#4249,.F.);
#4249 = EDGE_LOOP('',(#4250,#4251,#4252,#4253));
#4250 = ORIENTED_EDGE('',*,*,#4085,.T.);
#4251 = ORIENTED_EDGE('',*,*,#4118,.T.);
#4252 = ORIENTED_EDGE('',*,*,#4149,.T.);
#4253 = ORIENTED_EDGE('',*,*,#4182,.T.);
#4254 = FACE_BOUND('',#4255,.F.);
#4255 = EDGE_LOOP('',(#4256));
#4256 = ORIENTED_EDGE('',*,*,#4213,.T.);
#4257 = PLANE('',#4258);
#4258 = AXIS2_PLACEMENT_3D('',#4259,#4260,#4261);
#4259 = CARTESIAN_POINT('',(0.,0.,1.545));
#4260 = DIRECTION('',(0.,0.,1.));
#4261 = DIRECTION('',(1.,0.,-0.));
#4262 = MANIFOLD_SOLID_BREP('',#4263);
#4263 = CLOSED_SHELL('',(#4264,#4306,#4337,#4370,#4401,#4434,#4456,#4489
    ,#4506));
#4264 = ADVANCED_FACE('',(#4265),#4301,.T.);
#4265 = FACE_BOUND('',#4266,.T.);
#4266 = EDGE_LOOP('',(#4267,#4277,#4286,#4294));
#4267 = ORIENTED_EDGE('',*,*,#4268,.T.);
#4268 = EDGE_CURVE('',#4269,#4271,#4273,.T.);
#4269 = VERTEX_POINT('',#4270);
#4270 = CARTESIAN_POINT('',(120.1,-99.325451,1.51));
#4271 = VERTEX_POINT('',#4272);
#4272 = CARTESIAN_POINT('',(120.1,-99.325451,1.545));
#4273 = LINE('',#4274,#4275);
#4274 = CARTESIAN_POINT('',(120.1,-99.325451,1.51));
#4275 = VECTOR('',#4276,1.);
#4276 = DIRECTION('',(0.,0.,1.));
#4277 = ORIENTED_EDGE('',*,*,#4278,.T.);
#4278 = EDGE_CURVE('',#4271,#4279,#4281,.T.);
#4279 = VERTEX_POINT('',#4280);
#4280 = CARTESIAN_POINT('',(120.1,-98.325451,1.545));
#4281 = CIRCLE('',#4282,0.5);
#4282 = AXIS2_PLACEMENT_3D('',#4283,#4284,#4285);
#4283 = CARTESIAN_POINT('',(120.10000044334,-98.825451,1.545));
#4284 = DIRECTION('',(0.,0.,-1.));
#4285 = DIRECTION('',(-8.866804250825E-07,-1.,-0.));
#4286 = ORIENTED_EDGE('',*,*,#4287,.F.);
#4287 = EDGE_CURVE('',#4288,#4279,#4290,.T.);
#4288 = VERTEX_POINT('',#4289);
#4289 = CARTESIAN_POINT('',(120.1,-98.325451,1.51));
#4290 = LINE('',#4291,#4292);
#4291 = CARTESIAN_POINT('',(120.1,-98.325451,1.51));
#4292 = VECTOR('',#4293,1.);
#4293 = DIRECTION('',(0.,0.,1.));
#4294 = ORIENTED_EDGE('',*,*,#4295,.F.);
#4295 = EDGE_CURVE('',#4269,#4288,#4296,.T.);
#4296 = CIRCLE('',#4297,0.5);
#4297 = AXIS2_PLACEMENT_3D('',#4298,#4299,#4300);
#4298 = CARTESIAN_POINT('',(120.10000044334,-98.825451,1.51));
#4299 = DIRECTION('',(0.,0.,-1.));
#4300 = DIRECTION('',(-8.866804250825E-07,-1.,-0.));
#4301 = CYLINDRICAL_SURFACE('',#4302,0.5);
#4302 = AXIS2_PLACEMENT_3D('',#4303,#4304,#4305);
#4303 = CARTESIAN_POINT('',(120.10000044334,-98.825451,1.51));
#4304 = DIRECTION('',(0.,0.,-1.));
#4305 = DIRECTION('',(-8.866804250825E-07,-1.,-0.));
#4306 = ADVANCED_FACE('',(#4307),#4332,.T.);
#4307 = FACE_BOUND('',#4308,.T.);
#4308 = EDGE_LOOP('',(#4309,#4310,#4318,#4326));
#4309 = ORIENTED_EDGE('',*,*,#4287,.T.);
#4310 = ORIENTED_EDGE('',*,*,#4311,.T.);
#4311 = EDGE_CURVE('',#4279,#4312,#4314,.T.);
#4312 = VERTEX_POINT('',#4313);
#4313 = CARTESIAN_POINT('',(146.002275,-98.325451,1.545));
#4314 = LINE('',#4315,#4316);
#4315 = CARTESIAN_POINT('',(120.1,-98.325451,1.545));
#4316 = VECTOR('',#4317,1.);
#4317 = DIRECTION('',(1.,0.,0.));
#4318 = ORIENTED_EDGE('',*,*,#4319,.F.);
#4319 = EDGE_CURVE('',#4320,#4312,#4322,.T.);
#4320 = VERTEX_POINT('',#4321);
#4321 = CARTESIAN_POINT('',(146.002275,-98.325451,1.51));
#4322 = LINE('',#4323,#4324);
#4323 = CARTESIAN_POINT('',(146.002275,-98.325451,1.51));
#4324 = VECTOR('',#4325,1.);
#4325 = DIRECTION('',(0.,0.,1.));
#4326 = ORIENTED_EDGE('',*,*,#4327,.F.);
#4327 = EDGE_CURVE('',#4288,#4320,#4328,.T.);
#4328 = LINE('',#4329,#4330);
#4329 = CARTESIAN_POINT('',(120.1,-98.325451,1.51));
#4330 = VECTOR('',#4331,1.);
#4331 = DIRECTION('',(1.,0.,0.));
#4332 = PLANE('',#4333);
#4333 = AXIS2_PLACEMENT_3D('',#4334,#4335,#4336);
#4334 = CARTESIAN_POINT('',(120.1,-98.325451,1.51));
#4335 = DIRECTION('',(0.,1.,0.));
#4336 = DIRECTION('',(1.,0.,0.));
#4337 = ADVANCED_FACE('',(#4338),#4365,.T.);
#4338 = FACE_BOUND('',#4339,.T.);
#4339 = EDGE_LOOP('',(#4340,#4341,#4350,#4358));
#4340 = ORIENTED_EDGE('',*,*,#4319,.T.);
#4341 = ORIENTED_EDGE('',*,*,#4342,.T.);
#4342 = EDGE_CURVE('',#4312,#4343,#4345,.T.);
#4343 = VERTEX_POINT('',#4344);
#4344 = CARTESIAN_POINT('',(146.4015,-98.52362,1.545));
#4345 = CIRCLE('',#4346,0.502028962483);
#4346 = AXIS2_PLACEMENT_3D('',#4347,#4348,#4349);
#4347 = CARTESIAN_POINT('',(146.00187229759,-98.82747980096,1.545));
#4348 = DIRECTION('',(0.,0.,-1.));
#4349 = DIRECTION('',(8.021497391814E-04,0.999999678278,0.));
#4350 = ORIENTED_EDGE('',*,*,#4351,.F.);
#4351 = EDGE_CURVE('',#4352,#4343,#4354,.T.);
#4352 = VERTEX_POINT('',#4353);
#4353 = CARTESIAN_POINT('',(146.4015,-98.52362,1.51));
#4354 = LINE('',#4355,#4356);
#4355 = CARTESIAN_POINT('',(146.4015,-98.52362,1.51));
#4356 = VECTOR('',#4357,1.);
#4357 = DIRECTION('',(0.,0.,1.));
#4358 = ORIENTED_EDGE('',*,*,#4359,.F.);
#4359 = EDGE_CURVE('',#4320,#4352,#4360,.T.);
#4360 = CIRCLE('',#4361,0.502028962483);
#4361 = AXIS2_PLACEMENT_3D('',#4362,#4363,#4364);
#4362 = CARTESIAN_POINT('',(146.00187229759,-98.82747980096,1.51));
#4363 = DIRECTION('',(0.,0.,-1.));
#4364 = DIRECTION('',(8.021497391814E-04,0.999999678278,0.));
#4365 = CYLINDRICAL_SURFACE('',#4366,0.502028962483);
#4366 = AXIS2_PLACEMENT_3D('',#4367,#4368,#4369);
#4367 = CARTESIAN_POINT('',(146.00187229759,-98.82747980096,1.51));
#4368 = DIRECTION('',(0.,0.,-1.));
#4369 = DIRECTION('',(8.021497391814E-04,0.999999678278,0.));
#4370 = ADVANCED_FACE('',(#4371),#4396,.T.);
#4371 = FACE_BOUND('',#4372,.T.);
#4372 = EDGE_LOOP('',(#4373,#4374,#4382,#4390));
#4373 = ORIENTED_EDGE('',*,*,#4351,.T.);
#4374 = ORIENTED_EDGE('',*,*,#4375,.T.);
#4375 = EDGE_CURVE('',#4343,#4376,#4378,.T.);
#4376 = VERTEX_POINT('',#4377);
#4377 = CARTESIAN_POINT('',(146.466764,-98.636658,1.545));
#4378 = LINE('',#4379,#4380);
#4379 = CARTESIAN_POINT('',(146.4015,-98.52362,1.545));
#4380 = VECTOR('',#4381,1.);
#4381 = DIRECTION('',(0.500008505602,-0.866020493017,0.));
#4382 = ORIENTED_EDGE('',*,*,#4383,.F.);
#4383 = EDGE_CURVE('',#4384,#4376,#4386,.T.);
#4384 = VERTEX_POINT('',#4385);
#4385 = CARTESIAN_POINT('',(146.466764,-98.636658,1.51));
#4386 = LINE('',#4387,#4388);
#4387 = CARTESIAN_POINT('',(146.466764,-98.636658,1.51));
#4388 = VECTOR('',#4389,1.);
#4389 = DIRECTION('',(0.,0.,1.));
#4390 = ORIENTED_EDGE('',*,*,#4391,.F.);
#4391 = EDGE_CURVE('',#4352,#4384,#4392,.T.);
#4392 = LINE('',#4393,#4394);
#4393 = CARTESIAN_POINT('',(146.4015,-98.52362,1.51));
#4394 = VECTOR('',#4395,1.);
#4395 = DIRECTION('',(0.500008505602,-0.866020493017,0.));
#4396 = PLANE('',#4397);
#4397 = AXIS2_PLACEMENT_3D('',#4398,#4399,#4400);
#4398 = CARTESIAN_POINT('',(146.4015,-98.52362,1.51));
#4399 = DIRECTION('',(0.866020493017,0.500008505602,-0.));
#4400 = DIRECTION('',(0.500008505602,-0.866020493017,0.));
#4401 = ADVANCED_FACE('',(#4402),#4429,.T.);
#4402 = FACE_BOUND('',#4403,.T.);
#4403 = EDGE_LOOP('',(#4404,#4405,#4414,#4422));
#4404 = ORIENTED_EDGE('',*,*,#4383,.T.);
#4405 = ORIENTED_EDGE('',*,*,#4406,.T.);
#4406 = EDGE_CURVE('',#4376,#4407,#4409,.T.);
#4407 = VERTEX_POINT('',#4408);
#4408 = CARTESIAN_POINT('',(146.070087,-99.323723,1.545));
#4409 = CIRCLE('',#4410,0.5000005893);
#4410 = AXIS2_PLACEMENT_3D('',#4411,#4412,#4413);
#4411 = CARTESIAN_POINT('',(146.00482371345,-98.828,1.545));
#4412 = DIRECTION('',(0.,0.,-1.));
#4413 = DIRECTION('',(0.923879484212,0.382683548969,0.));
#4414 = ORIENTED_EDGE('',*,*,#4415,.F.);
#4415 = EDGE_CURVE('',#4416,#4407,#4418,.T.);
#4416 = VERTEX_POINT('',#4417);
#4417 = CARTESIAN_POINT('',(146.070087,-99.323723,1.51));
#4418 = LINE('',#4419,#4420);
#4419 = CARTESIAN_POINT('',(146.070087,-99.323723,1.51));
#4420 = VECTOR('',#4421,1.);
#4421 = DIRECTION('',(0.,0.,1.));
#4422 = ORIENTED_EDGE('',*,*,#4423,.F.);
#4423 = EDGE_CURVE('',#4384,#4416,#4424,.T.);
#4424 = CIRCLE('',#4425,0.5000005893);
#4425 = AXIS2_PLACEMENT_3D('',#4426,#4427,#4428);
#4426 = CARTESIAN_POINT('',(146.00482371345,-98.828,1.51));
#4427 = DIRECTION('',(0.,0.,-1.));
#4428 = DIRECTION('',(0.923879484212,0.382683548969,0.));
#4429 = CYLINDRICAL_SURFACE('',#4430,0.5000005893);
#4430 = AXIS2_PLACEMENT_3D('',#4431,#4432,#4433);
#4431 = CARTESIAN_POINT('',(146.00482371345,-98.828,1.51));
#4432 = DIRECTION('',(0.,0.,-1.));
#4433 = DIRECTION('',(0.923879484212,0.382683548969,0.));
#4434 = ADVANCED_FACE('',(#4435),#4451,.T.);
#4435 = FACE_BOUND('',#4436,.T.);
#4436 = EDGE_LOOP('',(#4437,#4438,#4444,#4445));
#4437 = ORIENTED_EDGE('',*,*,#4415,.T.);
#4438 = ORIENTED_EDGE('',*,*,#4439,.T.);
#4439 = EDGE_CURVE('',#4407,#4271,#4440,.T.);
#4440 = LINE('',#4441,#4442);
#4441 = CARTESIAN_POINT('',(146.070087,-99.323723,1.545));
#4442 = VECTOR('',#4443,1.);
#4443 = DIRECTION('',(-0.999999997786,-6.65380903874E-05,0.));
#4444 = ORIENTED_EDGE('',*,*,#4268,.F.);
#4445 = ORIENTED_EDGE('',*,*,#4446,.F.);
#4446 = EDGE_CURVE('',#4416,#4269,#4447,.T.);
#4447 = LINE('',#4448,#4449);
#4448 = CARTESIAN_POINT('',(146.070087,-99.323723,1.51));
#4449 = VECTOR('',#4450,1.);
#4450 = DIRECTION('',(-0.999999997786,-6.65380903874E-05,0.));
#4451 = PLANE('',#4452);
#4452 = AXIS2_PLACEMENT_3D('',#4453,#4454,#4455);
#4453 = CARTESIAN_POINT('',(146.070087,-99.323723,1.51));
#4454 = DIRECTION('',(6.65380903874E-05,-0.999999997786,0.));
#4455 = DIRECTION('',(-0.999999997786,-6.65380903874E-05,0.));
#4456 = ADVANCED_FACE('',(#4457),#4484,.F.);
#4457 = FACE_BOUND('',#4458,.T.);
#4458 = EDGE_LOOP('',(#4459,#4469,#4476,#4477));
#4459 = ORIENTED_EDGE('',*,*,#4460,.T.);
#4460 = EDGE_CURVE('',#4461,#4463,#4465,.T.);
#4461 = VERTEX_POINT('',#4462);
#4462 = CARTESIAN_POINT('',(146.142079,-98.828,1.51));
#4463 = VERTEX_POINT('',#4464);
#4464 = CARTESIAN_POINT('',(146.142079,-98.828,1.545));
#4465 = LINE('',#4466,#4467);
#4466 = CARTESIAN_POINT('',(146.142079,-98.828,1.51));
#4467 = VECTOR('',#4468,1.);
#4468 = DIRECTION('',(0.,0.,1.));
#4469 = ORIENTED_EDGE('',*,*,#4470,.T.);
#4470 = EDGE_CURVE('',#4463,#4463,#4471,.T.);
#4471 = CIRCLE('',#4472,0.137255);
#4472 = AXIS2_PLACEMENT_3D('',#4473,#4474,#4475);
#4473 = CARTESIAN_POINT('',(146.004824,-98.828,1.545));
#4474 = DIRECTION('',(0.,0.,1.));
#4475 = DIRECTION('',(1.,0.,-0.));
#4476 = ORIENTED_EDGE('',*,*,#4460,.F.);
#4477 = ORIENTED_EDGE('',*,*,#4478,.F.);
#4478 = EDGE_CURVE('',#4461,#4461,#4479,.T.);
#4479 = CIRCLE('',#4480,0.137255);
#4480 = AXIS2_PLACEMENT_3D('',#4481,#4482,#4483);
#4481 = CARTESIAN_POINT('',(146.004824,-98.828,1.51));
#4482 = DIRECTION('',(0.,0.,1.));
#4483 = DIRECTION('',(1.,0.,-0.));
#4484 = CYLINDRICAL_SURFACE('',#4485,0.137255);
#4485 = AXIS2_PLACEMENT_3D('',#4486,#4487,#4488);
#4486 = CARTESIAN_POINT('',(146.004824,-98.828,1.51));
#4487 = DIRECTION('',(-0.,-0.,-1.));
#4488 = DIRECTION('',(1.,0.,-0.));
#4489 = ADVANCED_FACE('',(#4490,#4498),#4501,.F.);
#4490 = FACE_BOUND('',#4491,.T.);
#4491 = EDGE_LOOP('',(#4492,#4493,#4494,#4495,#4496,#4497));
#4492 = ORIENTED_EDGE('',*,*,#4295,.T.);
#4493 = ORIENTED_EDGE('',*,*,#4327,.T.);
#4494 = ORIENTED_EDGE('',*,*,#4359,.T.);
#4495 = ORIENTED_EDGE('',*,*,#4391,.T.);
#4496 = ORIENTED_EDGE('',*,*,#4423,.T.);
#4497 = ORIENTED_EDGE('',*,*,#4446,.T.);
#4498 = FACE_BOUND('',#4499,.T.);
#4499 = EDGE_LOOP('',(#4500));
#4500 = ORIENTED_EDGE('',*,*,#4478,.T.);
#4501 = PLANE('',#4502);
#4502 = AXIS2_PLACEMENT_3D('',#4503,#4504,#4505);
#4503 = CARTESIAN_POINT('',(0.,0.,1.51));
#4504 = DIRECTION('',(0.,0.,1.));
#4505 = DIRECTION('',(1.,0.,-0.));
#4506 = ADVANCED_FACE('',(#4507,#4515),#4518,.T.);
#4507 = FACE_BOUND('',#4508,.F.);
#4508 = EDGE_LOOP('',(#4509,#4510,#4511,#4512,#4513,#4514));
#4509 = ORIENTED_EDGE('',*,*,#4278,.T.);
#4510 = ORIENTED_EDGE('',*,*,#4311,.T.);
#4511 = ORIENTED_EDGE('',*,*,#4342,.T.);
#4512 = ORIENTED_EDGE('',*,*,#4375,.T.);
#4513 = ORIENTED_EDGE('',*,*,#4406,.T.);
#4514 = ORIENTED_EDGE('',*,*,#4439,.T.);
#4515 = FACE_BOUND('',#4516,.F.);
#4516 = EDGE_LOOP('',(#4517));
#4517 = ORIENTED_EDGE('',*,*,#4470,.T.);
#4518 = PLANE('',#4519);
#4519 = AXIS2_PLACEMENT_3D('',#4520,#4521,#4522);
#4520 = CARTESIAN_POINT('',(0.,0.,1.545));
#4521 = DIRECTION('',(0.,0.,1.));
#4522 = DIRECTION('',(1.,0.,-0.));
#4523 = MANIFOLD_SOLID_BREP('',#4524);
#4524 = CLOSED_SHELL('',(#4525,#4567,#4598,#4631,#4653,#4686,#4701));
#4525 = ADVANCED_FACE('',(#4526),#4562,.T.);
#4526 = FACE_BOUND('',#4527,.T.);
#4527 = EDGE_LOOP('',(#4528,#4538,#4547,#4555));
#4528 = ORIENTED_EDGE('',*,*,#4529,.T.);
#4529 = EDGE_CURVE('',#4530,#4532,#4534,.T.);
#4530 = VERTEX_POINT('',#4531);
#4531 = CARTESIAN_POINT('',(120.031,-95.923451,1.51));
#4532 = VERTEX_POINT('',#4533);
#4533 = CARTESIAN_POINT('',(120.031,-95.923451,1.545));
#4534 = LINE('',#4535,#4536);
#4535 = CARTESIAN_POINT('',(120.031,-95.923451,1.51));
#4536 = VECTOR('',#4537,1.);
#4537 = DIRECTION('',(0.,0.,1.));
#4538 = ORIENTED_EDGE('',*,*,#4539,.T.);
#4539 = EDGE_CURVE('',#4532,#4540,#4542,.T.);
#4540 = VERTEX_POINT('',#4541);
#4541 = CARTESIAN_POINT('',(120.031,-94.923451,1.545));
#4542 = CIRCLE('',#4543,0.5);
#4543 = AXIS2_PLACEMENT_3D('',#4544,#4545,#4546);
#4544 = CARTESIAN_POINT('',(120.03100044334,-95.423451,1.545));
#4545 = DIRECTION('',(0.,0.,-1.));
#4546 = DIRECTION('',(-8.866804250825E-07,-1.,-0.));
#4547 = ORIENTED_EDGE('',*,*,#4548,.F.);
#4548 = EDGE_CURVE('',#4549,#4540,#4551,.T.);
#4549 = VERTEX_POINT('',#4550);
#4550 = CARTESIAN_POINT('',(120.031,-94.923451,1.51));
#4551 = LINE('',#4552,#4553);
#4552 = CARTESIAN_POINT('',(120.031,-94.923451,1.51));
#4553 = VECTOR('',#4554,1.);
#4554 = DIRECTION('',(0.,0.,1.));
#4555 = ORIENTED_EDGE('',*,*,#4556,.F.);
#4556 = EDGE_CURVE('',#4530,#4549,#4557,.T.);
#4557 = CIRCLE('',#4558,0.5);
#4558 = AXIS2_PLACEMENT_3D('',#4559,#4560,#4561);
#4559 = CARTESIAN_POINT('',(120.03100044334,-95.423451,1.51));
#4560 = DIRECTION('',(0.,0.,-1.));
#4561 = DIRECTION('',(-8.866804250825E-07,-1.,-0.));
#4562 = CYLINDRICAL_SURFACE('',#4563,0.5);
#4563 = AXIS2_PLACEMENT_3D('',#4564,#4565,#4566);
#4564 = CARTESIAN_POINT('',(120.03100044334,-95.423451,1.51));
#4565 = DIRECTION('',(0.,0.,-1.));
#4566 = DIRECTION('',(-8.866804250825E-07,-1.,-0.));
#4567 = ADVANCED_FACE('',(#4568),#4593,.T.);
#4568 = FACE_BOUND('',#4569,.T.);
#4569 = EDGE_LOOP('',(#4570,#4571,#4579,#4587));
#4570 = ORIENTED_EDGE('',*,*,#4548,.T.);
#4571 = ORIENTED_EDGE('',*,*,#4572,.T.);
#4572 = EDGE_CURVE('',#4540,#4573,#4575,.T.);
#4573 = VERTEX_POINT('',#4574);
#4574 = CARTESIAN_POINT('',(146.004824,-94.923451,1.545));
#4575 = LINE('',#4576,#4577);
#4576 = CARTESIAN_POINT('',(120.031,-94.923451,1.545));
#4577 = VECTOR('',#4578,1.);
#4578 = DIRECTION('',(1.,0.,0.));
#4579 = ORIENTED_EDGE('',*,*,#4580,.F.);
#4580 = EDGE_CURVE('',#4581,#4573,#4583,.T.);
#4581 = VERTEX_POINT('',#4582);
#4582 = CARTESIAN_POINT('',(146.004824,-94.923451,1.51));
#4583 = LINE('',#4584,#4585);
#4584 = CARTESIAN_POINT('',(146.004824,-94.923451,1.51));
#4585 = VECTOR('',#4586,1.);
#4586 = DIRECTION('',(0.,0.,1.));
#4587 = ORIENTED_EDGE('',*,*,#4588,.F.);
#4588 = EDGE_CURVE('',#4549,#4581,#4589,.T.);
#4589 = LINE('',#4590,#4591);
#4590 = CARTESIAN_POINT('',(120.031,-94.923451,1.51));
#4591 = VECTOR('',#4592,1.);
#4592 = DIRECTION('',(1.,0.,0.));
#4593 = PLANE('',#4594);
#4594 = AXIS2_PLACEMENT_3D('',#4595,#4596,#4597);
#4595 = CARTESIAN_POINT('',(120.031,-94.923451,1.51));
#4596 = DIRECTION('',(0.,1.,0.));
#4597 = DIRECTION('',(1.,0.,0.));
#4598 = ADVANCED_FACE('',(#4599),#4626,.T.);
#4599 = FACE_BOUND('',#4600,.T.);
#4600 = EDGE_LOOP('',(#4601,#4602,#4611,#4619));
#4601 = ORIENTED_EDGE('',*,*,#4580,.T.);
#4602 = ORIENTED_EDGE('',*,*,#4603,.T.);
#4603 = EDGE_CURVE('',#4573,#4604,#4606,.T.);
#4604 = VERTEX_POINT('',#4605);
#4605 = CARTESIAN_POINT('',(146.004824,-95.923451,1.545));
#4606 = CIRCLE('',#4607,0.5);
#4607 = AXIS2_PLACEMENT_3D('',#4608,#4609,#4610);
#4608 = CARTESIAN_POINT('',(146.00482355666,-95.423451,1.545));
#4609 = DIRECTION('',(0.,0.,-1.));
#4610 = DIRECTION('',(8.866804250825E-07,1.,0.));
#4611 = ORIENTED_EDGE('',*,*,#4612,.F.);
#4612 = EDGE_CURVE('',#4613,#4604,#4615,.T.);
#4613 = VERTEX_POINT('',#4614);
#4614 = CARTESIAN_POINT('',(146.004824,-95.923451,1.51));
#4615 = LINE('',#4616,#4617);
#4616 = CARTESIAN_POINT('',(146.004824,-95.923451,1.51));
#4617 = VECTOR('',#4618,1.);
#4618 = DIRECTION('',(0.,0.,1.));
#4619 = ORIENTED_EDGE('',*,*,#4620,.F.);
#4620 = EDGE_CURVE('',#4581,#4613,#4621,.T.);
#4621 = CIRCLE('',#4622,0.5);
#4622 = AXIS2_PLACEMENT_3D('',#4623,#4624,#4625);
#4623 = CARTESIAN_POINT('',(146.00482355666,-95.423451,1.51));
#4624 = DIRECTION('',(0.,0.,-1.));
#4625 = DIRECTION('',(8.866804250825E-07,1.,0.));
#4626 = CYLINDRICAL_SURFACE('',#4627,0.5);
#4627 = AXIS2_PLACEMENT_3D('',#4628,#4629,#4630);
#4628 = CARTESIAN_POINT('',(146.00482355666,-95.423451,1.51));
#4629 = DIRECTION('',(0.,0.,-1.));
#4630 = DIRECTION('',(8.866804250825E-07,1.,0.));
#4631 = ADVANCED_FACE('',(#4632),#4648,.T.);
#4632 = FACE_BOUND('',#4633,.T.);
#4633 = EDGE_LOOP('',(#4634,#4635,#4641,#4642));
#4634 = ORIENTED_EDGE('',*,*,#4612,.T.);
#4635 = ORIENTED_EDGE('',*,*,#4636,.T.);
#4636 = EDGE_CURVE('',#4604,#4532,#4637,.T.);
#4637 = LINE('',#4638,#4639);
#4638 = CARTESIAN_POINT('',(146.004824,-95.923451,1.545));
#4639 = VECTOR('',#4640,1.);
#4640 = DIRECTION('',(-1.,0.,0.));
#4641 = ORIENTED_EDGE('',*,*,#4529,.F.);
#4642 = ORIENTED_EDGE('',*,*,#4643,.F.);
#4643 = EDGE_CURVE('',#4613,#4530,#4644,.T.);
#4644 = LINE('',#4645,#4646);
#4645 = CARTESIAN_POINT('',(146.004824,-95.923451,1.51));
#4646 = VECTOR('',#4647,1.);
#4647 = DIRECTION('',(-1.,0.,0.));
#4648 = PLANE('',#4649);
#4649 = AXIS2_PLACEMENT_3D('',#4650,#4651,#4652);
#4650 = CARTESIAN_POINT('',(146.004824,-95.923451,1.51));
#4651 = DIRECTION('',(0.,-1.,0.));
#4652 = DIRECTION('',(-1.,0.,0.));
#4653 = ADVANCED_FACE('',(#4654),#4681,.F.);
#4654 = FACE_BOUND('',#4655,.T.);
#4655 = EDGE_LOOP('',(#4656,#4666,#4673,#4674));
#4656 = ORIENTED_EDGE('',*,*,#4657,.T.);
#4657 = EDGE_CURVE('',#4658,#4660,#4662,.T.);
#4658 = VERTEX_POINT('',#4659);
#4659 = CARTESIAN_POINT('',(146.142079,-95.423451,1.51));
#4660 = VERTEX_POINT('',#4661);
#4661 = CARTESIAN_POINT('',(146.142079,-95.423451,1.545));
#4662 = LINE('',#4663,#4664);
#4663 = CARTESIAN_POINT('',(146.142079,-95.423451,1.51));
#4664 = VECTOR('',#4665,1.);
#4665 = DIRECTION('',(0.,0.,1.));
#4666 = ORIENTED_EDGE('',*,*,#4667,.T.);
#4667 = EDGE_CURVE('',#4660,#4660,#4668,.T.);
#4668 = CIRCLE('',#4669,0.137255);
#4669 = AXIS2_PLACEMENT_3D('',#4670,#4671,#4672);
#4670 = CARTESIAN_POINT('',(146.004824,-95.423451,1.545));
#4671 = DIRECTION('',(0.,0.,1.));
#4672 = DIRECTION('',(1.,0.,-0.));
#4673 = ORIENTED_EDGE('',*,*,#4657,.F.);
#4674 = ORIENTED_EDGE('',*,*,#4675,.F.);
#4675 = EDGE_CURVE('',#4658,#4658,#4676,.T.);
#4676 = CIRCLE('',#4677,0.137255);
#4677 = AXIS2_PLACEMENT_3D('',#4678,#4679,#4680);
#4678 = CARTESIAN_POINT('',(146.004824,-95.423451,1.51));
#4679 = DIRECTION('',(0.,0.,1.));
#4680 = DIRECTION('',(1.,0.,-0.));
#4681 = CYLINDRICAL_SURFACE('',#4682,0.137255);
#4682 = AXIS2_PLACEMENT_3D('',#4683,#4684,#4685);
#4683 = CARTESIAN_POINT('',(146.004824,-95.423451,1.51));
#4684 = DIRECTION('',(-0.,-0.,-1.));
#4685 = DIRECTION('',(1.,0.,-0.));
#4686 = ADVANCED_FACE('',(#4687,#4693),#4696,.F.);
#4687 = FACE_BOUND('',#4688,.T.);
#4688 = EDGE_LOOP('',(#4689,#4690,#4691,#4692));
#4689 = ORIENTED_EDGE('',*,*,#4556,.T.);
#4690 = ORIENTED_EDGE('',*,*,#4588,.T.);
#4691 = ORIENTED_EDGE('',*,*,#4620,.T.);
#4692 = ORIENTED_EDGE('',*,*,#4643,.T.);
#4693 = FACE_BOUND('',#4694,.T.);
#4694 = EDGE_LOOP('',(#4695));
#4695 = ORIENTED_EDGE('',*,*,#4675,.T.);
#4696 = PLANE('',#4697);
#4697 = AXIS2_PLACEMENT_3D('',#4698,#4699,#4700);
#4698 = CARTESIAN_POINT('',(0.,0.,1.51));
#4699 = DIRECTION('',(0.,0.,1.));
#4700 = DIRECTION('',(1.,0.,-0.));
#4701 = ADVANCED_FACE('',(#4702,#4708),#4711,.T.);
#4702 = FACE_BOUND('',#4703,.F.);
#4703 = EDGE_LOOP('',(#4704,#4705,#4706,#4707));
#4704 = ORIENTED_EDGE('',*,*,#4539,.T.);
#4705 = ORIENTED_EDGE('',*,*,#4572,.T.);
#4706 = ORIENTED_EDGE('',*,*,#4603,.T.);
#4707 = ORIENTED_EDGE('',*,*,#4636,.T.);
#4708 = FACE_BOUND('',#4709,.F.);
#4709 = EDGE_LOOP('',(#4710));
#4710 = ORIENTED_EDGE('',*,*,#4667,.T.);
#4711 = PLANE('',#4712);
#4712 = AXIS2_PLACEMENT_3D('',#4713,#4714,#4715);
#4713 = CARTESIAN_POINT('',(0.,0.,1.545));
#4714 = DIRECTION('',(0.,0.,1.));
#4715 = DIRECTION('',(1.,0.,-0.));
#4716 = MANIFOLD_SOLID_BREP('',#4717);
#4717 = CLOSED_SHELL('',(#4718,#4758,#4791,#4822,#4853,#4884,#4917,#4948
    ,#4981,#5012,#5043,#5074,#5107,#5138,#5169,#5202,#5224,#5257,#5290,
    #5323,#5356,#5389,#5422,#5464));
#4718 = ADVANCED_FACE('',(#4719),#4753,.F.);
#4719 = FACE_BOUND('',#4720,.F.);
#4720 = EDGE_LOOP('',(#4721,#4731,#4739,#4747));
#4721 = ORIENTED_EDGE('',*,*,#4722,.T.);
#4722 = EDGE_CURVE('',#4723,#4725,#4727,.T.);
#4723 = VERTEX_POINT('',#4724);
#4724 = CARTESIAN_POINT('',(146.504824,-101.82,0.));
#4725 = VERTEX_POINT('',#4726);
#4726 = CARTESIAN_POINT('',(146.504824,-101.82,-3.5E-02));
#4727 = LINE('',#4728,#4729);
#4728 = CARTESIAN_POINT('',(146.504824,-101.82,0.));
#4729 = VECTOR('',#4730,1.);
#4730 = DIRECTION('',(0.,0.,-1.));
#4731 = ORIENTED_EDGE('',*,*,#4732,.T.);
#4732 = EDGE_CURVE('',#4725,#4733,#4735,.T.);
#4733 = VERTEX_POINT('',#4734);
#4734 = CARTESIAN_POINT('',(151.48,-101.82,-3.5E-02));
#4735 = LINE('',#4736,#4737);
#4736 = CARTESIAN_POINT('',(146.504824,-101.82,-3.5E-02));
#4737 = VECTOR('',#4738,1.);
#4738 = DIRECTION('',(1.,0.,0.));
#4739 = ORIENTED_EDGE('',*,*,#4740,.F.);
#4740 = EDGE_CURVE('',#4741,#4733,#4743,.T.);
#4741 = VERTEX_POINT('',#4742);
#4742 = CARTESIAN_POINT('',(151.48,-101.82,0.));
#4743 = LINE('',#4744,#4745);
#4744 = CARTESIAN_POINT('',(151.48,-101.82,0.));
#4745 = VECTOR('',#4746,1.);
#4746 = DIRECTION('',(0.,0.,-1.));
#4747 = ORIENTED_EDGE('',*,*,#4748,.F.);
#4748 = EDGE_CURVE('',#4723,#4741,#4749,.T.);
#4749 = LINE('',#4750,#4751);
#4750 = CARTESIAN_POINT('',(146.504824,-101.82,0.));
#4751 = VECTOR('',#4752,1.);
#4752 = DIRECTION('',(1.,0.,0.));
#4753 = PLANE('',#4754);
#4754 = AXIS2_PLACEMENT_3D('',#4755,#4756,#4757);
#4755 = CARTESIAN_POINT('',(146.504824,-101.82,0.));
#4756 = DIRECTION('',(0.,-1.,0.));
#4757 = DIRECTION('',(1.,0.,0.));
#4758 = ADVANCED_FACE('',(#4759),#4786,.T.);
#4759 = FACE_BOUND('',#4760,.F.);
#4760 = EDGE_LOOP('',(#4761,#4762,#4771,#4779));
#4761 = ORIENTED_EDGE('',*,*,#4740,.T.);
#4762 = ORIENTED_EDGE('',*,*,#4763,.T.);
#4763 = EDGE_CURVE('',#4733,#4764,#4766,.T.);
#4764 = VERTEX_POINT('',#4765);
#4765 = CARTESIAN_POINT('',(151.48,-102.82,-3.5E-02));
#4766 = CIRCLE('',#4767,0.5);
#4767 = AXIS2_PLACEMENT_3D('',#4768,#4769,#4770);
#4768 = CARTESIAN_POINT('',(151.47999955666,-102.32,-3.5E-02));
#4769 = DIRECTION('',(0.,0.,-1.));
#4770 = DIRECTION('',(8.866804250825E-07,1.,0.));
#4771 = ORIENTED_EDGE('',*,*,#4772,.F.);
#4772 = EDGE_CURVE('',#4773,#4764,#4775,.T.);
#4773 = VERTEX_POINT('',#4774);
#4774 = CARTESIAN_POINT('',(151.48,-102.82,0.));
#4775 = LINE('',#4776,#4777);
#4776 = CARTESIAN_POINT('',(151.48,-102.82,0.));
#4777 = VECTOR('',#4778,1.);
#4778 = DIRECTION('',(0.,0.,-1.));
#4779 = ORIENTED_EDGE('',*,*,#4780,.F.);
#4780 = EDGE_CURVE('',#4741,#4773,#4781,.T.);
#4781 = CIRCLE('',#4782,0.5);
#4782 = AXIS2_PLACEMENT_3D('',#4783,#4784,#4785);
#4783 = CARTESIAN_POINT('',(151.47999955666,-102.32,0.));
#4784 = DIRECTION('',(0.,0.,-1.));
#4785 = DIRECTION('',(8.866804250825E-07,1.,0.));
#4786 = CYLINDRICAL_SURFACE('',#4787,0.5);
#4787 = AXIS2_PLACEMENT_3D('',#4788,#4789,#4790);
#4788 = CARTESIAN_POINT('',(151.47999955666,-102.32,0.));
#4789 = DIRECTION('',(-0.,-0.,1.));
#4790 = DIRECTION('',(8.866804250825E-07,1.,0.));
#4791 = ADVANCED_FACE('',(#4792),#4817,.F.);
#4792 = FACE_BOUND('',#4793,.F.);
#4793 = EDGE_LOOP('',(#4794,#4795,#4803,#4811));
#4794 = ORIENTED_EDGE('',*,*,#4772,.T.);
#4795 = ORIENTED_EDGE('',*,*,#4796,.T.);
#4796 = EDGE_CURVE('',#4764,#4797,#4799,.T.);
#4797 = VERTEX_POINT('',#4798);
#4798 = CARTESIAN_POINT('',(146.504824,-102.82,-3.5E-02));
#4799 = LINE('',#4800,#4801);
#4800 = CARTESIAN_POINT('',(151.48,-102.82,-3.5E-02));
#4801 = VECTOR('',#4802,1.);
#4802 = DIRECTION('',(-1.,0.,0.));
#4803 = ORIENTED_EDGE('',*,*,#4804,.F.);
#4804 = EDGE_CURVE('',#4805,#4797,#4807,.T.);
#4805 = VERTEX_POINT('',#4806);
#4806 = CARTESIAN_POINT('',(146.504824,-102.82,0.));
#4807 = LINE('',#4808,#4809);
#4808 = CARTESIAN_POINT('',(146.504824,-102.82,0.));
#4809 = VECTOR('',#4810,1.);
#4810 = DIRECTION('',(0.,0.,-1.));
#4811 = ORIENTED_EDGE('',*,*,#4812,.F.);
#4812 = EDGE_CURVE('',#4773,#4805,#4813,.T.);
#4813 = LINE('',#4814,#4815);
#4814 = CARTESIAN_POINT('',(151.48,-102.82,0.));
#4815 = VECTOR('',#4816,1.);
#4816 = DIRECTION('',(-1.,0.,0.));
#4817 = PLANE('',#4818);
#4818 = AXIS2_PLACEMENT_3D('',#4819,#4820,#4821);
#4819 = CARTESIAN_POINT('',(151.48,-102.82,0.));
#4820 = DIRECTION('',(0.,1.,0.));
#4821 = DIRECTION('',(-1.,0.,0.));
#4822 = ADVANCED_FACE('',(#4823),#4848,.F.);
#4823 = FACE_BOUND('',#4824,.F.);
#4824 = EDGE_LOOP('',(#4825,#4826,#4834,#4842));
#4825 = ORIENTED_EDGE('',*,*,#4804,.T.);
#4826 = ORIENTED_EDGE('',*,*,#4827,.T.);
#4827 = EDGE_CURVE('',#4797,#4828,#4830,.T.);
#4828 = VERTEX_POINT('',#4829);
#4829 = CARTESIAN_POINT('',(146.504824,-109.143176,-3.5E-02));
#4830 = LINE('',#4831,#4832);
#4831 = CARTESIAN_POINT('',(146.504824,-102.82,-3.5E-02));
#4832 = VECTOR('',#4833,1.);
#4833 = DIRECTION('',(0.,-1.,0.));
#4834 = ORIENTED_EDGE('',*,*,#4835,.F.);
#4835 = EDGE_CURVE('',#4836,#4828,#4838,.T.);
#4836 = VERTEX_POINT('',#4837);
#4837 = CARTESIAN_POINT('',(146.504824,-109.143176,0.));
#4838 = LINE('',#4839,#4840);
#4839 = CARTESIAN_POINT('',(146.504824,-109.143176,0.));
#4840 = VECTOR('',#4841,1.);
#4841 = DIRECTION('',(0.,0.,-1.));
#4842 = ORIENTED_EDGE('',*,*,#4843,.F.);
#4843 = EDGE_CURVE('',#4805,#4836,#4844,.T.);
#4844 = LINE('',#4845,#4846);
#4845 = CARTESIAN_POINT('',(146.504824,-102.82,0.));
#4846 = VECTOR('',#4847,1.);
#4847 = DIRECTION('',(0.,-1.,0.));
#4848 = PLANE('',#4849);
#4849 = AXIS2_PLACEMENT_3D('',#4850,#4851,#4852);
#4850 = CARTESIAN_POINT('',(146.504824,-102.82,0.));
#4851 = DIRECTION('',(-1.,-0.,-0.));
#4852 = DIRECTION('',(0.,-1.,0.));
#4853 = ADVANCED_FACE('',(#4854),#4879,.F.);
#4854 = FACE_BOUND('',#4855,.F.);
#4855 = EDGE_LOOP('',(#4856,#4857,#4865,#4873));
#4856 = ORIENTED_EDGE('',*,*,#4835,.T.);
#4857 = ORIENTED_EDGE('',*,*,#4858,.T.);
#4858 = EDGE_CURVE('',#4828,#4859,#4861,.T.);
#4859 = VERTEX_POINT('',#4860);
#4860 = CARTESIAN_POINT('',(146.500547,-109.238087,-3.5E-02));
#4861 = LINE('',#4862,#4863);
#4862 = CARTESIAN_POINT('',(146.504824,-109.143176,-3.5E-02));
#4863 = VECTOR('',#4864,1.);
#4864 = DIRECTION('',(-4.501758441596E-02,-0.998986194646,0.));
#4865 = ORIENTED_EDGE('',*,*,#4866,.F.);
#4866 = EDGE_CURVE('',#4867,#4859,#4869,.T.);
#4867 = VERTEX_POINT('',#4868);
#4868 = CARTESIAN_POINT('',(146.500547,-109.238087,0.));
#4869 = LINE('',#4870,#4871);
#4870 = CARTESIAN_POINT('',(146.500547,-109.238087,0.));
#4871 = VECTOR('',#4872,1.);
#4872 = DIRECTION('',(0.,0.,-1.));
#4873 = ORIENTED_EDGE('',*,*,#4874,.F.);
#4874 = EDGE_CURVE('',#4836,#4867,#4875,.T.);
#4875 = LINE('',#4876,#4877);
#4876 = CARTESIAN_POINT('',(146.504824,-109.143176,0.));
#4877 = VECTOR('',#4878,1.);
#4878 = DIRECTION('',(-4.501758441596E-02,-0.998986194646,0.));
#4879 = PLANE('',#4880);
#4880 = AXIS2_PLACEMENT_3D('',#4881,#4882,#4883);
#4881 = CARTESIAN_POINT('',(146.504824,-109.143176,0.));
#4882 = DIRECTION('',(-0.998986194646,4.501758441596E-02,0.));
#4883 = DIRECTION('',(-4.501758441596E-02,-0.998986194646,0.));
#4884 = ADVANCED_FACE('',(#4885),#4912,.T.);
#4885 = FACE_BOUND('',#4886,.F.);
#4886 = EDGE_LOOP('',(#4887,#4888,#4897,#4905));
#4887 = ORIENTED_EDGE('',*,*,#4866,.T.);
#4888 = ORIENTED_EDGE('',*,*,#4889,.T.);
#4889 = EDGE_CURVE('',#4859,#4890,#4892,.T.);
#4890 = VERTEX_POINT('',#4891);
#4891 = CARTESIAN_POINT('',(145.636447,-109.511553,-3.5E-02));
#4892 = CIRCLE('',#4893,0.500366769924);
#4893 = AXIS2_PLACEMENT_3D('',#4894,#4895,#4896);
#4894 = CARTESIAN_POINT('',(146.00448864613,-109.1725659041,-3.5E-02));
#4895 = DIRECTION('',(-0.,0.,-1.));
#4896 = DIRECTION('',(0.991389484044,-0.1309461375,-0.));
#4897 = ORIENTED_EDGE('',*,*,#4898,.F.);
#4898 = EDGE_CURVE('',#4899,#4890,#4901,.T.);
#4899 = VERTEX_POINT('',#4900);
#4900 = CARTESIAN_POINT('',(145.636447,-109.511553,0.));
#4901 = LINE('',#4902,#4903);
#4902 = CARTESIAN_POINT('',(145.636447,-109.511553,0.));
#4903 = VECTOR('',#4904,1.);
#4904 = DIRECTION('',(0.,0.,-1.));
#4905 = ORIENTED_EDGE('',*,*,#4906,.F.);
#4906 = EDGE_CURVE('',#4867,#4899,#4907,.T.);
#4907 = CIRCLE('',#4908,0.500366769924);
#4908 = AXIS2_PLACEMENT_3D('',#4909,#4910,#4911);
#4909 = CARTESIAN_POINT('',(146.00448864613,-109.1725659041,0.));
#4910 = DIRECTION('',(-0.,0.,-1.));
#4911 = DIRECTION('',(0.991389484044,-0.1309461375,-0.));
#4912 = CYLINDRICAL_SURFACE('',#4913,0.500366769924);
#4913 = AXIS2_PLACEMENT_3D('',#4914,#4915,#4916);
#4914 = CARTESIAN_POINT('',(146.00448864613,-109.1725659041,0.));
#4915 = DIRECTION('',(0.,-0.,1.));
#4916 = DIRECTION('',(0.991389484044,-0.1309461375,-0.));
#4917 = ADVANCED_FACE('',(#4918),#4943,.F.);
#4918 = FACE_BOUND('',#4919,.F.);
#4919 = EDGE_LOOP('',(#4920,#4921,#4929,#4937));
#4920 = ORIENTED_EDGE('',*,*,#4898,.T.);
#4921 = ORIENTED_EDGE('',*,*,#4922,.T.);
#4922 = EDGE_CURVE('',#4890,#4923,#4925,.T.);
#4923 = VERTEX_POINT('',#4924);
#4924 = CARTESIAN_POINT('',(145.593324,-109.46238,-3.5E-02));
#4925 = LINE('',#4926,#4927);
#4926 = CARTESIAN_POINT('',(145.636447,-109.511553,-3.5E-02));
#4927 = VECTOR('',#4928,1.);
#4928 = DIRECTION('',(-0.659340943908,0.751844079372,0.));
#4929 = ORIENTED_EDGE('',*,*,#4930,.F.);
#4930 = EDGE_CURVE('',#4931,#4923,#4933,.T.);
#4931 = VERTEX_POINT('',#4932);
#4932 = CARTESIAN_POINT('',(145.593324,-109.46238,0.));
#4933 = LINE('',#4934,#4935);
#4934 = CARTESIAN_POINT('',(145.593324,-109.46238,0.));
#4935 = VECTOR('',#4936,1.);
#4936 = DIRECTION('',(0.,0.,-1.));
#4937 = ORIENTED_EDGE('',*,*,#4938,.F.);
#4938 = EDGE_CURVE('',#4899,#4931,#4939,.T.);
#4939 = LINE('',#4940,#4941);
#4940 = CARTESIAN_POINT('',(145.636447,-109.511553,0.));
#4941 = VECTOR('',#4942,1.);
#4942 = DIRECTION('',(-0.659340943908,0.751844079372,0.));
#4943 = PLANE('',#4944);
#4944 = AXIS2_PLACEMENT_3D('',#4945,#4946,#4947);
#4945 = CARTESIAN_POINT('',(145.636447,-109.511553,0.));
#4946 = DIRECTION('',(0.751844079372,0.659340943908,0.));
#4947 = DIRECTION('',(-0.659340943908,0.751844079372,0.));
#4948 = ADVANCED_FACE('',(#4949),#4976,.T.);
#4949 = FACE_BOUND('',#4950,.F.);
#4950 = EDGE_LOOP('',(#4951,#4952,#4961,#4969));
#4951 = ORIENTED_EDGE('',*,*,#4930,.T.);
#4952 = ORIENTED_EDGE('',*,*,#4953,.T.);
#4953 = EDGE_CURVE('',#4923,#4954,#4956,.T.);
#4954 = VERTEX_POINT('',#4955);
#4955 = CARTESIAN_POINT('',(145.494277,-109.092737,-3.5E-02));
#4956 = CIRCLE('',#4957,0.499988978221);
#4957 = AXIS2_PLACEMENT_3D('',#4958,#4959,#4960);
#4958 = CARTESIAN_POINT('',(145.98998817989,-109.1580011131,-3.5E-02));
#4959 = DIRECTION('',(0.,0.,-1.));
#4960 = DIRECTION('',(-0.793345847952,-0.608771193091,-0.));
#4961 = ORIENTED_EDGE('',*,*,#4962,.F.);
#4962 = EDGE_CURVE('',#4963,#4954,#4965,.T.);
#4963 = VERTEX_POINT('',#4964);
#4964 = CARTESIAN_POINT('',(145.494277,-109.092737,0.));
#4965 = LINE('',#4966,#4967);
#4966 = CARTESIAN_POINT('',(145.494277,-109.092737,0.));
#4967 = VECTOR('',#4968,1.);
#4968 = DIRECTION('',(0.,0.,-1.));
#4969 = ORIENTED_EDGE('',*,*,#4970,.F.);
#4970 = EDGE_CURVE('',#4931,#4963,#4971,.T.);
#4971 = CIRCLE('',#4972,0.499988978221);
#4972 = AXIS2_PLACEMENT_3D('',#4973,#4974,#4975);
#4973 = CARTESIAN_POINT('',(145.98998817989,-109.1580011131,0.));
#4974 = DIRECTION('',(0.,0.,-1.));
#4975 = DIRECTION('',(-0.793345847952,-0.608771193091,-0.));
#4976 = CYLINDRICAL_SURFACE('',#4977,0.499988978221);
#4977 = AXIS2_PLACEMENT_3D('',#4978,#4979,#4980);
#4978 = CARTESIAN_POINT('',(145.98998817989,-109.1580011131,0.));
#4979 = DIRECTION('',(-0.,-0.,1.));
#4980 = DIRECTION('',(-0.793345847952,-0.608771193091,-0.));
#4981 = ADVANCED_FACE('',(#4982),#5007,.F.);
#4982 = FACE_BOUND('',#4983,.F.);
#4983 = EDGE_LOOP('',(#4984,#4985,#4993,#5001));
#4984 = ORIENTED_EDGE('',*,*,#4962,.T.);
#4985 = ORIENTED_EDGE('',*,*,#4986,.T.);
#4986 = EDGE_CURVE('',#4954,#4987,#4989,.T.);
#4987 = VERTEX_POINT('',#4988);
#4988 = CARTESIAN_POINT('',(145.504824,-109.053375,-3.5E-02));
#4989 = LINE('',#4990,#4991);
#4990 = CARTESIAN_POINT('',(145.494277,-109.092737,-3.5E-02));
#4991 = VECTOR('',#4992,1.);
#4992 = DIRECTION('',(0.258818676196,0.965925925137,0.));
#4993 = ORIENTED_EDGE('',*,*,#4994,.F.);
#4994 = EDGE_CURVE('',#4995,#4987,#4997,.T.);
#4995 = VERTEX_POINT('',#4996);
#4996 = CARTESIAN_POINT('',(145.504824,-109.053375,0.));
#4997 = LINE('',#4998,#4999);
#4998 = CARTESIAN_POINT('',(145.504824,-109.053375,0.));
#4999 = VECTOR('',#5000,1.);
#5000 = DIRECTION('',(0.,0.,-1.));
#5001 = ORIENTED_EDGE('',*,*,#5002,.F.);
#5002 = EDGE_CURVE('',#4963,#4995,#5003,.T.);
#5003 = LINE('',#5004,#5005);
#5004 = CARTESIAN_POINT('',(145.494277,-109.092737,0.));
#5005 = VECTOR('',#5006,1.);
#5006 = DIRECTION('',(0.258818676196,0.965925925137,0.));
#5007 = PLANE('',#5008);
#5008 = AXIS2_PLACEMENT_3D('',#5009,#5010,#5011);
#5009 = CARTESIAN_POINT('',(145.494277,-109.092737,0.));
#5010 = DIRECTION('',(0.965925925137,-0.258818676196,0.));
#5011 = DIRECTION('',(0.258818676196,0.965925925137,0.));
#5012 = ADVANCED_FACE('',(#5013),#5038,.F.);
#5013 = FACE_BOUND('',#5014,.F.);
#5014 = EDGE_LOOP('',(#5015,#5016,#5024,#5032));
#5015 = ORIENTED_EDGE('',*,*,#4994,.T.);
#5016 = ORIENTED_EDGE('',*,*,#5017,.T.);
#5017 = EDGE_CURVE('',#4987,#5018,#5020,.T.);
#5018 = VERTEX_POINT('',#5019);
#5019 = CARTESIAN_POINT('',(145.504824,-102.51661,-3.5E-02));
#5020 = LINE('',#5021,#5022);
#5021 = CARTESIAN_POINT('',(145.504824,-109.053375,-3.5E-02));
#5022 = VECTOR('',#5023,1.);
#5023 = DIRECTION('',(0.,1.,0.));
#5024 = ORIENTED_EDGE('',*,*,#5025,.F.);
#5025 = EDGE_CURVE('',#5026,#5018,#5028,.T.);
#5026 = VERTEX_POINT('',#5027);
#5027 = CARTESIAN_POINT('',(145.504824,-102.51661,0.));
#5028 = LINE('',#5029,#5030);
#5029 = CARTESIAN_POINT('',(145.504824,-102.51661,0.));
#5030 = VECTOR('',#5031,1.);
#5031 = DIRECTION('',(0.,0.,-1.));
#5032 = ORIENTED_EDGE('',*,*,#5033,.F.);
#5033 = EDGE_CURVE('',#4995,#5026,#5034,.T.);
#5034 = LINE('',#5035,#5036);
#5035 = CARTESIAN_POINT('',(145.504824,-109.053375,0.));
#5036 = VECTOR('',#5037,1.);
#5037 = DIRECTION('',(0.,1.,0.));
#5038 = PLANE('',#5039);
#5039 = AXIS2_PLACEMENT_3D('',#5040,#5041,#5042);
#5040 = CARTESIAN_POINT('',(145.504824,-109.053375,0.));
#5041 = DIRECTION('',(1.,-0.,0.));
#5042 = DIRECTION('',(0.,1.,0.));
#5043 = ADVANCED_FACE('',(#5044),#5069,.F.);
#5044 = FACE_BOUND('',#5045,.F.);
#5045 = EDGE_LOOP('',(#5046,#5047,#5055,#5063));
#5046 = ORIENTED_EDGE('',*,*,#5025,.T.);
#5047 = ORIENTED_EDGE('',*,*,#5048,.T.);
#5048 = EDGE_CURVE('',#5018,#5049,#5051,.T.);
#5049 = VERTEX_POINT('',#5050);
#5050 = CARTESIAN_POINT('',(145.483884,-102.480342,-3.5E-02));
#5051 = LINE('',#5052,#5053);
#5052 = CARTESIAN_POINT('',(145.504824,-102.51661,-3.5E-02));
#5053 = VECTOR('',#5054,1.);
#5054 = DIRECTION('',(-0.500011827544,0.866018575041,0.));
#5055 = ORIENTED_EDGE('',*,*,#5056,.F.);
#5056 = EDGE_CURVE('',#5057,#5049,#5059,.T.);
#5057 = VERTEX_POINT('',#5058);
#5058 = CARTESIAN_POINT('',(145.483884,-102.480342,0.));
#5059 = LINE('',#5060,#5061);
#5060 = CARTESIAN_POINT('',(145.483884,-102.480342,0.));
#5061 = VECTOR('',#5062,1.);
#5062 = DIRECTION('',(0.,0.,-1.));
#5063 = ORIENTED_EDGE('',*,*,#5064,.F.);
#5064 = EDGE_CURVE('',#5026,#5057,#5065,.T.);
#5065 = LINE('',#5066,#5067);
#5066 = CARTESIAN_POINT('',(145.504824,-102.51661,0.));
#5067 = VECTOR('',#5068,1.);
#5068 = DIRECTION('',(-0.500011827544,0.866018575041,0.));
#5069 = PLANE('',#5070);
#5070 = AXIS2_PLACEMENT_3D('',#5071,#5072,#5073);
#5071 = CARTESIAN_POINT('',(145.504824,-102.51661,0.));
#5072 = DIRECTION('',(0.866018575041,0.500011827544,0.));
#5073 = DIRECTION('',(-0.500011827544,0.866018575041,0.));
#5074 = ADVANCED_FACE('',(#5075),#5102,.T.);
#5075 = FACE_BOUND('',#5076,.F.);
#5076 = EDGE_LOOP('',(#5077,#5078,#5087,#5095));
#5077 = ORIENTED_EDGE('',*,*,#5056,.T.);
#5078 = ORIENTED_EDGE('',*,*,#5079,.T.);
#5079 = EDGE_CURVE('',#5049,#5080,#5082,.T.);
#5080 = VERTEX_POINT('',#5081);
#5081 = CARTESIAN_POINT('',(145.483884,-102.097658,-3.5E-02));
#5082 = CIRCLE('',#5083,0.499997216061);
#5083 = AXIS2_PLACEMENT_3D('',#5084,#5085,#5086);
#5084 = CARTESIAN_POINT('',(145.94582063537,-102.289,-3.5E-02));
#5085 = DIRECTION('',(0.,0.,-1.));
#5086 = DIRECTION('',(-0.923878414799,-0.382686130749,-0.));
#5087 = ORIENTED_EDGE('',*,*,#5088,.F.);
#5088 = EDGE_CURVE('',#5089,#5080,#5091,.T.);
#5089 = VERTEX_POINT('',#5090);
#5090 = CARTESIAN_POINT('',(145.483884,-102.097658,0.));
#5091 = LINE('',#5092,#5093);
#5092 = CARTESIAN_POINT('',(145.483884,-102.097658,0.));
#5093 = VECTOR('',#5094,1.);
#5094 = DIRECTION('',(0.,0.,-1.));
#5095 = ORIENTED_EDGE('',*,*,#5096,.F.);
#5096 = EDGE_CURVE('',#5057,#5089,#5097,.T.);
#5097 = CIRCLE('',#5098,0.499997216061);
#5098 = AXIS2_PLACEMENT_3D('',#5099,#5100,#5101);
#5099 = CARTESIAN_POINT('',(145.94582063537,-102.289,0.));
#5100 = DIRECTION('',(0.,0.,-1.));
#5101 = DIRECTION('',(-0.923878414799,-0.382686130749,-0.));
#5102 = CYLINDRICAL_SURFACE('',#5103,0.499997216061);
#5103 = AXIS2_PLACEMENT_3D('',#5104,#5105,#5106);
#5104 = CARTESIAN_POINT('',(145.94582063537,-102.289,0.));
#5105 = DIRECTION('',(-0.,-0.,1.));
#5106 = DIRECTION('',(-0.923878414799,-0.382686130749,-0.));
#5107 = ADVANCED_FACE('',(#5108),#5133,.F.);
#5108 = FACE_BOUND('',#5109,.F.);
#5109 = EDGE_LOOP('',(#5110,#5111,#5119,#5127));
#5110 = ORIENTED_EDGE('',*,*,#5088,.T.);
#5111 = ORIENTED_EDGE('',*,*,#5112,.T.);
#5112 = EDGE_CURVE('',#5080,#5113,#5115,.T.);
#5113 = VERTEX_POINT('',#5114);
#5114 = CARTESIAN_POINT('',(145.504824,-102.061389,-3.5E-02));
#5115 = LINE('',#5116,#5117);
#5116 = CARTESIAN_POINT('',(145.483884,-102.097658,-3.5E-02));
#5117 = VECTOR('',#5118,1.);
#5118 = DIRECTION('',(0.500001487948,0.866024544716,0.));
#5119 = ORIENTED_EDGE('',*,*,#5120,.F.);
#5120 = EDGE_CURVE('',#5121,#5113,#5123,.T.);
#5121 = VERTEX_POINT('',#5122);
#5122 = CARTESIAN_POINT('',(145.504824,-102.061389,0.));
#5123 = LINE('',#5124,#5125);
#5124 = CARTESIAN_POINT('',(145.504824,-102.061389,0.));
#5125 = VECTOR('',#5126,1.);
#5126 = DIRECTION('',(0.,0.,-1.));
#5127 = ORIENTED_EDGE('',*,*,#5128,.F.);
#5128 = EDGE_CURVE('',#5089,#5121,#5129,.T.);
#5129 = LINE('',#5130,#5131);
#5130 = CARTESIAN_POINT('',(145.483884,-102.097658,0.));
#5131 = VECTOR('',#5132,1.);
#5132 = DIRECTION('',(0.500001487948,0.866024544716,0.));
#5133 = PLANE('',#5134);
#5134 = AXIS2_PLACEMENT_3D('',#5135,#5136,#5137);
#5135 = CARTESIAN_POINT('',(145.483884,-102.097658,0.));
#5136 = DIRECTION('',(0.866024544716,-0.500001487948,0.));
#5137 = DIRECTION('',(0.500001487948,0.866024544716,0.));
#5138 = ADVANCED_FACE('',(#5139),#5164,.F.);
#5139 = FACE_BOUND('',#5140,.F.);
#5140 = EDGE_LOOP('',(#5141,#5142,#5150,#5158));
#5141 = ORIENTED_EDGE('',*,*,#5120,.T.);
#5142 = ORIENTED_EDGE('',*,*,#5143,.T.);
#5143 = EDGE_CURVE('',#5113,#5144,#5146,.T.);
#5144 = VERTEX_POINT('',#5145);
#5145 = CARTESIAN_POINT('',(145.504824,-95.423451,-3.5E-02));
#5146 = LINE('',#5147,#5148);
#5147 = CARTESIAN_POINT('',(145.504824,-102.061389,-3.5E-02));
#5148 = VECTOR('',#5149,1.);
#5149 = DIRECTION('',(0.,1.,0.));
#5150 = ORIENTED_EDGE('',*,*,#5151,.F.);
#5151 = EDGE_CURVE('',#5152,#5144,#5154,.T.);
#5152 = VERTEX_POINT('',#5153);
#5153 = CARTESIAN_POINT('',(145.504824,-95.423451,0.));
#5154 = LINE('',#5155,#5156);
#5155 = CARTESIAN_POINT('',(145.504824,-95.423451,0.));
#5156 = VECTOR('',#5157,1.);
#5157 = DIRECTION('',(0.,0.,-1.));
#5158 = ORIENTED_EDGE('',*,*,#5159,.F.);
#5159 = EDGE_CURVE('',#5121,#5152,#5160,.T.);
#5160 = LINE('',#5161,#5162);
#5161 = CARTESIAN_POINT('',(145.504824,-102.061389,0.));
#5162 = VECTOR('',#5163,1.);
#5163 = DIRECTION('',(0.,1.,0.));
#5164 = PLANE('',#5165);
#5165 = AXIS2_PLACEMENT_3D('',#5166,#5167,#5168);
#5166 = CARTESIAN_POINT('',(145.504824,-102.061389,0.));
#5167 = DIRECTION('',(1.,-0.,0.));
#5168 = DIRECTION('',(0.,1.,0.));
#5169 = ADVANCED_FACE('',(#5170),#5197,.T.);
#5170 = FACE_BOUND('',#5171,.F.);
#5171 = EDGE_LOOP('',(#5172,#5173,#5182,#5190));
#5172 = ORIENTED_EDGE('',*,*,#5151,.T.);
#5173 = ORIENTED_EDGE('',*,*,#5174,.T.);
#5174 = EDGE_CURVE('',#5144,#5175,#5177,.T.);
#5175 = VERTEX_POINT('',#5176);
#5176 = CARTESIAN_POINT('',(146.504824,-95.423451,-3.5E-02));
#5177 = CIRCLE('',#5178,0.500000000001);
#5178 = AXIS2_PLACEMENT_3D('',#5179,#5180,#5181);
#5179 = CARTESIAN_POINT('',(146.004824,-95.42345015187,-3.5E-02));
#5180 = DIRECTION('',(0.,0.,-1.));
#5181 = DIRECTION('',(-0.999999999999,-1.696250848224E-06,-0.));
#5182 = ORIENTED_EDGE('',*,*,#5183,.F.);
#5183 = EDGE_CURVE('',#5184,#5175,#5186,.T.);
#5184 = VERTEX_POINT('',#5185);
#5185 = CARTESIAN_POINT('',(146.504824,-95.423451,0.));
#5186 = LINE('',#5187,#5188);
#5187 = CARTESIAN_POINT('',(146.504824,-95.423451,0.));
#5188 = VECTOR('',#5189,1.);
#5189 = DIRECTION('',(0.,0.,-1.));
#5190 = ORIENTED_EDGE('',*,*,#5191,.F.);
#5191 = EDGE_CURVE('',#5152,#5184,#5192,.T.);
#5192 = CIRCLE('',#5193,0.500000000001);
#5193 = AXIS2_PLACEMENT_3D('',#5194,#5195,#5196);
#5194 = CARTESIAN_POINT('',(146.004824,-95.42345015187,0.));
#5195 = DIRECTION('',(0.,0.,-1.));
#5196 = DIRECTION('',(-0.999999999999,-1.696250848224E-06,-0.));
#5197 = CYLINDRICAL_SURFACE('',#5198,0.500000000001);
#5198 = AXIS2_PLACEMENT_3D('',#5199,#5200,#5201);
#5199 = CARTESIAN_POINT('',(146.004824,-95.42345015187,0.));
#5200 = DIRECTION('',(-0.,-0.,1.));
#5201 = DIRECTION('',(-0.999999999999,-1.696250848224E-06,-0.));
#5202 = ADVANCED_FACE('',(#5203),#5219,.F.);
#5203 = FACE_BOUND('',#5204,.F.);
#5204 = EDGE_LOOP('',(#5205,#5206,#5212,#5213));
#5205 = ORIENTED_EDGE('',*,*,#5183,.T.);
#5206 = ORIENTED_EDGE('',*,*,#5207,.T.);
#5207 = EDGE_CURVE('',#5175,#4725,#5208,.T.);
#5208 = LINE('',#5209,#5210);
#5209 = CARTESIAN_POINT('',(146.504824,-95.423451,-3.5E-02));
#5210 = VECTOR('',#5211,1.);
#5211 = DIRECTION('',(0.,-1.,0.));
#5212 = ORIENTED_EDGE('',*,*,#4722,.F.);
#5213 = ORIENTED_EDGE('',*,*,#5214,.F.);
#5214 = EDGE_CURVE('',#5184,#4723,#5215,.T.);
#5215 = LINE('',#5216,#5217);
#5216 = CARTESIAN_POINT('',(146.504824,-95.423451,0.));
#5217 = VECTOR('',#5218,1.);
#5218 = DIRECTION('',(0.,-1.,0.));
#5219 = PLANE('',#5220);
#5220 = AXIS2_PLACEMENT_3D('',#5221,#5222,#5223);
#5221 = CARTESIAN_POINT('',(146.504824,-95.423451,0.));
#5222 = DIRECTION('',(-1.,-0.,-0.));
#5223 = DIRECTION('',(0.,-1.,0.));
#5224 = ADVANCED_FACE('',(#5225),#5252,.F.);
#5225 = FACE_BOUND('',#5226,.F.);
#5226 = EDGE_LOOP('',(#5227,#5237,#5244,#5245));
#5227 = ORIENTED_EDGE('',*,*,#5228,.T.);
#5228 = EDGE_CURVE('',#5229,#5231,#5233,.T.);
#5229 = VERTEX_POINT('',#5230);
#5230 = CARTESIAN_POINT('',(146.127255,-109.158,0.));
#5231 = VERTEX_POINT('',#5232);
#5232 = CARTESIAN_POINT('',(146.127255,-109.158,-3.5E-02));
#5233 = LINE('',#5234,#5235);
#5234 = CARTESIAN_POINT('',(146.127255,-109.158,0.));
#5235 = VECTOR('',#5236,1.);
#5236 = DIRECTION('',(0.,0.,-1.));
#5237 = ORIENTED_EDGE('',*,*,#5238,.T.);
#5238 = EDGE_CURVE('',#5231,#5231,#5239,.T.);
#5239 = CIRCLE('',#5240,0.137255);
#5240 = AXIS2_PLACEMENT_3D('',#5241,#5242,#5243);
#5241 = CARTESIAN_POINT('',(145.99,-109.158,-3.5E-02));
#5242 = DIRECTION('',(0.,0.,1.));
#5243 = DIRECTION('',(1.,0.,-0.));
#5244 = ORIENTED_EDGE('',*,*,#5228,.F.);
#5245 = ORIENTED_EDGE('',*,*,#5246,.F.);
#5246 = EDGE_CURVE('',#5229,#5229,#5247,.T.);
#5247 = CIRCLE('',#5248,0.137255);
#5248 = AXIS2_PLACEMENT_3D('',#5249,#5250,#5251);
#5249 = CARTESIAN_POINT('',(145.99,-109.158,0.));
#5250 = DIRECTION('',(0.,0.,1.));
#5251 = DIRECTION('',(1.,0.,-0.));
#5252 = CYLINDRICAL_SURFACE('',#5253,0.137255);
#5253 = AXIS2_PLACEMENT_3D('',#5254,#5255,#5256);
#5254 = CARTESIAN_POINT('',(145.99,-109.158,0.));
#5255 = DIRECTION('',(0.,0.,1.));
#5256 = DIRECTION('',(1.,0.,-0.));
#5257 = ADVANCED_FACE('',(#5258),#5285,.F.);
#5258 = FACE_BOUND('',#5259,.F.);
#5259 = EDGE_LOOP('',(#5260,#5270,#5277,#5278));
#5260 = ORIENTED_EDGE('',*,*,#5261,.T.);
#5261 = EDGE_CURVE('',#5262,#5264,#5266,.T.);
#5262 = VERTEX_POINT('',#5263);
#5263 = CARTESIAN_POINT('',(146.142079,-105.698,0.));
#5264 = VERTEX_POINT('',#5265);
#5265 = CARTESIAN_POINT('',(146.142079,-105.698,-3.5E-02));
#5266 = LINE('',#5267,#5268);
#5267 = CARTESIAN_POINT('',(146.142079,-105.698,0.));
#5268 = VECTOR('',#5269,1.);
#5269 = DIRECTION('',(0.,0.,-1.));
#5270 = ORIENTED_EDGE('',*,*,#5271,.T.);
#5271 = EDGE_CURVE('',#5264,#5264,#5272,.T.);
#5272 = CIRCLE('',#5273,0.137255);
#5273 = AXIS2_PLACEMENT_3D('',#5274,#5275,#5276);
#5274 = CARTESIAN_POINT('',(146.004824,-105.698,-3.5E-02));
#5275 = DIRECTION('',(0.,0.,1.));
#5276 = DIRECTION('',(1.,0.,-0.));
#5277 = ORIENTED_EDGE('',*,*,#5261,.F.);
#5278 = ORIENTED_EDGE('',*,*,#5279,.F.);
#5279 = EDGE_CURVE('',#5262,#5262,#5280,.T.);
#5280 = CIRCLE('',#5281,0.137255);
#5281 = AXIS2_PLACEMENT_3D('',#5282,#5283,#5284);
#5282 = CARTESIAN_POINT('',(146.004824,-105.698,0.));
#5283 = DIRECTION('',(0.,0.,1.));
#5284 = DIRECTION('',(1.,0.,-0.));
#5285 = CYLINDRICAL_SURFACE('',#5286,0.137255);
#5286 = AXIS2_PLACEMENT_3D('',#5287,#5288,#5289);
#5287 = CARTESIAN_POINT('',(146.004824,-105.698,0.));
#5288 = DIRECTION('',(0.,0.,1.));
#5289 = DIRECTION('',(1.,0.,-0.));
#5290 = ADVANCED_FACE('',(#5291),#5318,.F.);
#5291 = FACE_BOUND('',#5292,.F.);
#5292 = EDGE_LOOP('',(#5293,#5303,#5310,#5311));
#5293 = ORIENTED_EDGE('',*,*,#5294,.T.);
#5294 = EDGE_CURVE('',#5295,#5297,#5299,.T.);
#5295 = VERTEX_POINT('',#5296);
#5296 = CARTESIAN_POINT('',(151.867392,-102.32,0.));
#5297 = VERTEX_POINT('',#5298);
#5298 = CARTESIAN_POINT('',(151.867392,-102.32,-3.5E-02));
#5299 = LINE('',#5300,#5301);
#5300 = CARTESIAN_POINT('',(151.867392,-102.32,0.));
#5301 = VECTOR('',#5302,1.);
#5302 = DIRECTION('',(0.,0.,-1.));
#5303 = ORIENTED_EDGE('',*,*,#5304,.T.);
#5304 = EDGE_CURVE('',#5297,#5297,#5305,.T.);
#5305 = CIRCLE('',#5306,0.387392);
#5306 = AXIS2_PLACEMENT_3D('',#5307,#5308,#5309);
#5307 = CARTESIAN_POINT('',(151.48,-102.32,-3.5E-02));
#5308 = DIRECTION('',(0.,0.,1.));
#5309 = DIRECTION('',(1.,0.,-0.));
#5310 = ORIENTED_EDGE('',*,*,#5294,.F.);
#5311 = ORIENTED_EDGE('',*,*,#5312,.F.);
#5312 = EDGE_CURVE('',#5295,#5295,#5313,.T.);
#5313 = CIRCLE('',#5314,0.387392);
#5314 = AXIS2_PLACEMENT_3D('',#5315,#5316,#5317);
#5315 = CARTESIAN_POINT('',(151.48,-102.32,0.));
#5316 = DIRECTION('',(0.,0.,1.));
#5317 = DIRECTION('',(1.,0.,-0.));
#5318 = CYLINDRICAL_SURFACE('',#5319,0.387392);
#5319 = AXIS2_PLACEMENT_3D('',#5320,#5321,#5322);
#5320 = CARTESIAN_POINT('',(151.48,-102.32,0.));
#5321 = DIRECTION('',(0.,0.,1.));
#5322 = DIRECTION('',(1.,0.,-0.));
#5323 = ADVANCED_FACE('',(#5324),#5351,.F.);
#5324 = FACE_BOUND('',#5325,.F.);
#5325 = EDGE_LOOP('',(#5326,#5336,#5343,#5344));
#5326 = ORIENTED_EDGE('',*,*,#5327,.T.);
#5327 = EDGE_CURVE('',#5328,#5330,#5332,.T.);
#5328 = VERTEX_POINT('',#5329);
#5329 = CARTESIAN_POINT('',(146.083079,-102.289,0.));
#5330 = VERTEX_POINT('',#5331);
#5331 = CARTESIAN_POINT('',(146.083079,-102.289,-3.5E-02));
#5332 = LINE('',#5333,#5334);
#5333 = CARTESIAN_POINT('',(146.083079,-102.289,0.));
#5334 = VECTOR('',#5335,1.);
#5335 = DIRECTION('',(0.,0.,-1.));
#5336 = ORIENTED_EDGE('',*,*,#5337,.T.);
#5337 = EDGE_CURVE('',#5330,#5330,#5338,.T.);
#5338 = CIRCLE('',#5339,0.137255);
#5339 = AXIS2_PLACEMENT_3D('',#5340,#5341,#5342);
#5340 = CARTESIAN_POINT('',(145.945824,-102.289,-3.5E-02));
#5341 = DIRECTION('',(0.,0.,1.));
#5342 = DIRECTION('',(1.,0.,-0.));
#5343 = ORIENTED_EDGE('',*,*,#5327,.F.);
#5344 = ORIENTED_EDGE('',*,*,#5345,.F.);
#5345 = EDGE_CURVE('',#5328,#5328,#5346,.T.);
#5346 = CIRCLE('',#5347,0.137255);
#5347 = AXIS2_PLACEMENT_3D('',#5348,#5349,#5350);
#5348 = CARTESIAN_POINT('',(145.945824,-102.289,0.));
#5349 = DIRECTION('',(0.,0.,1.));
#5350 = DIRECTION('',(1.,0.,-0.));
#5351 = CYLINDRICAL_SURFACE('',#5352,0.137255);
#5352 = AXIS2_PLACEMENT_3D('',#5353,#5354,#5355);
#5353 = CARTESIAN_POINT('',(145.945824,-102.289,0.));
#5354 = DIRECTION('',(0.,0.,1.));
#5355 = DIRECTION('',(1.,0.,-0.));
#5356 = ADVANCED_FACE('',(#5357),#5384,.F.);
#5357 = FACE_BOUND('',#5358,.F.);
#5358 = EDGE_LOOP('',(#5359,#5369,#5376,#5377));
#5359 = ORIENTED_EDGE('',*,*,#5360,.T.);
#5360 = EDGE_CURVE('',#5361,#5363,#5365,.T.);
#5361 = VERTEX_POINT('',#5362);
#5362 = CARTESIAN_POINT('',(146.142079,-98.828,0.));
#5363 = VERTEX_POINT('',#5364);
#5364 = CARTESIAN_POINT('',(146.142079,-98.828,-3.5E-02));
#5365 = LINE('',#5366,#5367);
#5366 = CARTESIAN_POINT('',(146.142079,-98.828,0.));
#5367 = VECTOR('',#5368,1.);
#5368 = DIRECTION('',(0.,0.,-1.));
#5369 = ORIENTED_EDGE('',*,*,#5370,.T.);
#5370 = EDGE_CURVE('',#5363,#5363,#5371,.T.);
#5371 = CIRCLE('',#5372,0.137255);
#5372 = AXIS2_PLACEMENT_3D('',#5373,#5374,#5375);
#5373 = CARTESIAN_POINT('',(146.004824,-98.828,-3.5E-02));
#5374 = DIRECTION('',(0.,0.,1.));
#5375 = DIRECTION('',(1.,0.,-0.));
#5376 = ORIENTED_EDGE('',*,*,#5360,.F.);
#5377 = ORIENTED_EDGE('',*,*,#5378,.F.);
#5378 = EDGE_CURVE('',#5361,#5361,#5379,.T.);
#5379 = CIRCLE('',#5380,0.137255);
#5380 = AXIS2_PLACEMENT_3D('',#5381,#5382,#5383);
#5381 = CARTESIAN_POINT('',(146.004824,-98.828,0.));
#5382 = DIRECTION('',(0.,0.,1.));
#5383 = DIRECTION('',(1.,0.,-0.));
#5384 = CYLINDRICAL_SURFACE('',#5385,0.137255);
#5385 = AXIS2_PLACEMENT_3D('',#5386,#5387,#5388);
#5386 = CARTESIAN_POINT('',(146.004824,-98.828,0.));
#5387 = DIRECTION('',(0.,0.,1.));
#5388 = DIRECTION('',(1.,0.,-0.));
#5389 = ADVANCED_FACE('',(#5390),#5417,.F.);
#5390 = FACE_BOUND('',#5391,.F.);
#5391 = EDGE_LOOP('',(#5392,#5402,#5409,#5410));
#5392 = ORIENTED_EDGE('',*,*,#5393,.T.);
#5393 = EDGE_CURVE('',#5394,#5396,#5398,.T.);
#5394 = VERTEX_POINT('',#5395);
#5395 = CARTESIAN_POINT('',(146.142079,-95.423451,0.));
#5396 = VERTEX_POINT('',#5397);
#5397 = CARTESIAN_POINT('',(146.142079,-95.423451,-3.5E-02));
#5398 = LINE('',#5399,#5400);
#5399 = CARTESIAN_POINT('',(146.142079,-95.423451,0.));
#5400 = VECTOR('',#5401,1.);
#5401 = DIRECTION('',(0.,0.,-1.));
#5402 = ORIENTED_EDGE('',*,*,#5403,.T.);
#5403 = EDGE_CURVE('',#5396,#5396,#5404,.T.);
#5404 = CIRCLE('',#5405,0.137255);
#5405 = AXIS2_PLACEMENT_3D('',#5406,#5407,#5408);
#5406 = CARTESIAN_POINT('',(146.004824,-95.423451,-3.5E-02));
#5407 = DIRECTION('',(0.,0.,1.));
#5408 = DIRECTION('',(1.,0.,-0.));
#5409 = ORIENTED_EDGE('',*,*,#5393,.F.);
#5410 = ORIENTED_EDGE('',*,*,#5411,.F.);
#5411 = EDGE_CURVE('',#5394,#5394,#5412,.T.);
#5412 = CIRCLE('',#5413,0.137255);
#5413 = AXIS2_PLACEMENT_3D('',#5414,#5415,#5416);
#5414 = CARTESIAN_POINT('',(146.004824,-95.423451,0.));
#5415 = DIRECTION('',(0.,0.,1.));
#5416 = DIRECTION('',(1.,0.,-0.));
#5417 = CYLINDRICAL_SURFACE('',#5418,0.137255);
#5418 = AXIS2_PLACEMENT_3D('',#5419,#5420,#5421);
#5419 = CARTESIAN_POINT('',(146.004824,-95.423451,0.));
#5420 = DIRECTION('',(0.,0.,1.));
#5421 = DIRECTION('',(1.,0.,-0.));
#5422 = ADVANCED_FACE('',(#5423,#5441,#5444,#5447,#5450,#5453,#5456),
  #5459,.F.);
#5423 = FACE_BOUND('',#5424,.F.);
#5424 = EDGE_LOOP('',(#5425,#5426,#5427,#5428,#5429,#5430,#5431,#5432,
    #5433,#5434,#5435,#5436,#5437,#5438,#5439,#5440));
#5425 = ORIENTED_EDGE('',*,*,#4748,.T.);
#5426 = ORIENTED_EDGE('',*,*,#4780,.T.);
#5427 = ORIENTED_EDGE('',*,*,#4812,.T.);
#5428 = ORIENTED_EDGE('',*,*,#4843,.T.);
#5429 = ORIENTED_EDGE('',*,*,#4874,.T.);
#5430 = ORIENTED_EDGE('',*,*,#4906,.T.);
#5431 = ORIENTED_EDGE('',*,*,#4938,.T.);
#5432 = ORIENTED_EDGE('',*,*,#4970,.T.);
#5433 = ORIENTED_EDGE('',*,*,#5002,.T.);
#5434 = ORIENTED_EDGE('',*,*,#5033,.T.);
#5435 = ORIENTED_EDGE('',*,*,#5064,.T.);
#5436 = ORIENTED_EDGE('',*,*,#5096,.T.);
#5437 = ORIENTED_EDGE('',*,*,#5128,.T.);
#5438 = ORIENTED_EDGE('',*,*,#5159,.T.);
#5439 = ORIENTED_EDGE('',*,*,#5191,.T.);
#5440 = ORIENTED_EDGE('',*,*,#5214,.T.);
#5441 = FACE_BOUND('',#5442,.F.);
#5442 = EDGE_LOOP('',(#5443));
#5443 = ORIENTED_EDGE('',*,*,#5246,.T.);
#5444 = FACE_BOUND('',#5445,.F.);
#5445 = EDGE_LOOP('',(#5446));
#5446 = ORIENTED_EDGE('',*,*,#5279,.T.);
#5447 = FACE_BOUND('',#5448,.F.);
#5448 = EDGE_LOOP('',(#5449));
#5449 = ORIENTED_EDGE('',*,*,#5312,.T.);
#5450 = FACE_BOUND('',#5451,.F.);
#5451 = EDGE_LOOP('',(#5452));
#5452 = ORIENTED_EDGE('',*,*,#5345,.T.);
#5453 = FACE_BOUND('',#5454,.F.);
#5454 = EDGE_LOOP('',(#5455));
#5455 = ORIENTED_EDGE('',*,*,#5378,.T.);
#5456 = FACE_BOUND('',#5457,.F.);
#5457 = EDGE_LOOP('',(#5458));
#5458 = ORIENTED_EDGE('',*,*,#5411,.T.);
#5459 = PLANE('',#5460);
#5460 = AXIS2_PLACEMENT_3D('',#5461,#5462,#5463);
#5461 = CARTESIAN_POINT('',(0.,0.,0.));
#5462 = DIRECTION('',(-0.,-0.,-1.));
#5463 = DIRECTION('',(-1.,0.,0.));
#5464 = ADVANCED_FACE('',(#5465,#5483,#5486,#5489,#5492,#5495,#5498),
  #5501,.T.);
#5465 = FACE_BOUND('',#5466,.T.);
#5466 = EDGE_LOOP('',(#5467,#5468,#5469,#5470,#5471,#5472,#5473,#5474,
    #5475,#5476,#5477,#5478,#5479,#5480,#5481,#5482));
#5467 = ORIENTED_EDGE('',*,*,#4732,.T.);
#5468 = ORIENTED_EDGE('',*,*,#4763,.T.);
#5469 = ORIENTED_EDGE('',*,*,#4796,.T.);
#5470 = ORIENTED_EDGE('',*,*,#4827,.T.);
#5471 = ORIENTED_EDGE('',*,*,#4858,.T.);
#5472 = ORIENTED_EDGE('',*,*,#4889,.T.);
#5473 = ORIENTED_EDGE('',*,*,#4922,.T.);
#5474 = ORIENTED_EDGE('',*,*,#4953,.T.);
#5475 = ORIENTED_EDGE('',*,*,#4986,.T.);
#5476 = ORIENTED_EDGE('',*,*,#5017,.T.);
#5477 = ORIENTED_EDGE('',*,*,#5048,.T.);
#5478 = ORIENTED_EDGE('',*,*,#5079,.T.);
#5479 = ORIENTED_EDGE('',*,*,#5112,.T.);
#5480 = ORIENTED_EDGE('',*,*,#5143,.T.);
#5481 = ORIENTED_EDGE('',*,*,#5174,.T.);
#5482 = ORIENTED_EDGE('',*,*,#5207,.T.);
#5483 = FACE_BOUND('',#5484,.T.);
#5484 = EDGE_LOOP('',(#5485));
#5485 = ORIENTED_EDGE('',*,*,#5238,.T.);
#5486 = FACE_BOUND('',#5487,.T.);
#5487 = EDGE_LOOP('',(#5488));
#5488 = ORIENTED_EDGE('',*,*,#5271,.T.);
#5489 = FACE_BOUND('',#5490,.T.);
#5490 = EDGE_LOOP('',(#5491));
#5491 = ORIENTED_EDGE('',*,*,#5304,.T.);
#5492 = FACE_BOUND('',#5493,.T.);
#5493 = EDGE_LOOP('',(#5494));
#5494 = ORIENTED_EDGE('',*,*,#5337,.T.);
#5495 = FACE_BOUND('',#5496,.T.);
#5496 = EDGE_LOOP('',(#5497));
#5497 = ORIENTED_EDGE('',*,*,#5370,.T.);
#5498 = FACE_BOUND('',#5499,.T.);
#5499 = EDGE_LOOP('',(#5500));
#5500 = ORIENTED_EDGE('',*,*,#5403,.T.);
#5501 = PLANE('',#5502);
#5502 = AXIS2_PLACEMENT_3D('',#5503,#5504,#5505);
#5503 = CARTESIAN_POINT('',(0.,0.,-3.5E-02));
#5504 = DIRECTION('',(-0.,-0.,-1.));
#5505 = DIRECTION('',(-1.,0.,0.));
#5506 = MANIFOLD_SOLID_BREP('',#5507);
#5507 = CLOSED_SHELL('',(#5508,#5548,#5579,#5610,#5643,#5674,#5705,#5738
    ,#5769,#5802,#5833,#5866,#5888,#5908));
#5508 = ADVANCED_FACE('',(#5509),#5543,.T.);
#5509 = FACE_BOUND('',#5510,.T.);
#5510 = EDGE_LOOP('',(#5511,#5521,#5529,#5537));
#5511 = ORIENTED_EDGE('',*,*,#5512,.T.);
#5512 = EDGE_CURVE('',#5513,#5515,#5517,.T.);
#5513 = VERTEX_POINT('',#5514);
#5514 = CARTESIAN_POINT('',(149.76,-104.036446,1.51));
#5515 = VERTEX_POINT('',#5516);
#5516 = CARTESIAN_POINT('',(149.76,-104.036446,1.545));
#5517 = LINE('',#5518,#5519);
#5518 = CARTESIAN_POINT('',(149.76,-104.036446,1.51));
#5519 = VECTOR('',#5520,1.);
#5520 = DIRECTION('',(0.,0.,1.));
#5521 = ORIENTED_EDGE('',*,*,#5522,.T.);
#5522 = EDGE_CURVE('',#5515,#5523,#5525,.T.);
#5523 = VERTEX_POINT('',#5524);
#5524 = CARTESIAN_POINT('',(149.793553,-104.07,1.545));
#5525 = LINE('',#5526,#5527);
#5526 = CARTESIAN_POINT('',(149.76,-104.036446,1.545));
#5527 = VECTOR('',#5528,1.);
#5528 = DIRECTION('',(0.707096244103,-0.707117318113,0.));
#5529 = ORIENTED_EDGE('',*,*,#5530,.F.);
#5530 = EDGE_CURVE('',#5531,#5523,#5533,.T.);
#5531 = VERTEX_POINT('',#5532);
#5532 = CARTESIAN_POINT('',(149.793553,-104.07,1.51));
#5533 = LINE('',#5534,#5535);
#5534 = CARTESIAN_POINT('',(149.793553,-104.07,1.51));
#5535 = VECTOR('',#5536,1.);
#5536 = DIRECTION('',(0.,0.,1.));
#5537 = ORIENTED_EDGE('',*,*,#5538,.F.);
#5538 = EDGE_CURVE('',#5513,#5531,#5539,.T.);
#5539 = LINE('',#5540,#5541);
#5540 = CARTESIAN_POINT('',(149.76,-104.036446,1.51));
#5541 = VECTOR('',#5542,1.);
#5542 = DIRECTION('',(0.707096244103,-0.707117318113,0.));
#5543 = PLANE('',#5544);
#5544 = AXIS2_PLACEMENT_3D('',#5545,#5546,#5547);
#5545 = CARTESIAN_POINT('',(149.76,-104.036446,1.51));
#5546 = DIRECTION('',(0.707117318113,0.707096244103,-0.));
#5547 = DIRECTION('',(0.707096244103,-0.707117318113,0.));
#5548 = ADVANCED_FACE('',(#5549),#5574,.T.);
#5549 = FACE_BOUND('',#5550,.T.);
#5550 = EDGE_LOOP('',(#5551,#5552,#5560,#5568));
#5551 = ORIENTED_EDGE('',*,*,#5530,.T.);
#5552 = ORIENTED_EDGE('',*,*,#5553,.T.);
#5553 = EDGE_CURVE('',#5523,#5554,#5556,.T.);
#5554 = VERTEX_POINT('',#5555);
#5555 = CARTESIAN_POINT('',(151.186831,-104.07,1.545));
#5556 = LINE('',#5557,#5558);
#5557 = CARTESIAN_POINT('',(149.793553,-104.07,1.545));
#5558 = VECTOR('',#5559,1.);
#5559 = DIRECTION('',(1.,0.,0.));
#5560 = ORIENTED_EDGE('',*,*,#5561,.F.);
#5561 = EDGE_CURVE('',#5562,#5554,#5564,.T.);
#5562 = VERTEX_POINT('',#5563);
#5563 = CARTESIAN_POINT('',(151.186831,-104.07,1.51));
#5564 = LINE('',#5565,#5566);
#5565 = CARTESIAN_POINT('',(151.186831,-104.07,1.51));
#5566 = VECTOR('',#5567,1.);
#5567 = DIRECTION('',(0.,0.,1.));
#5568 = ORIENTED_EDGE('',*,*,#5569,.F.);
#5569 = EDGE_CURVE('',#5531,#5562,#5570,.T.);
#5570 = LINE('',#5571,#5572);
#5571 = CARTESIAN_POINT('',(149.793553,-104.07,1.51));
#5572 = VECTOR('',#5573,1.);
#5573 = DIRECTION('',(1.,0.,0.));
#5574 = PLANE('',#5575);
#5575 = AXIS2_PLACEMENT_3D('',#5576,#5577,#5578);
#5576 = CARTESIAN_POINT('',(149.793553,-104.07,1.51));
#5577 = DIRECTION('',(0.,1.,0.));
#5578 = DIRECTION('',(1.,0.,0.));
#5579 = ADVANCED_FACE('',(#5580),#5605,.T.);
#5580 = FACE_BOUND('',#5581,.T.);
#5581 = EDGE_LOOP('',(#5582,#5583,#5591,#5599));
#5582 = ORIENTED_EDGE('',*,*,#5561,.T.);
#5583 = ORIENTED_EDGE('',*,*,#5584,.T.);
#5584 = EDGE_CURVE('',#5554,#5585,#5587,.T.);
#5585 = VERTEX_POINT('',#5586);
#5586 = CARTESIAN_POINT('',(151.17266,-104.084171,1.545));
#5587 = LINE('',#5588,#5589);
#5588 = CARTESIAN_POINT('',(151.186831,-104.07,1.545));
#5589 = VECTOR('',#5590,1.);
#5590 = DIRECTION('',(-0.707106781187,-0.707106781187,0.));
#5591 = ORIENTED_EDGE('',*,*,#5592,.F.);
#5592 = EDGE_CURVE('',#5593,#5585,#5595,.T.);
#5593 = VERTEX_POINT('',#5594);
#5594 = CARTESIAN_POINT('',(151.17266,-104.084171,1.51));
#5595 = LINE('',#5596,#5597);
#5596 = CARTESIAN_POINT('',(151.17266,-104.084171,1.51));
#5597 = VECTOR('',#5598,1.);
#5598 = DIRECTION('',(0.,0.,1.));
#5599 = ORIENTED_EDGE('',*,*,#5600,.F.);
#5600 = EDGE_CURVE('',#5562,#5593,#5601,.T.);
#5601 = LINE('',#5602,#5603);
#5602 = CARTESIAN_POINT('',(151.186831,-104.07,1.51));
#5603 = VECTOR('',#5604,1.);
#5604 = DIRECTION('',(-0.707106781187,-0.707106781187,0.));
#5605 = PLANE('',#5606);
#5606 = AXIS2_PLACEMENT_3D('',#5607,#5608,#5609);
#5607 = CARTESIAN_POINT('',(151.186831,-104.07,1.51));
#5608 = DIRECTION('',(0.707106781187,-0.707106781187,0.));
#5609 = DIRECTION('',(-0.707106781187,-0.707106781187,0.));
#5610 = ADVANCED_FACE('',(#5611),#5638,.F.);
#5611 = FACE_BOUND('',#5612,.T.);
#5612 = EDGE_LOOP('',(#5613,#5614,#5623,#5631));
#5613 = ORIENTED_EDGE('',*,*,#5592,.T.);
#5614 = ORIENTED_EDGE('',*,*,#5615,.T.);
#5615 = EDGE_CURVE('',#5585,#5616,#5618,.T.);
#5616 = VERTEX_POINT('',#5617);
#5617 = CARTESIAN_POINT('',(151.17266,-104.555828,1.545));
#5618 = CIRCLE('',#5619,0.387393948707);
#5619 = AXIS2_PLACEMENT_3D('',#5620,#5621,#5622);
#5620 = CARTESIAN_POINT('',(151.4800018131,-104.3199995,1.545));
#5621 = DIRECTION('',(0.,0.,1.));
#5622 = DIRECTION('',(-0.793357289473,0.6087562823,0.));
#5623 = ORIENTED_EDGE('',*,*,#5624,.F.);
#5624 = EDGE_CURVE('',#5625,#5616,#5627,.T.);
#5625 = VERTEX_POINT('',#5626);
#5626 = CARTESIAN_POINT('',(151.17266,-104.555828,1.51));
#5627 = LINE('',#5628,#5629);
#5628 = CARTESIAN_POINT('',(151.17266,-104.555828,1.51));
#5629 = VECTOR('',#5630,1.);
#5630 = DIRECTION('',(0.,0.,1.));
#5631 = ORIENTED_EDGE('',*,*,#5632,.F.);
#5632 = EDGE_CURVE('',#5593,#5625,#5633,.T.);
#5633 = CIRCLE('',#5634,0.387393948707);
#5634 = AXIS2_PLACEMENT_3D('',#5635,#5636,#5637);
#5635 = CARTESIAN_POINT('',(151.4800018131,-104.3199995,1.51));
#5636 = DIRECTION('',(0.,0.,1.));
#5637 = DIRECTION('',(-0.793357289473,0.6087562823,0.));
#5638 = CYLINDRICAL_SURFACE('',#5639,0.387393948707);
#5639 = AXIS2_PLACEMENT_3D('',#5640,#5641,#5642);
#5640 = CARTESIAN_POINT('',(151.4800018131,-104.3199995,1.51));
#5641 = DIRECTION('',(-0.,-0.,-1.));
#5642 = DIRECTION('',(-0.793357289473,0.6087562823,0.));
#5643 = ADVANCED_FACE('',(#5644),#5669,.T.);
#5644 = FACE_BOUND('',#5645,.T.);
#5645 = EDGE_LOOP('',(#5646,#5647,#5655,#5663));
#5646 = ORIENTED_EDGE('',*,*,#5624,.T.);
#5647 = ORIENTED_EDGE('',*,*,#5648,.T.);
#5648 = EDGE_CURVE('',#5616,#5649,#5651,.T.);
#5649 = VERTEX_POINT('',#5650);
#5650 = CARTESIAN_POINT('',(151.186832,-104.57,1.545));
#5651 = LINE('',#5652,#5653);
#5652 = CARTESIAN_POINT('',(151.17266,-104.555828,1.545));
#5653 = VECTOR('',#5654,1.);
#5654 = DIRECTION('',(0.707106781187,-0.707106781186,0.));
#5655 = ORIENTED_EDGE('',*,*,#5656,.F.);
#5656 = EDGE_CURVE('',#5657,#5649,#5659,.T.);
#5657 = VERTEX_POINT('',#5658);
#5658 = CARTESIAN_POINT('',(151.186832,-104.57,1.51));
#5659 = LINE('',#5660,#5661);
#5660 = CARTESIAN_POINT('',(151.186832,-104.57,1.51));
#5661 = VECTOR('',#5662,1.);
#5662 = DIRECTION('',(0.,0.,1.));
#5663 = ORIENTED_EDGE('',*,*,#5664,.F.);
#5664 = EDGE_CURVE('',#5625,#5657,#5665,.T.);
#5665 = LINE('',#5666,#5667);
#5666 = CARTESIAN_POINT('',(151.17266,-104.555828,1.51));
#5667 = VECTOR('',#5668,1.);
#5668 = DIRECTION('',(0.707106781187,-0.707106781186,0.));
#5669 = PLANE('',#5670);
#5670 = AXIS2_PLACEMENT_3D('',#5671,#5672,#5673);
#5671 = CARTESIAN_POINT('',(151.17266,-104.555828,1.51));
#5672 = DIRECTION('',(0.707106781186,0.707106781187,-0.));
#5673 = DIRECTION('',(0.707106781187,-0.707106781186,0.));
#5674 = ADVANCED_FACE('',(#5675),#5700,.T.);
#5675 = FACE_BOUND('',#5676,.T.);
#5676 = EDGE_LOOP('',(#5677,#5678,#5686,#5694));
#5677 = ORIENTED_EDGE('',*,*,#5656,.T.);
#5678 = ORIENTED_EDGE('',*,*,#5679,.T.);
#5679 = EDGE_CURVE('',#5649,#5680,#5682,.T.);
#5680 = VERTEX_POINT('',#5681);
#5681 = CARTESIAN_POINT('',(149.69,-104.57,1.545));
#5682 = LINE('',#5683,#5684);
#5683 = CARTESIAN_POINT('',(151.186832,-104.57,1.545));
#5684 = VECTOR('',#5685,1.);
#5685 = DIRECTION('',(-1.,0.,0.));
#5686 = ORIENTED_EDGE('',*,*,#5687,.F.);
#5687 = EDGE_CURVE('',#5688,#5680,#5690,.T.);
#5688 = VERTEX_POINT('',#5689);
#5689 = CARTESIAN_POINT('',(149.69,-104.57,1.51));
#5690 = LINE('',#5691,#5692);
#5691 = CARTESIAN_POINT('',(149.69,-104.57,1.51));
#5692 = VECTOR('',#5693,1.);
#5693 = DIRECTION('',(0.,0.,1.));
#5694 = ORIENTED_EDGE('',*,*,#5695,.F.);
#5695 = EDGE_CURVE('',#5657,#5688,#5696,.T.);
#5696 = LINE('',#5697,#5698);
#5697 = CARTESIAN_POINT('',(151.186832,-104.57,1.51));
#5698 = VECTOR('',#5699,1.);
#5699 = DIRECTION('',(-1.,0.,0.));
#5700 = PLANE('',#5701);
#5701 = AXIS2_PLACEMENT_3D('',#5702,#5703,#5704);
#5702 = CARTESIAN_POINT('',(151.186832,-104.57,1.51));
#5703 = DIRECTION('',(0.,-1.,0.));
#5704 = DIRECTION('',(-1.,0.,0.));
#5705 = ADVANCED_FACE('',(#5706),#5733,.T.);
#5706 = FACE_BOUND('',#5707,.T.);
#5707 = EDGE_LOOP('',(#5708,#5709,#5718,#5726));
#5708 = ORIENTED_EDGE('',*,*,#5687,.T.);
#5709 = ORIENTED_EDGE('',*,*,#5710,.T.);
#5710 = EDGE_CURVE('',#5680,#5711,#5713,.T.);
#5711 = VERTEX_POINT('',#5712);
#5712 = CARTESIAN_POINT('',(149.513223,-104.496776,1.545));
#5713 = CIRCLE('',#5714,0.250002531222);
#5714 = AXIS2_PLACEMENT_3D('',#5715,#5716,#5717);
#5715 = CARTESIAN_POINT('',(149.69000143906,-104.3199974687,1.545));
#5716 = DIRECTION('',(0.,0.,-1.));
#5717 = DIRECTION('',(-5.756197919717E-06,-0.999999999983,-0.));
#5718 = ORIENTED_EDGE('',*,*,#5719,.F.);
#5719 = EDGE_CURVE('',#5720,#5711,#5722,.T.);
#5720 = VERTEX_POINT('',#5721);
#5721 = CARTESIAN_POINT('',(149.513223,-104.496776,1.51));
#5722 = LINE('',#5723,#5724);
#5723 = CARTESIAN_POINT('',(149.513223,-104.496776,1.51));
#5724 = VECTOR('',#5725,1.);
#5725 = DIRECTION('',(0.,0.,1.));
#5726 = ORIENTED_EDGE('',*,*,#5727,.F.);
#5727 = EDGE_CURVE('',#5688,#5720,#5728,.T.);
#5728 = CIRCLE('',#5729,0.250002531222);
#5729 = AXIS2_PLACEMENT_3D('',#5730,#5731,#5732);
#5730 = CARTESIAN_POINT('',(149.69000143906,-104.3199974687,1.51));
#5731 = DIRECTION('',(0.,0.,-1.));
#5732 = DIRECTION('',(-5.756197919717E-06,-0.999999999983,-0.));
#5733 = CYLINDRICAL_SURFACE('',#5734,0.250002531222);
#5734 = AXIS2_PLACEMENT_3D('',#5735,#5736,#5737);
#5735 = CARTESIAN_POINT('',(149.69000143906,-104.3199974687,1.51));
#5736 = DIRECTION('',(0.,0.,-1.));
#5737 = DIRECTION('',(-5.756197919717E-06,-0.999999999983,-0.));
#5738 = ADVANCED_FACE('',(#5739),#5764,.T.);
#5739 = FACE_BOUND('',#5740,.T.);
#5740 = EDGE_LOOP('',(#5741,#5742,#5750,#5758));
#5741 = ORIENTED_EDGE('',*,*,#5719,.T.);
#5742 = ORIENTED_EDGE('',*,*,#5743,.T.);
#5743 = EDGE_CURVE('',#5711,#5744,#5746,.T.);
#5744 = VERTEX_POINT('',#5745);
#5745 = CARTESIAN_POINT('',(149.333223,-104.316777,1.545));
#5746 = LINE('',#5747,#5748);
#5747 = CARTESIAN_POINT('',(149.513223,-104.496776,1.545));
#5748 = VECTOR('',#5749,1.);
#5749 = DIRECTION('',(-0.707108745375,0.707104816993,0.));
#5750 = ORIENTED_EDGE('',*,*,#5751,.F.);
#5751 = EDGE_CURVE('',#5752,#5744,#5754,.T.);
#5752 = VERTEX_POINT('',#5753);
#5753 = CARTESIAN_POINT('',(149.333223,-104.316777,1.51));
#5754 = LINE('',#5755,#5756);
#5755 = CARTESIAN_POINT('',(149.333223,-104.316777,1.51));
#5756 = VECTOR('',#5757,1.);
#5757 = DIRECTION('',(0.,0.,1.));
#5758 = ORIENTED_EDGE('',*,*,#5759,.F.);
#5759 = EDGE_CURVE('',#5720,#5752,#5760,.T.);
#5760 = LINE('',#5761,#5762);
#5761 = CARTESIAN_POINT('',(149.513223,-104.496776,1.51));
#5762 = VECTOR('',#5763,1.);
#5763 = DIRECTION('',(-0.707108745375,0.707104816993,0.));
#5764 = PLANE('',#5765);
#5765 = AXIS2_PLACEMENT_3D('',#5766,#5767,#5768);
#5766 = CARTESIAN_POINT('',(149.513223,-104.496776,1.51));
#5767 = DIRECTION('',(-0.707104816993,-0.707108745375,0.));
#5768 = DIRECTION('',(-0.707108745375,0.707104816993,0.));
#5769 = ADVANCED_FACE('',(#5770),#5797,.T.);
#5770 = FACE_BOUND('',#5771,.T.);
#5771 = EDGE_LOOP('',(#5772,#5773,#5782,#5790));
#5772 = ORIENTED_EDGE('',*,*,#5751,.T.);
#5773 = ORIENTED_EDGE('',*,*,#5774,.T.);
#5774 = EDGE_CURVE('',#5744,#5775,#5777,.T.);
#5775 = VERTEX_POINT('',#5776);
#5776 = CARTESIAN_POINT('',(149.26,-104.14,1.545));
#5777 = CIRCLE('',#5778,0.250006953711);
#5778 = AXIS2_PLACEMENT_3D('',#5779,#5780,#5781);
#5779 = CARTESIAN_POINT('',(149.5100069537,-104.1399977291,1.545));
#5780 = DIRECTION('',(0.,0.,-1.));
#5781 = DIRECTION('',(-0.707116146477,-0.707097415772,-0.));
#5782 = ORIENTED_EDGE('',*,*,#5783,.F.);
#5783 = EDGE_CURVE('',#5784,#5775,#5786,.T.);
#5784 = VERTEX_POINT('',#5785);
#5785 = CARTESIAN_POINT('',(149.26,-104.14,1.51));
#5786 = LINE('',#5787,#5788);
#5787 = CARTESIAN_POINT('',(149.26,-104.14,1.51));
#5788 = VECTOR('',#5789,1.);
#5789 = DIRECTION('',(0.,0.,1.));
#5790 = ORIENTED_EDGE('',*,*,#5791,.F.);
#5791 = EDGE_CURVE('',#5752,#5784,#5792,.T.);
#5792 = CIRCLE('',#5793,0.250006953711);
#5793 = AXIS2_PLACEMENT_3D('',#5794,#5795,#5796);
#5794 = CARTESIAN_POINT('',(149.5100069537,-104.1399977291,1.51));
#5795 = DIRECTION('',(0.,0.,-1.));
#5796 = DIRECTION('',(-0.707116146477,-0.707097415772,-0.));
#5797 = CYLINDRICAL_SURFACE('',#5798,0.250006953711);
#5798 = AXIS2_PLACEMENT_3D('',#5799,#5800,#5801);
#5799 = CARTESIAN_POINT('',(149.5100069537,-104.1399977291,1.51));
#5800 = DIRECTION('',(0.,0.,-1.));
#5801 = DIRECTION('',(-0.707116146477,-0.707097415772,-0.));
#5802 = ADVANCED_FACE('',(#5803),#5828,.T.);
#5803 = FACE_BOUND('',#5804,.T.);
#5804 = EDGE_LOOP('',(#5805,#5806,#5814,#5822));
#5805 = ORIENTED_EDGE('',*,*,#5783,.T.);
#5806 = ORIENTED_EDGE('',*,*,#5807,.T.);
#5807 = EDGE_CURVE('',#5775,#5808,#5810,.T.);
#5808 = VERTEX_POINT('',#5809);
#5809 = CARTESIAN_POINT('',(149.26,-103.91,1.545));
#5810 = LINE('',#5811,#5812);
#5811 = CARTESIAN_POINT('',(149.26,-104.14,1.545));
#5812 = VECTOR('',#5813,1.);
#5813 = DIRECTION('',(0.,1.,0.));
#5814 = ORIENTED_EDGE('',*,*,#5815,.F.);
#5815 = EDGE_CURVE('',#5816,#5808,#5818,.T.);
#5816 = VERTEX_POINT('',#5817);
#5817 = CARTESIAN_POINT('',(149.26,-103.91,1.51));
#5818 = LINE('',#5819,#5820);
#5819 = CARTESIAN_POINT('',(149.26,-103.91,1.51));
#5820 = VECTOR('',#5821,1.);
#5821 = DIRECTION('',(0.,0.,1.));
#5822 = ORIENTED_EDGE('',*,*,#5823,.F.);
#5823 = EDGE_CURVE('',#5784,#5816,#5824,.T.);
#5824 = LINE('',#5825,#5826);
#5825 = CARTESIAN_POINT('',(149.26,-104.14,1.51));
#5826 = VECTOR('',#5827,1.);
#5827 = DIRECTION('',(0.,1.,0.));
#5828 = PLANE('',#5829);
#5829 = AXIS2_PLACEMENT_3D('',#5830,#5831,#5832);
#5830 = CARTESIAN_POINT('',(149.26,-104.14,1.51));
#5831 = DIRECTION('',(-1.,0.,0.));
#5832 = DIRECTION('',(0.,1.,0.));
#5833 = ADVANCED_FACE('',(#5834),#5861,.T.);
#5834 = FACE_BOUND('',#5835,.T.);
#5835 = EDGE_LOOP('',(#5836,#5837,#5846,#5854));
#5836 = ORIENTED_EDGE('',*,*,#5815,.T.);
#5837 = ORIENTED_EDGE('',*,*,#5838,.T.);
#5838 = EDGE_CURVE('',#5808,#5839,#5841,.T.);
#5839 = VERTEX_POINT('',#5840);
#5840 = CARTESIAN_POINT('',(149.76,-103.91,1.545));
#5841 = CIRCLE('',#5842,0.250000000003);
#5842 = AXIS2_PLACEMENT_3D('',#5843,#5844,#5845);
#5843 = CARTESIAN_POINT('',(149.51,-103.9100011897,1.545));
#5844 = DIRECTION('',(0.,0.,-1.));
#5845 = DIRECTION('',(-0.999999999989,4.758985710342E-06,0.));
#5846 = ORIENTED_EDGE('',*,*,#5847,.F.);
#5847 = EDGE_CURVE('',#5848,#5839,#5850,.T.);
#5848 = VERTEX_POINT('',#5849);
#5849 = CARTESIAN_POINT('',(149.76,-103.91,1.51));
#5850 = LINE('',#5851,#5852);
#5851 = CARTESIAN_POINT('',(149.76,-103.91,1.51));
#5852 = VECTOR('',#5853,1.);
#5853 = DIRECTION('',(0.,0.,1.));
#5854 = ORIENTED_EDGE('',*,*,#5855,.F.);
#5855 = EDGE_CURVE('',#5816,#5848,#5856,.T.);
#5856 = CIRCLE('',#5857,0.250000000003);
#5857 = AXIS2_PLACEMENT_3D('',#5858,#5859,#5860);
#5858 = CARTESIAN_POINT('',(149.51,-103.9100011897,1.51));
#5859 = DIRECTION('',(0.,0.,-1.));
#5860 = DIRECTION('',(-0.999999999989,4.758985710342E-06,0.));
#5861 = CYLINDRICAL_SURFACE('',#5862,0.250000000003);
#5862 = AXIS2_PLACEMENT_3D('',#5863,#5864,#5865);
#5863 = CARTESIAN_POINT('',(149.51,-103.9100011897,1.51));
#5864 = DIRECTION('',(0.,0.,-1.));
#5865 = DIRECTION('',(-0.999999999989,4.758985710342E-06,0.));
#5866 = ADVANCED_FACE('',(#5867),#5883,.T.);
#5867 = FACE_BOUND('',#5868,.T.);
#5868 = EDGE_LOOP('',(#5869,#5870,#5876,#5877));
#5869 = ORIENTED_EDGE('',*,*,#5847,.T.);
#5870 = ORIENTED_EDGE('',*,*,#5871,.T.);
#5871 = EDGE_CURVE('',#5839,#5515,#5872,.T.);
#5872 = LINE('',#5873,#5874);
#5873 = CARTESIAN_POINT('',(149.76,-103.91,1.545));
#5874 = VECTOR('',#5875,1.);
#5875 = DIRECTION('',(0.,-1.,0.));
#5876 = ORIENTED_EDGE('',*,*,#5512,.F.);
#5877 = ORIENTED_EDGE('',*,*,#5878,.F.);
#5878 = EDGE_CURVE('',#5848,#5513,#5879,.T.);
#5879 = LINE('',#5880,#5881);
#5880 = CARTESIAN_POINT('',(149.76,-103.91,1.51));
#5881 = VECTOR('',#5882,1.);
#5882 = DIRECTION('',(0.,-1.,0.));
#5883 = PLANE('',#5884);
#5884 = AXIS2_PLACEMENT_3D('',#5885,#5886,#5887);
#5885 = CARTESIAN_POINT('',(149.76,-103.91,1.51));
#5886 = DIRECTION('',(1.,0.,-0.));
#5887 = DIRECTION('',(0.,-1.,0.));
#5888 = ADVANCED_FACE('',(#5889),#5903,.F.);
#5889 = FACE_BOUND('',#5890,.T.);
#5890 = EDGE_LOOP('',(#5891,#5892,#5893,#5894,#5895,#5896,#5897,#5898,
    #5899,#5900,#5901,#5902));
#5891 = ORIENTED_EDGE('',*,*,#5538,.T.);
#5892 = ORIENTED_EDGE('',*,*,#5569,.T.);
#5893 = ORIENTED_EDGE('',*,*,#5600,.T.);
#5894 = ORIENTED_EDGE('',*,*,#5632,.T.);
#5895 = ORIENTED_EDGE('',*,*,#5664,.T.);
#5896 = ORIENTED_EDGE('',*,*,#5695,.T.);
#5897 = ORIENTED_EDGE('',*,*,#5727,.T.);
#5898 = ORIENTED_EDGE('',*,*,#5759,.T.);
#5899 = ORIENTED_EDGE('',*,*,#5791,.T.);
#5900 = ORIENTED_EDGE('',*,*,#5823,.T.);
#5901 = ORIENTED_EDGE('',*,*,#5855,.T.);
#5902 = ORIENTED_EDGE('',*,*,#5878,.T.);
#5903 = PLANE('',#5904);
#5904 = AXIS2_PLACEMENT_3D('',#5905,#5906,#5907);
#5905 = CARTESIAN_POINT('',(0.,0.,1.51));
#5906 = DIRECTION('',(0.,0.,1.));
#5907 = DIRECTION('',(1.,0.,-0.));
#5908 = ADVANCED_FACE('',(#5909),#5923,.T.);
#5909 = FACE_BOUND('',#5910,.F.);
#5910 = EDGE_LOOP('',(#5911,#5912,#5913,#5914,#5915,#5916,#5917,#5918,
    #5919,#5920,#5921,#5922));
#5911 = ORIENTED_EDGE('',*,*,#5522,.T.);
#5912 = ORIENTED_EDGE('',*,*,#5553,.T.);
#5913 = ORIENTED_EDGE('',*,*,#5584,.T.);
#5914 = ORIENTED_EDGE('',*,*,#5615,.T.);
#5915 = ORIENTED_EDGE('',*,*,#5648,.T.);
#5916 = ORIENTED_EDGE('',*,*,#5679,.T.);
#5917 = ORIENTED_EDGE('',*,*,#5710,.T.);
#5918 = ORIENTED_EDGE('',*,*,#5743,.T.);
#5919 = ORIENTED_EDGE('',*,*,#5774,.T.);
#5920 = ORIENTED_EDGE('',*,*,#5807,.T.);
#5921 = ORIENTED_EDGE('',*,*,#5838,.T.);
#5922 = ORIENTED_EDGE('',*,*,#5871,.T.);
#5923 = PLANE('',#5924);
#5924 = AXIS2_PLACEMENT_3D('',#5925,#5926,#5927);
#5925 = CARTESIAN_POINT('',(0.,0.,1.545));
#5926 = DIRECTION('',(0.,0.,1.));
#5927 = DIRECTION('',(1.,0.,-0.));
#5928 = MANIFOLD_SOLID_BREP('',#5929);
#5929 = CLOSED_SHELL('',(#5930,#5972,#6003,#6034,#6067,#6098,#6131,#6162
    ,#6193,#6224,#6255,#6288,#6319,#6350,#6383,#6414,#6447,#6478,#6509,
    #6542,#6573,#6606,#6637,#6668,#6699,#6730,#6763,#6794,#6827,#6858,
    #6889,#6920,#6953,#6984,#7015,#7046,#7079,#7110,#7141,#7172,#7203,
    #7234,#7267,#7298,#7329,#7360,#7391,#7424,#7446,#7479,#7538));
#5930 = ADVANCED_FACE('',(#5931),#5967,.T.);
#5931 = FACE_BOUND('',#5932,.T.);
#5932 = EDGE_LOOP('',(#5933,#5943,#5952,#5960));
#5933 = ORIENTED_EDGE('',*,*,#5934,.T.);
#5934 = EDGE_CURVE('',#5935,#5937,#5939,.T.);
#5935 = VERTEX_POINT('',#5936);
#5936 = CARTESIAN_POINT('',(119.543118,-93.786494,1.51));
#5937 = VERTEX_POINT('',#5938);
#5938 = CARTESIAN_POINT('',(119.543118,-93.786494,1.545));
#5939 = LINE('',#5940,#5941);
#5940 = CARTESIAN_POINT('',(119.543118,-93.786494,1.51));
#5941 = VECTOR('',#5942,1.);
#5942 = DIRECTION('',(0.,0.,1.));
#5943 = ORIENTED_EDGE('',*,*,#5944,.T.);
#5944 = EDGE_CURVE('',#5937,#5945,#5947,.T.);
#5945 = VERTEX_POINT('',#5946);
#5946 = CARTESIAN_POINT('',(119.973578,-93.225508,1.545));
#5947 = CIRCLE('',#5948,0.500004217981);
#5948 = AXIS2_PLACEMENT_3D('',#5949,#5950,#5951);
#5949 = CARTESIAN_POINT('',(120.03884511322,-93.72123415619,1.545));
#5950 = DIRECTION('',(0.,0.,-1.));
#5951 = DIRECTION('',(-0.991445862647,-0.13051858657,-0.));
#5952 = ORIENTED_EDGE('',*,*,#5953,.F.);
#5953 = EDGE_CURVE('',#5954,#5945,#5956,.T.);
#5954 = VERTEX_POINT('',#5955);
#5955 = CARTESIAN_POINT('',(119.973578,-93.225508,1.51));
#5956 = LINE('',#5957,#5958);
#5957 = CARTESIAN_POINT('',(119.973578,-93.225508,1.51));
#5958 = VECTOR('',#5959,1.);
#5959 = DIRECTION('',(0.,0.,1.));
#5960 = ORIENTED_EDGE('',*,*,#5961,.F.);
#5961 = EDGE_CURVE('',#5935,#5954,#5962,.T.);
#5962 = CIRCLE('',#5963,0.500004217981);
#5963 = AXIS2_PLACEMENT_3D('',#5964,#5965,#5966);
#5964 = CARTESIAN_POINT('',(120.03884511322,-93.72123415619,1.51));
#5965 = DIRECTION('',(0.,0.,-1.));
#5966 = DIRECTION('',(-0.991445862647,-0.13051858657,-0.));
#5967 = CYLINDRICAL_SURFACE('',#5968,0.500004217981);
#5968 = AXIS2_PLACEMENT_3D('',#5969,#5970,#5971);
#5969 = CARTESIAN_POINT('',(120.03884511322,-93.72123415619,1.51));
#5970 = DIRECTION('',(0.,0.,-1.));
#5971 = DIRECTION('',(-0.991445862647,-0.13051858657,-0.));
#5972 = ADVANCED_FACE('',(#5973),#5998,.T.);
#5973 = FACE_BOUND('',#5974,.T.);
#5974 = EDGE_LOOP('',(#5975,#5976,#5984,#5992));
#5975 = ORIENTED_EDGE('',*,*,#5953,.T.);
#5976 = ORIENTED_EDGE('',*,*,#5977,.T.);
#5977 = EDGE_CURVE('',#5945,#5978,#5980,.T.);
#5978 = VERTEX_POINT('',#5979);
#5979 = CARTESIAN_POINT('',(120.040061,-93.222451,1.545));
#5980 = LINE('',#5981,#5982);
#5981 = CARTESIAN_POINT('',(119.973578,-93.225508,1.545));
#5982 = VECTOR('',#5983,1.);
#5983 = DIRECTION('',(0.998944515998,4.593314659997E-02,0.));
#5984 = ORIENTED_EDGE('',*,*,#5985,.F.);
#5985 = EDGE_CURVE('',#5986,#5978,#5988,.T.);
#5986 = VERTEX_POINT('',#5987);
#5987 = CARTESIAN_POINT('',(120.040061,-93.222451,1.51));
#5988 = LINE('',#5989,#5990);
#5989 = CARTESIAN_POINT('',(120.040061,-93.222451,1.51));
#5990 = VECTOR('',#5991,1.);
#5991 = DIRECTION('',(0.,0.,1.));
#5992 = ORIENTED_EDGE('',*,*,#5993,.F.);
#5993 = EDGE_CURVE('',#5954,#5986,#5994,.T.);
#5994 = LINE('',#5995,#5996);
#5995 = CARTESIAN_POINT('',(119.973578,-93.225508,1.51));
#5996 = VECTOR('',#5997,1.);
#5997 = DIRECTION('',(0.998944515998,4.593314659997E-02,0.));
#5998 = PLANE('',#5999);
#5999 = AXIS2_PLACEMENT_3D('',#6000,#6001,#6002);
#6000 = CARTESIAN_POINT('',(119.973578,-93.225508,1.51));
#6001 = DIRECTION('',(-4.593314659997E-02,0.998944515998,0.));
#6002 = DIRECTION('',(0.998944515998,4.593314659997E-02,0.));
#6003 = ADVANCED_FACE('',(#6004),#6029,.T.);
#6004 = FACE_BOUND('',#6005,.T.);
#6005 = EDGE_LOOP('',(#6006,#6007,#6015,#6023));
#6006 = ORIENTED_EDGE('',*,*,#5985,.T.);
#6007 = ORIENTED_EDGE('',*,*,#6008,.T.);
#6008 = EDGE_CURVE('',#5978,#6009,#6011,.T.);
#6009 = VERTEX_POINT('',#6010);
#6010 = CARTESIAN_POINT('',(147.442451,-93.222451,1.545));
#6011 = LINE('',#6012,#6013);
#6012 = CARTESIAN_POINT('',(120.040061,-93.222451,1.545));
#6013 = VECTOR('',#6014,1.);
#6014 = DIRECTION('',(1.,0.,0.));
#6015 = ORIENTED_EDGE('',*,*,#6016,.F.);
#6016 = EDGE_CURVE('',#6017,#6009,#6019,.T.);
#6017 = VERTEX_POINT('',#6018);
#6018 = CARTESIAN_POINT('',(147.442451,-93.222451,1.51));
#6019 = LINE('',#6020,#6021);
#6020 = CARTESIAN_POINT('',(147.442451,-93.222451,1.51));
#6021 = VECTOR('',#6022,1.);
#6022 = DIRECTION('',(0.,0.,1.));
#6023 = ORIENTED_EDGE('',*,*,#6024,.F.);
#6024 = EDGE_CURVE('',#5986,#6017,#6025,.T.);
#6025 = LINE('',#6026,#6027);
#6026 = CARTESIAN_POINT('',(120.040061,-93.222451,1.51));
#6027 = VECTOR('',#6028,1.);
#6028 = DIRECTION('',(1.,0.,0.));
#6029 = PLANE('',#6030);
#6030 = AXIS2_PLACEMENT_3D('',#6031,#6032,#6033);
#6031 = CARTESIAN_POINT('',(120.040061,-93.222451,1.51));
#6032 = DIRECTION('',(0.,1.,0.));
#6033 = DIRECTION('',(1.,0.,0.));
#6034 = ADVANCED_FACE('',(#6035),#6062,.T.);
#6035 = FACE_BOUND('',#6036,.T.);
#6036 = EDGE_LOOP('',(#6037,#6038,#6047,#6055));
#6037 = ORIENTED_EDGE('',*,*,#6016,.T.);
#6038 = ORIENTED_EDGE('',*,*,#6039,.T.);
#6039 = EDGE_CURVE('',#6009,#6040,#6042,.T.);
#6040 = VERTEX_POINT('',#6041);
#6041 = CARTESIAN_POINT('',(147.796004,-93.368898,1.545));
#6042 = CIRCLE('',#6043,0.499992432518);
#6043 = AXIS2_PLACEMENT_3D('',#6044,#6045,#6046);
#6044 = CARTESIAN_POINT('',(147.44245335338,-93.72244343251,1.545));
#6045 = DIRECTION('',(0.,0.,-1.));
#6046 = DIRECTION('',(-4.706832568646E-06,0.999999999989,0.));
#6047 = ORIENTED_EDGE('',*,*,#6048,.F.);
#6048 = EDGE_CURVE('',#6049,#6040,#6051,.T.);
#6049 = VERTEX_POINT('',#6050);
#6050 = CARTESIAN_POINT('',(147.796004,-93.368898,1.51));
#6051 = LINE('',#6052,#6053);
#6052 = CARTESIAN_POINT('',(147.796004,-93.368898,1.51));
#6053 = VECTOR('',#6054,1.);
#6054 = DIRECTION('',(0.,0.,1.));
#6055 = ORIENTED_EDGE('',*,*,#6056,.F.);
#6056 = EDGE_CURVE('',#6017,#6049,#6057,.T.);
#6057 = CIRCLE('',#6058,0.499992432518);
#6058 = AXIS2_PLACEMENT_3D('',#6059,#6060,#6061);
#6059 = CARTESIAN_POINT('',(147.44245335338,-93.72244343251,1.51));
#6060 = DIRECTION('',(0.,0.,-1.));
#6061 = DIRECTION('',(-4.706832568646E-06,0.999999999989,0.));
#6062 = CYLINDRICAL_SURFACE('',#6063,0.499992432518);
#6063 = AXIS2_PLACEMENT_3D('',#6064,#6065,#6066);
#6064 = CARTESIAN_POINT('',(147.44245335338,-93.72244343251,1.51));
#6065 = DIRECTION('',(0.,0.,-1.));
#6066 = DIRECTION('',(-4.706832568646E-06,0.999999999989,0.));
#6067 = ADVANCED_FACE('',(#6068),#6093,.T.);
#6068 = FACE_BOUND('',#6069,.T.);
#6069 = EDGE_LOOP('',(#6070,#6071,#6079,#6087));
#6070 = ORIENTED_EDGE('',*,*,#6048,.T.);
#6071 = ORIENTED_EDGE('',*,*,#6072,.T.);
#6072 = EDGE_CURVE('',#6040,#6073,#6075,.T.);
#6073 = VERTEX_POINT('',#6074);
#6074 = CARTESIAN_POINT('',(148.372989,-93.945883,1.545));
#6075 = LINE('',#6076,#6077);
#6076 = CARTESIAN_POINT('',(147.796004,-93.368898,1.545));
#6077 = VECTOR('',#6078,1.);
#6078 = DIRECTION('',(0.707106781187,-0.707106781187,0.));
#6079 = ORIENTED_EDGE('',*,*,#6080,.F.);
#6080 = EDGE_CURVE('',#6081,#6073,#6083,.T.);
#6081 = VERTEX_POINT('',#6082);
#6082 = CARTESIAN_POINT('',(148.372989,-93.945883,1.51));
#6083 = LINE('',#6084,#6085);
#6084 = CARTESIAN_POINT('',(148.372989,-93.945883,1.51));
#6085 = VECTOR('',#6086,1.);
#6086 = DIRECTION('',(0.,0.,1.));
#6087 = ORIENTED_EDGE('',*,*,#6088,.F.);
#6088 = EDGE_CURVE('',#6049,#6081,#6089,.T.);
#6089 = LINE('',#6090,#6091);
#6090 = CARTESIAN_POINT('',(147.796004,-93.368898,1.51));
#6091 = VECTOR('',#6092,1.);
#6092 = DIRECTION('',(0.707106781187,-0.707106781187,0.));
#6093 = PLANE('',#6094);
#6094 = AXIS2_PLACEMENT_3D('',#6095,#6096,#6097);
#6095 = CARTESIAN_POINT('',(147.796004,-93.368898,1.51));
#6096 = DIRECTION('',(0.707106781187,0.707106781187,-0.));
#6097 = DIRECTION('',(0.707106781187,-0.707106781187,0.));
#6098 = ADVANCED_FACE('',(#6099),#6126,.T.);
#6099 = FACE_BOUND('',#6100,.T.);
#6100 = EDGE_LOOP('',(#6101,#6102,#6111,#6119));
#6101 = ORIENTED_EDGE('',*,*,#6080,.T.);
#6102 = ORIENTED_EDGE('',*,*,#6103,.T.);
#6103 = EDGE_CURVE('',#6073,#6104,#6106,.T.);
#6104 = VERTEX_POINT('',#6105);
#6105 = CARTESIAN_POINT('',(148.519436,-94.299436,1.545));
#6106 = CIRCLE('',#6107,0.499992432518);
#6107 = AXIS2_PLACEMENT_3D('',#6108,#6109,#6110);
#6108 = CARTESIAN_POINT('',(148.01944356748,-94.29943364661,1.545));
#6109 = DIRECTION('',(0.,0.,-1.));
#6110 = DIRECTION('',(0.707101566982,0.707111995353,0.));
#6111 = ORIENTED_EDGE('',*,*,#6112,.F.);
#6112 = EDGE_CURVE('',#6113,#6104,#6115,.T.);
#6113 = VERTEX_POINT('',#6114);
#6114 = CARTESIAN_POINT('',(148.519436,-94.299436,1.51));
#6115 = LINE('',#6116,#6117);
#6116 = CARTESIAN_POINT('',(148.519436,-94.299436,1.51));
#6117 = VECTOR('',#6118,1.);
#6118 = DIRECTION('',(0.,0.,1.));
#6119 = ORIENTED_EDGE('',*,*,#6120,.F.);
#6120 = EDGE_CURVE('',#6081,#6113,#6121,.T.);
#6121 = CIRCLE('',#6122,0.499992432518);
#6122 = AXIS2_PLACEMENT_3D('',#6123,#6124,#6125);
#6123 = CARTESIAN_POINT('',(148.01944356748,-94.29943364661,1.51));
#6124 = DIRECTION('',(0.,0.,-1.));
#6125 = DIRECTION('',(0.707101566982,0.707111995353,0.));
#6126 = CYLINDRICAL_SURFACE('',#6127,0.499992432518);
#6127 = AXIS2_PLACEMENT_3D('',#6128,#6129,#6130);
#6128 = CARTESIAN_POINT('',(148.01944356748,-94.29943364661,1.51));
#6129 = DIRECTION('',(0.,0.,-1.));
#6130 = DIRECTION('',(0.707101566982,0.707111995353,0.));
#6131 = ADVANCED_FACE('',(#6132),#6157,.T.);
#6132 = FACE_BOUND('',#6133,.T.);
#6133 = EDGE_LOOP('',(#6134,#6135,#6143,#6151));
#6134 = ORIENTED_EDGE('',*,*,#6112,.T.);
#6135 = ORIENTED_EDGE('',*,*,#6136,.T.);
#6136 = EDGE_CURVE('',#6104,#6137,#6139,.T.);
#6137 = VERTEX_POINT('',#6138);
#6138 = CARTESIAN_POINT('',(148.519723,-99.019089,1.545));
#6139 = LINE('',#6140,#6141);
#6140 = CARTESIAN_POINT('',(148.519436,-94.299436,1.545));
#6141 = VECTOR('',#6142,1.);
#6142 = DIRECTION('',(6.080955516334E-05,-0.999999998151,0.));
#6143 = ORIENTED_EDGE('',*,*,#6144,.F.);
#6144 = EDGE_CURVE('',#6145,#6137,#6147,.T.);
#6145 = VERTEX_POINT('',#6146);
#6146 = CARTESIAN_POINT('',(148.519723,-99.019089,1.51));
#6147 = LINE('',#6148,#6149);
#6148 = CARTESIAN_POINT('',(148.519723,-99.019089,1.51));
#6149 = VECTOR('',#6150,1.);
#6150 = DIRECTION('',(0.,0.,1.));
#6151 = ORIENTED_EDGE('',*,*,#6152,.F.);
#6152 = EDGE_CURVE('',#6113,#6145,#6153,.T.);
#6153 = LINE('',#6154,#6155);
#6154 = CARTESIAN_POINT('',(148.519436,-94.299436,1.51));
#6155 = VECTOR('',#6156,1.);
#6156 = DIRECTION('',(6.080955516334E-05,-0.999999998151,0.));
#6157 = PLANE('',#6158);
#6158 = AXIS2_PLACEMENT_3D('',#6159,#6160,#6161);
#6159 = CARTESIAN_POINT('',(148.519436,-94.299436,1.51));
#6160 = DIRECTION('',(0.999999998151,6.080955516334E-05,-0.));
#6161 = DIRECTION('',(6.080955516334E-05,-0.999999998151,0.));
#6162 = ADVANCED_FACE('',(#6163),#6188,.T.);
#6163 = FACE_BOUND('',#6164,.T.);
#6164 = EDGE_LOOP('',(#6165,#6166,#6174,#6182));
#6165 = ORIENTED_EDGE('',*,*,#6144,.T.);
#6166 = ORIENTED_EDGE('',*,*,#6167,.T.);
#6167 = EDGE_CURVE('',#6137,#6168,#6170,.T.);
#6168 = VERTEX_POINT('',#6169);
#6169 = CARTESIAN_POINT('',(148.524,-99.084337,1.545));
#6170 = LINE('',#6171,#6172);
#6171 = CARTESIAN_POINT('',(148.519723,-99.019089,1.545));
#6172 = VECTOR('',#6173,1.);
#6173 = DIRECTION('',(6.540952705228E-02,-0.997858503883,0.));
#6174 = ORIENTED_EDGE('',*,*,#6175,.F.);
#6175 = EDGE_CURVE('',#6176,#6168,#6178,.T.);
#6176 = VERTEX_POINT('',#6177);
#6177 = CARTESIAN_POINT('',(148.524,-99.084337,1.51));
#6178 = LINE('',#6179,#6180);
#6179 = CARTESIAN_POINT('',(148.524,-99.084337,1.51));
#6180 = VECTOR('',#6181,1.);
#6181 = DIRECTION('',(0.,0.,1.));
#6182 = ORIENTED_EDGE('',*,*,#6183,.F.);
#6183 = EDGE_CURVE('',#6145,#6176,#6184,.T.);
#6184 = LINE('',#6185,#6186);
#6185 = CARTESIAN_POINT('',(148.519723,-99.019089,1.51));
#6186 = VECTOR('',#6187,1.);
#6187 = DIRECTION('',(6.540952705228E-02,-0.997858503883,0.));
#6188 = PLANE('',#6189);
#6189 = AXIS2_PLACEMENT_3D('',#6190,#6191,#6192);
#6190 = CARTESIAN_POINT('',(148.519723,-99.019089,1.51));
#6191 = DIRECTION('',(0.997858503883,6.540952705228E-02,-0.));
#6192 = DIRECTION('',(6.540952705228E-02,-0.997858503883,0.));
#6193 = ADVANCED_FACE('',(#6194),#6219,.T.);
#6194 = FACE_BOUND('',#6195,.T.);
#6195 = EDGE_LOOP('',(#6196,#6197,#6205,#6213));
#6196 = ORIENTED_EDGE('',*,*,#6175,.T.);
#6197 = ORIENTED_EDGE('',*,*,#6198,.T.);
#6198 = EDGE_CURVE('',#6168,#6199,#6201,.T.);
#6199 = VERTEX_POINT('',#6200);
#6200 = CARTESIAN_POINT('',(148.524,-99.82,1.545));
#6201 = LINE('',#6202,#6203);
#6202 = CARTESIAN_POINT('',(148.524,-99.084337,1.545));
#6203 = VECTOR('',#6204,1.);
#6204 = DIRECTION('',(0.,-1.,0.));
#6205 = ORIENTED_EDGE('',*,*,#6206,.F.);
#6206 = EDGE_CURVE('',#6207,#6199,#6209,.T.);
#6207 = VERTEX_POINT('',#6208);
#6208 = CARTESIAN_POINT('',(148.524,-99.82,1.51));
#6209 = LINE('',#6210,#6211);
#6210 = CARTESIAN_POINT('',(148.524,-99.82,1.51));
#6211 = VECTOR('',#6212,1.);
#6212 = DIRECTION('',(0.,0.,1.));
#6213 = ORIENTED_EDGE('',*,*,#6214,.F.);
#6214 = EDGE_CURVE('',#6176,#6207,#6215,.T.);
#6215 = LINE('',#6216,#6217);
#6216 = CARTESIAN_POINT('',(148.524,-99.084337,1.51));
#6217 = VECTOR('',#6218,1.);
#6218 = DIRECTION('',(0.,-1.,0.));
#6219 = PLANE('',#6220);
#6220 = AXIS2_PLACEMENT_3D('',#6221,#6222,#6223);
#6221 = CARTESIAN_POINT('',(148.524,-99.084337,1.51));
#6222 = DIRECTION('',(1.,0.,-0.));
#6223 = DIRECTION('',(0.,-1.,0.));
#6224 = ADVANCED_FACE('',(#6225),#6250,.T.);
#6225 = FACE_BOUND('',#6226,.T.);
#6226 = EDGE_LOOP('',(#6227,#6228,#6236,#6244));
#6227 = ORIENTED_EDGE('',*,*,#6206,.T.);
#6228 = ORIENTED_EDGE('',*,*,#6229,.T.);
#6229 = EDGE_CURVE('',#6199,#6230,#6232,.T.);
#6230 = VERTEX_POINT('',#6231);
#6231 = CARTESIAN_POINT('',(151.48,-99.82,1.545));
#6232 = LINE('',#6233,#6234);
#6233 = CARTESIAN_POINT('',(148.524,-99.82,1.545));
#6234 = VECTOR('',#6235,1.);
#6235 = DIRECTION('',(1.,0.,0.));
#6236 = ORIENTED_EDGE('',*,*,#6237,.F.);
#6237 = EDGE_CURVE('',#6238,#6230,#6240,.T.);
#6238 = VERTEX_POINT('',#6239);
#6239 = CARTESIAN_POINT('',(151.48,-99.82,1.51));
#6240 = LINE('',#6241,#6242);
#6241 = CARTESIAN_POINT('',(151.48,-99.82,1.51));
#6242 = VECTOR('',#6243,1.);
#6243 = DIRECTION('',(0.,0.,1.));
#6244 = ORIENTED_EDGE('',*,*,#6245,.F.);
#6245 = EDGE_CURVE('',#6207,#6238,#6246,.T.);
#6246 = LINE('',#6247,#6248);
#6247 = CARTESIAN_POINT('',(148.524,-99.82,1.51));
#6248 = VECTOR('',#6249,1.);
#6249 = DIRECTION('',(1.,0.,0.));
#6250 = PLANE('',#6251);
#6251 = AXIS2_PLACEMENT_3D('',#6252,#6253,#6254);
#6252 = CARTESIAN_POINT('',(148.524,-99.82,1.51));
#6253 = DIRECTION('',(0.,1.,0.));
#6254 = DIRECTION('',(1.,0.,0.));
#6255 = ADVANCED_FACE('',(#6256),#6283,.T.);
#6256 = FACE_BOUND('',#6257,.T.);
#6257 = EDGE_LOOP('',(#6258,#6259,#6268,#6276));
#6258 = ORIENTED_EDGE('',*,*,#6237,.T.);
#6259 = ORIENTED_EDGE('',*,*,#6260,.T.);
#6260 = EDGE_CURVE('',#6230,#6261,#6263,.T.);
#6261 = VERTEX_POINT('',#6262);
#6262 = CARTESIAN_POINT('',(151.48,-100.82,1.545));
#6263 = CIRCLE('',#6264,0.5);
#6264 = AXIS2_PLACEMENT_3D('',#6265,#6266,#6267);
#6265 = CARTESIAN_POINT('',(151.47999955666,-100.32,1.545));
#6266 = DIRECTION('',(0.,0.,-1.));
#6267 = DIRECTION('',(8.866804250825E-07,1.,0.));
#6268 = ORIENTED_EDGE('',*,*,#6269,.F.);
#6269 = EDGE_CURVE('',#6270,#6261,#6272,.T.);
#6270 = VERTEX_POINT('',#6271);
#6271 = CARTESIAN_POINT('',(151.48,-100.82,1.51));
#6272 = LINE('',#6273,#6274);
#6273 = CARTESIAN_POINT('',(151.48,-100.82,1.51));
#6274 = VECTOR('',#6275,1.);
#6275 = DIRECTION('',(0.,0.,1.));
#6276 = ORIENTED_EDGE('',*,*,#6277,.F.);
#6277 = EDGE_CURVE('',#6238,#6270,#6278,.T.);
#6278 = CIRCLE('',#6279,0.5);
#6279 = AXIS2_PLACEMENT_3D('',#6280,#6281,#6282);
#6280 = CARTESIAN_POINT('',(151.47999955666,-100.32,1.51));
#6281 = DIRECTION('',(0.,0.,-1.));
#6282 = DIRECTION('',(8.866804250825E-07,1.,0.));
#6283 = CYLINDRICAL_SURFACE('',#6284,0.5);
#6284 = AXIS2_PLACEMENT_3D('',#6285,#6286,#6287);
#6285 = CARTESIAN_POINT('',(151.47999955666,-100.32,1.51));
#6286 = DIRECTION('',(0.,0.,-1.));
#6287 = DIRECTION('',(8.866804250825E-07,1.,0.));
#6288 = ADVANCED_FACE('',(#6289),#6314,.T.);
#6289 = FACE_BOUND('',#6290,.T.);
#6290 = EDGE_LOOP('',(#6291,#6292,#6300,#6308));
#6291 = ORIENTED_EDGE('',*,*,#6269,.T.);
#6292 = ORIENTED_EDGE('',*,*,#6293,.T.);
#6293 = EDGE_CURVE('',#6261,#6294,#6296,.T.);
#6294 = VERTEX_POINT('',#6295);
#6295 = CARTESIAN_POINT('',(148.524,-100.82,1.545));
#6296 = LINE('',#6297,#6298);
#6297 = CARTESIAN_POINT('',(151.48,-100.82,1.545));
#6298 = VECTOR('',#6299,1.);
#6299 = DIRECTION('',(-1.,0.,0.));
#6300 = ORIENTED_EDGE('',*,*,#6301,.F.);
#6301 = EDGE_CURVE('',#6302,#6294,#6304,.T.);
#6302 = VERTEX_POINT('',#6303);
#6303 = CARTESIAN_POINT('',(148.524,-100.82,1.51));
#6304 = LINE('',#6305,#6306);
#6305 = CARTESIAN_POINT('',(148.524,-100.82,1.51));
#6306 = VECTOR('',#6307,1.);
#6307 = DIRECTION('',(0.,0.,1.));
#6308 = ORIENTED_EDGE('',*,*,#6309,.F.);
#6309 = EDGE_CURVE('',#6270,#6302,#6310,.T.);
#6310 = LINE('',#6311,#6312);
#6311 = CARTESIAN_POINT('',(151.48,-100.82,1.51));
#6312 = VECTOR('',#6313,1.);
#6313 = DIRECTION('',(-1.,0.,0.));
#6314 = PLANE('',#6315);
#6315 = AXIS2_PLACEMENT_3D('',#6316,#6317,#6318);
#6316 = CARTESIAN_POINT('',(151.48,-100.82,1.51));
#6317 = DIRECTION('',(0.,-1.,0.));
#6318 = DIRECTION('',(-1.,0.,0.));
#6319 = ADVANCED_FACE('',(#6320),#6345,.T.);
#6320 = FACE_BOUND('',#6321,.T.);
#6321 = EDGE_LOOP('',(#6322,#6323,#6331,#6339));
#6322 = ORIENTED_EDGE('',*,*,#6301,.T.);
#6323 = ORIENTED_EDGE('',*,*,#6324,.T.);
#6324 = EDGE_CURVE('',#6294,#6325,#6327,.T.);
#6325 = VERTEX_POINT('',#6326);
#6326 = CARTESIAN_POINT('',(148.524,-109.996,1.545));
#6327 = LINE('',#6328,#6329);
#6328 = CARTESIAN_POINT('',(148.524,-100.82,1.545));
#6329 = VECTOR('',#6330,1.);
#6330 = DIRECTION('',(0.,-1.,0.));
#6331 = ORIENTED_EDGE('',*,*,#6332,.F.);
#6332 = EDGE_CURVE('',#6333,#6325,#6335,.T.);
#6333 = VERTEX_POINT('',#6334);
#6334 = CARTESIAN_POINT('',(148.524,-109.996,1.51));
#6335 = LINE('',#6336,#6337);
#6336 = CARTESIAN_POINT('',(148.524,-109.996,1.51));
#6337 = VECTOR('',#6338,1.);
#6338 = DIRECTION('',(0.,0.,1.));
#6339 = ORIENTED_EDGE('',*,*,#6340,.F.);
#6340 = EDGE_CURVE('',#6302,#6333,#6341,.T.);
#6341 = LINE('',#6342,#6343);
#6342 = CARTESIAN_POINT('',(148.524,-100.82,1.51));
#6343 = VECTOR('',#6344,1.);
#6344 = DIRECTION('',(0.,-1.,0.));
#6345 = PLANE('',#6346);
#6346 = AXIS2_PLACEMENT_3D('',#6347,#6348,#6349);
#6347 = CARTESIAN_POINT('',(148.524,-100.82,1.51));
#6348 = DIRECTION('',(1.,0.,-0.));
#6349 = DIRECTION('',(0.,-1.,0.));
#6350 = ADVANCED_FACE('',(#6351),#6378,.T.);
#6351 = FACE_BOUND('',#6352,.T.);
#6352 = EDGE_LOOP('',(#6353,#6354,#6363,#6371));
#6353 = ORIENTED_EDGE('',*,*,#6332,.T.);
#6354 = ORIENTED_EDGE('',*,*,#6355,.T.);
#6355 = EDGE_CURVE('',#6325,#6356,#6358,.T.);
#6356 = VERTEX_POINT('',#6357);
#6357 = CARTESIAN_POINT('',(148.377553,-110.349553,1.545));
#6358 = CIRCLE('',#6359,0.499992432518);
#6359 = AXIS2_PLACEMENT_3D('',#6360,#6361,#6362);
#6360 = CARTESIAN_POINT('',(148.02400756748,-109.9960023533,1.545));
#6361 = DIRECTION('',(0.,0.,-1.));
#6362 = DIRECTION('',(0.999999999989,4.706832483379E-06,0.));
#6363 = ORIENTED_EDGE('',*,*,#6364,.F.);
#6364 = EDGE_CURVE('',#6365,#6356,#6367,.T.);
#6365 = VERTEX_POINT('',#6366);
#6366 = CARTESIAN_POINT('',(148.377553,-110.349553,1.51));
#6367 = LINE('',#6368,#6369);
#6368 = CARTESIAN_POINT('',(148.377553,-110.349553,1.51));
#6369 = VECTOR('',#6370,1.);
#6370 = DIRECTION('',(0.,0.,1.));
#6371 = ORIENTED_EDGE('',*,*,#6372,.F.);
#6372 = EDGE_CURVE('',#6333,#6365,#6373,.T.);
#6373 = CIRCLE('',#6374,0.499992432518);
#6374 = AXIS2_PLACEMENT_3D('',#6375,#6376,#6377);
#6375 = CARTESIAN_POINT('',(148.02400756748,-109.9960023533,1.51));
#6376 = DIRECTION('',(0.,0.,-1.));
#6377 = DIRECTION('',(0.999999999989,4.706832483379E-06,0.));
#6378 = CYLINDRICAL_SURFACE('',#6379,0.499992432518);
#6379 = AXIS2_PLACEMENT_3D('',#6380,#6381,#6382);
#6380 = CARTESIAN_POINT('',(148.02400756748,-109.9960023533,1.51));
#6381 = DIRECTION('',(0.,0.,-1.));
#6382 = DIRECTION('',(0.999999999989,4.706832483379E-06,0.));
#6383 = ADVANCED_FACE('',(#6384),#6409,.T.);
#6384 = FACE_BOUND('',#6385,.T.);
#6385 = EDGE_LOOP('',(#6386,#6387,#6395,#6403));
#6386 = ORIENTED_EDGE('',*,*,#6364,.T.);
#6387 = ORIENTED_EDGE('',*,*,#6388,.T.);
#6388 = EDGE_CURVE('',#6356,#6389,#6391,.T.);
#6389 = VERTEX_POINT('',#6390);
#6390 = CARTESIAN_POINT('',(147.572553,-111.154553,1.545));
#6391 = LINE('',#6392,#6393);
#6392 = CARTESIAN_POINT('',(148.377553,-110.349553,1.545));
#6393 = VECTOR('',#6394,1.);
#6394 = DIRECTION('',(-0.707106781187,-0.707106781187,0.));
#6395 = ORIENTED_EDGE('',*,*,#6396,.F.);
#6396 = EDGE_CURVE('',#6397,#6389,#6399,.T.);
#6397 = VERTEX_POINT('',#6398);
#6398 = CARTESIAN_POINT('',(147.572553,-111.154553,1.51));
#6399 = LINE('',#6400,#6401);
#6400 = CARTESIAN_POINT('',(147.572553,-111.154553,1.51));
#6401 = VECTOR('',#6402,1.);
#6402 = DIRECTION('',(0.,0.,1.));
#6403 = ORIENTED_EDGE('',*,*,#6404,.F.);
#6404 = EDGE_CURVE('',#6365,#6397,#6405,.T.);
#6405 = LINE('',#6406,#6407);
#6406 = CARTESIAN_POINT('',(148.377553,-110.349553,1.51));
#6407 = VECTOR('',#6408,1.);
#6408 = DIRECTION('',(-0.707106781187,-0.707106781187,0.));
#6409 = PLANE('',#6410);
#6410 = AXIS2_PLACEMENT_3D('',#6411,#6412,#6413);
#6411 = CARTESIAN_POINT('',(148.377553,-110.349553,1.51));
#6412 = DIRECTION('',(0.707106781187,-0.707106781187,0.));
#6413 = DIRECTION('',(-0.707106781187,-0.707106781187,0.));
#6414 = ADVANCED_FACE('',(#6415),#6442,.T.);
#6415 = FACE_BOUND('',#6416,.T.);
#6416 = EDGE_LOOP('',(#6417,#6418,#6427,#6435));
#6417 = ORIENTED_EDGE('',*,*,#6396,.T.);
#6418 = ORIENTED_EDGE('',*,*,#6419,.T.);
#6419 = EDGE_CURVE('',#6389,#6420,#6422,.T.);
#6420 = VERTEX_POINT('',#6421);
#6421 = CARTESIAN_POINT('',(147.219,-111.301,1.545));
#6422 = CIRCLE('',#6423,0.499992432518);
#6423 = AXIS2_PLACEMENT_3D('',#6424,#6425,#6426);
#6424 = CARTESIAN_POINT('',(147.21900235338,-110.8010075674,1.545));
#6425 = DIRECTION('',(0.,0.,-1.));
#6426 = DIRECTION('',(0.707111995353,-0.707101566982,0.));
#6427 = ORIENTED_EDGE('',*,*,#6428,.F.);
#6428 = EDGE_CURVE('',#6429,#6420,#6431,.T.);
#6429 = VERTEX_POINT('',#6430);
#6430 = CARTESIAN_POINT('',(147.219,-111.301,1.51));
#6431 = LINE('',#6432,#6433);
#6432 = CARTESIAN_POINT('',(147.219,-111.301,1.51));
#6433 = VECTOR('',#6434,1.);
#6434 = DIRECTION('',(0.,0.,1.));
#6435 = ORIENTED_EDGE('',*,*,#6436,.F.);
#6436 = EDGE_CURVE('',#6397,#6429,#6437,.T.);
#6437 = CIRCLE('',#6438,0.499992432518);
#6438 = AXIS2_PLACEMENT_3D('',#6439,#6440,#6441);
#6439 = CARTESIAN_POINT('',(147.21900235338,-110.8010075674,1.51));
#6440 = DIRECTION('',(0.,0.,-1.));
#6441 = DIRECTION('',(0.707111995353,-0.707101566982,0.));
#6442 = CYLINDRICAL_SURFACE('',#6443,0.499992432518);
#6443 = AXIS2_PLACEMENT_3D('',#6444,#6445,#6446);
#6444 = CARTESIAN_POINT('',(147.21900235338,-110.8010075674,1.51));
#6445 = DIRECTION('',(0.,0.,-1.));
#6446 = DIRECTION('',(0.707111995353,-0.707101566982,0.));
#6447 = ADVANCED_FACE('',(#6448),#6473,.T.);
#6448 = FACE_BOUND('',#6449,.T.);
#6449 = EDGE_LOOP('',(#6450,#6451,#6459,#6467));
#6450 = ORIENTED_EDGE('',*,*,#6428,.T.);
#6451 = ORIENTED_EDGE('',*,*,#6452,.T.);
#6452 = EDGE_CURVE('',#6420,#6453,#6455,.T.);
#6453 = VERTEX_POINT('',#6454);
#6454 = CARTESIAN_POINT('',(120.208066,-111.301,1.545));
#6455 = LINE('',#6456,#6457);
#6456 = CARTESIAN_POINT('',(147.219,-111.301,1.545));
#6457 = VECTOR('',#6458,1.);
#6458 = DIRECTION('',(-1.,0.,0.));
#6459 = ORIENTED_EDGE('',*,*,#6460,.F.);
#6460 = EDGE_CURVE('',#6461,#6453,#6463,.T.);
#6461 = VERTEX_POINT('',#6462);
#6462 = CARTESIAN_POINT('',(120.208066,-111.301,1.51));
#6463 = LINE('',#6464,#6465);
#6464 = CARTESIAN_POINT('',(120.208066,-111.301,1.51));
#6465 = VECTOR('',#6466,1.);
#6466 = DIRECTION('',(0.,0.,1.));
#6467 = ORIENTED_EDGE('',*,*,#6468,.F.);
#6468 = EDGE_CURVE('',#6429,#6461,#6469,.T.);
#6469 = LINE('',#6470,#6471);
#6470 = CARTESIAN_POINT('',(147.219,-111.301,1.51));
#6471 = VECTOR('',#6472,1.);
#6472 = DIRECTION('',(-1.,0.,0.));
#6473 = PLANE('',#6474);
#6474 = AXIS2_PLACEMENT_3D('',#6475,#6476,#6477);
#6475 = CARTESIAN_POINT('',(147.219,-111.301,1.51));
#6476 = DIRECTION('',(0.,-1.,0.));
#6477 = DIRECTION('',(-1.,0.,0.));
#6478 = ADVANCED_FACE('',(#6479),#6504,.T.);
#6479 = FACE_BOUND('',#6480,.T.);
#6480 = EDGE_LOOP('',(#6481,#6482,#6490,#6498));
#6481 = ORIENTED_EDGE('',*,*,#6460,.T.);
#6482 = ORIENTED_EDGE('',*,*,#6483,.T.);
#6483 = EDGE_CURVE('',#6453,#6484,#6486,.T.);
#6484 = VERTEX_POINT('',#6485);
#6485 = CARTESIAN_POINT('',(120.123263,-111.323723,1.545));
#6486 = LINE('',#6487,#6488);
#6487 = CARTESIAN_POINT('',(120.208066,-111.301,1.545));
#6488 = VECTOR('',#6489,1.);
#6489 = DIRECTION('',(-0.965925528336,-0.258820157074,0.));
#6490 = ORIENTED_EDGE('',*,*,#6491,.F.);
#6491 = EDGE_CURVE('',#6492,#6484,#6494,.T.);
#6492 = VERTEX_POINT('',#6493);
#6493 = CARTESIAN_POINT('',(120.123263,-111.323723,1.51));
#6494 = LINE('',#6495,#6496);
#6495 = CARTESIAN_POINT('',(120.123263,-111.323723,1.51));
#6496 = VECTOR('',#6497,1.);
#6497 = DIRECTION('',(0.,0.,1.));
#6498 = ORIENTED_EDGE('',*,*,#6499,.F.);
#6499 = EDGE_CURVE('',#6461,#6492,#6500,.T.);
#6500 = LINE('',#6501,#6502);
#6501 = CARTESIAN_POINT('',(120.208066,-111.301,1.51));
#6502 = VECTOR('',#6503,1.);
#6503 = DIRECTION('',(-0.965925528336,-0.258820157074,0.));
#6504 = PLANE('',#6505);
#6505 = AXIS2_PLACEMENT_3D('',#6506,#6507,#6508);
#6506 = CARTESIAN_POINT('',(120.208066,-111.301,1.51));
#6507 = DIRECTION('',(0.258820157074,-0.965925528336,0.));
#6508 = DIRECTION('',(-0.965925528336,-0.258820157074,0.));
#6509 = ADVANCED_FACE('',(#6510),#6537,.T.);
#6510 = FACE_BOUND('',#6511,.T.);
#6511 = EDGE_LOOP('',(#6512,#6513,#6522,#6530));
#6512 = ORIENTED_EDGE('',*,*,#6491,.T.);
#6513 = ORIENTED_EDGE('',*,*,#6514,.T.);
#6514 = EDGE_CURVE('',#6484,#6515,#6517,.T.);
#6515 = VERTEX_POINT('',#6516);
#6516 = CARTESIAN_POINT('',(119.75362,-111.224676,1.545));
#6517 = CIRCLE('',#6518,0.499992951815);
#6518 = AXIS2_PLACEMENT_3D('',#6519,#6520,#6521);
#6519 = CARTESIAN_POINT('',(120.058,-110.8280076656,1.545));
#6520 = DIRECTION('',(0.,0.,-1.));
#6521 = DIRECTION('',(0.130527839969,-0.991444644442,0.));
#6522 = ORIENTED_EDGE('',*,*,#6523,.F.);
#6523 = EDGE_CURVE('',#6524,#6515,#6526,.T.);
#6524 = VERTEX_POINT('',#6525);
#6525 = CARTESIAN_POINT('',(119.75362,-111.224676,1.51));
#6526 = LINE('',#6527,#6528);
#6527 = CARTESIAN_POINT('',(119.75362,-111.224676,1.51));
#6528 = VECTOR('',#6529,1.);
#6529 = DIRECTION('',(0.,0.,1.));
#6530 = ORIENTED_EDGE('',*,*,#6531,.F.);
#6531 = EDGE_CURVE('',#6492,#6524,#6532,.T.);
#6532 = CIRCLE('',#6533,0.499992951815);
#6533 = AXIS2_PLACEMENT_3D('',#6534,#6535,#6536);
#6534 = CARTESIAN_POINT('',(120.058,-110.8280076656,1.51));
#6535 = DIRECTION('',(0.,0.,-1.));
#6536 = DIRECTION('',(0.130527839969,-0.991444644442,0.));
#6537 = CYLINDRICAL_SURFACE('',#6538,0.499992951815);
#6538 = AXIS2_PLACEMENT_3D('',#6539,#6540,#6541);
#6539 = CARTESIAN_POINT('',(120.058,-110.8280076656,1.51));
#6540 = DIRECTION('',(0.,0.,-1.));
#6541 = DIRECTION('',(0.130527839969,-0.991444644442,0.));
#6542 = ADVANCED_FACE('',(#6543),#6568,.T.);
#6543 = FACE_BOUND('',#6544,.T.);
#6544 = EDGE_LOOP('',(#6545,#6546,#6554,#6562));
#6545 = ORIENTED_EDGE('',*,*,#6523,.T.);
#6546 = ORIENTED_EDGE('',*,*,#6547,.T.);
#6547 = EDGE_CURVE('',#6515,#6548,#6550,.T.);
#6548 = VERTEX_POINT('',#6549);
#6549 = CARTESIAN_POINT('',(119.677447,-111.154553,1.545));
#6550 = LINE('',#6551,#6552);
#6551 = CARTESIAN_POINT('',(119.75362,-111.224676,1.545));
#6552 = VECTOR('',#6553,1.);
#6553 = DIRECTION('',(-0.735719994674,0.67728582551,0.));
#6554 = ORIENTED_EDGE('',*,*,#6555,.F.);
#6555 = EDGE_CURVE('',#6556,#6548,#6558,.T.);
#6556 = VERTEX_POINT('',#6557);
#6557 = CARTESIAN_POINT('',(119.677447,-111.154553,1.51));
#6558 = LINE('',#6559,#6560);
#6559 = CARTESIAN_POINT('',(119.677447,-111.154553,1.51));
#6560 = VECTOR('',#6561,1.);
#6561 = DIRECTION('',(0.,0.,1.));
#6562 = ORIENTED_EDGE('',*,*,#6563,.F.);
#6563 = EDGE_CURVE('',#6524,#6556,#6564,.T.);
#6564 = LINE('',#6565,#6566);
#6565 = CARTESIAN_POINT('',(119.75362,-111.224676,1.51));
#6566 = VECTOR('',#6567,1.);
#6567 = DIRECTION('',(-0.735719994674,0.67728582551,0.));
#6568 = PLANE('',#6569);
#6569 = AXIS2_PLACEMENT_3D('',#6570,#6571,#6572);
#6570 = CARTESIAN_POINT('',(119.75362,-111.224676,1.51));
#6571 = DIRECTION('',(-0.67728582551,-0.735719994674,0.));
#6572 = DIRECTION('',(-0.735719994674,0.67728582551,0.));
#6573 = ADVANCED_FACE('',(#6574),#6601,.T.);
#6574 = FACE_BOUND('',#6575,.T.);
#6575 = EDGE_LOOP('',(#6576,#6577,#6586,#6594));
#6576 = ORIENTED_EDGE('',*,*,#6555,.T.);
#6577 = ORIENTED_EDGE('',*,*,#6578,.T.);
#6578 = EDGE_CURVE('',#6548,#6579,#6581,.T.);
#6579 = VERTEX_POINT('',#6580);
#6580 = CARTESIAN_POINT('',(120.031,-110.301,1.545));
#6581 = CIRCLE('',#6582,0.499999351393);
#6582 = AXIS2_PLACEMENT_3D('',#6583,#6584,#6585);
#6583 = CARTESIAN_POINT('',(120.03099921531,-110.8009993513,1.545));
#6584 = DIRECTION('',(0.,0.,-1.));
#6585 = DIRECTION('',(-0.707105347886,-0.707108214484,-0.));
#6586 = ORIENTED_EDGE('',*,*,#6587,.F.);
#6587 = EDGE_CURVE('',#6588,#6579,#6590,.T.);
#6588 = VERTEX_POINT('',#6589);
#6589 = CARTESIAN_POINT('',(120.031,-110.301,1.51));
#6590 = LINE('',#6591,#6592);
#6591 = CARTESIAN_POINT('',(120.031,-110.301,1.51));
#6592 = VECTOR('',#6593,1.);
#6593 = DIRECTION('',(0.,0.,1.));
#6594 = ORIENTED_EDGE('',*,*,#6595,.F.);
#6595 = EDGE_CURVE('',#6556,#6588,#6596,.T.);
#6596 = CIRCLE('',#6597,0.499999351393);
#6597 = AXIS2_PLACEMENT_3D('',#6598,#6599,#6600);
#6598 = CARTESIAN_POINT('',(120.03099921531,-110.8009993513,1.51));
#6599 = DIRECTION('',(0.,0.,-1.));
#6600 = DIRECTION('',(-0.707105347886,-0.707108214484,-0.));
#6601 = CYLINDRICAL_SURFACE('',#6602,0.499999351393);
#6602 = AXIS2_PLACEMENT_3D('',#6603,#6604,#6605);
#6603 = CARTESIAN_POINT('',(120.03099921531,-110.8009993513,1.51));
#6604 = DIRECTION('',(0.,0.,-1.));
#6605 = DIRECTION('',(-0.707105347886,-0.707108214484,-0.));
#6606 = ADVANCED_FACE('',(#6607),#6632,.T.);
#6607 = FACE_BOUND('',#6608,.T.);
#6608 = EDGE_LOOP('',(#6609,#6610,#6618,#6626));
#6609 = ORIENTED_EDGE('',*,*,#6587,.T.);
#6610 = ORIENTED_EDGE('',*,*,#6611,.T.);
#6611 = EDGE_CURVE('',#6579,#6612,#6614,.T.);
#6612 = VERTEX_POINT('',#6613);
#6613 = CARTESIAN_POINT('',(147.011894,-110.301,1.545));
#6614 = LINE('',#6615,#6616);
#6615 = CARTESIAN_POINT('',(120.031,-110.301,1.545));
#6616 = VECTOR('',#6617,1.);
#6617 = DIRECTION('',(1.,0.,0.));
#6618 = ORIENTED_EDGE('',*,*,#6619,.F.);
#6619 = EDGE_CURVE('',#6620,#6612,#6622,.T.);
#6620 = VERTEX_POINT('',#6621);
#6621 = CARTESIAN_POINT('',(147.011894,-110.301,1.51));
#6622 = LINE('',#6623,#6624);
#6623 = CARTESIAN_POINT('',(147.011894,-110.301,1.51));
#6624 = VECTOR('',#6625,1.);
#6625 = DIRECTION('',(0.,0.,1.));
#6626 = ORIENTED_EDGE('',*,*,#6627,.F.);
#6627 = EDGE_CURVE('',#6588,#6620,#6628,.T.);
#6628 = LINE('',#6629,#6630);
#6629 = CARTESIAN_POINT('',(120.031,-110.301,1.51));
#6630 = VECTOR('',#6631,1.);
#6631 = DIRECTION('',(1.,0.,0.));
#6632 = PLANE('',#6633);
#6633 = AXIS2_PLACEMENT_3D('',#6634,#6635,#6636);
#6634 = CARTESIAN_POINT('',(120.031,-110.301,1.51));
#6635 = DIRECTION('',(0.,1.,0.));
#6636 = DIRECTION('',(1.,0.,0.));
#6637 = ADVANCED_FACE('',(#6638),#6663,.T.);
#6638 = FACE_BOUND('',#6639,.T.);
#6639 = EDGE_LOOP('',(#6640,#6641,#6649,#6657));
#6640 = ORIENTED_EDGE('',*,*,#6619,.T.);
#6641 = ORIENTED_EDGE('',*,*,#6642,.T.);
#6642 = EDGE_CURVE('',#6612,#6643,#6645,.T.);
#6643 = VERTEX_POINT('',#6644);
#6644 = CARTESIAN_POINT('',(147.524,-109.788894,1.545));
#6645 = LINE('',#6646,#6647);
#6646 = CARTESIAN_POINT('',(147.011894,-110.301,1.545));
#6647 = VECTOR('',#6648,1.);
#6648 = DIRECTION('',(0.707106781187,0.707106781187,0.));
#6649 = ORIENTED_EDGE('',*,*,#6650,.F.);
#6650 = EDGE_CURVE('',#6651,#6643,#6653,.T.);
#6651 = VERTEX_POINT('',#6652);
#6652 = CARTESIAN_POINT('',(147.524,-109.788894,1.51));
#6653 = LINE('',#6654,#6655);
#6654 = CARTESIAN_POINT('',(147.524,-109.788894,1.51));
#6655 = VECTOR('',#6656,1.);
#6656 = DIRECTION('',(0.,0.,1.));
#6657 = ORIENTED_EDGE('',*,*,#6658,.F.);
#6658 = EDGE_CURVE('',#6620,#6651,#6659,.T.);
#6659 = LINE('',#6660,#6661);
#6660 = CARTESIAN_POINT('',(147.011894,-110.301,1.51));
#6661 = VECTOR('',#6662,1.);
#6662 = DIRECTION('',(0.707106781187,0.707106781187,0.));
#6663 = PLANE('',#6664);
#6664 = AXIS2_PLACEMENT_3D('',#6665,#6666,#6667);
#6665 = CARTESIAN_POINT('',(147.011894,-110.301,1.51));
#6666 = DIRECTION('',(-0.707106781187,0.707106781187,0.));
#6667 = DIRECTION('',(0.707106781187,0.707106781187,0.));
#6668 = ADVANCED_FACE('',(#6669),#6694,.T.);
#6669 = FACE_BOUND('',#6670,.T.);
#6670 = EDGE_LOOP('',(#6671,#6672,#6680,#6688));
#6671 = ORIENTED_EDGE('',*,*,#6650,.T.);
#6672 = ORIENTED_EDGE('',*,*,#6673,.T.);
#6673 = EDGE_CURVE('',#6643,#6674,#6676,.T.);
#6674 = VERTEX_POINT('',#6675);
#6675 = CARTESIAN_POINT('',(147.524,-107.899,1.545));
#6676 = LINE('',#6677,#6678);
#6677 = CARTESIAN_POINT('',(147.524,-109.788894,1.545));
#6678 = VECTOR('',#6679,1.);
#6679 = DIRECTION('',(0.,1.,0.));
#6680 = ORIENTED_EDGE('',*,*,#6681,.F.);
#6681 = EDGE_CURVE('',#6682,#6674,#6684,.T.);
#6682 = VERTEX_POINT('',#6683);
#6683 = CARTESIAN_POINT('',(147.524,-107.899,1.51));
#6684 = LINE('',#6685,#6686);
#6685 = CARTESIAN_POINT('',(147.524,-107.899,1.51));
#6686 = VECTOR('',#6687,1.);
#6687 = DIRECTION('',(0.,0.,1.));
#6688 = ORIENTED_EDGE('',*,*,#6689,.F.);
#6689 = EDGE_CURVE('',#6651,#6682,#6690,.T.);
#6690 = LINE('',#6691,#6692);
#6691 = CARTESIAN_POINT('',(147.524,-109.788894,1.51));
#6692 = VECTOR('',#6693,1.);
#6693 = DIRECTION('',(0.,1.,0.));
#6694 = PLANE('',#6695);
#6695 = AXIS2_PLACEMENT_3D('',#6696,#6697,#6698);
#6696 = CARTESIAN_POINT('',(147.524,-109.788894,1.51));
#6697 = DIRECTION('',(-1.,0.,0.));
#6698 = DIRECTION('',(0.,1.,0.));
#6699 = ADVANCED_FACE('',(#6700),#6725,.T.);
#6700 = FACE_BOUND('',#6701,.T.);
#6701 = EDGE_LOOP('',(#6702,#6703,#6711,#6719));
#6702 = ORIENTED_EDGE('',*,*,#6681,.T.);
#6703 = ORIENTED_EDGE('',*,*,#6704,.T.);
#6704 = EDGE_CURVE('',#6674,#6705,#6707,.T.);
#6705 = VERTEX_POINT('',#6706);
#6706 = CARTESIAN_POINT('',(120.038,-107.899,1.545));
#6707 = LINE('',#6708,#6709);
#6708 = CARTESIAN_POINT('',(147.524,-107.899,1.545));
#6709 = VECTOR('',#6710,1.);
#6710 = DIRECTION('',(-1.,0.,0.));
#6711 = ORIENTED_EDGE('',*,*,#6712,.F.);
#6712 = EDGE_CURVE('',#6713,#6705,#6715,.T.);
#6713 = VERTEX_POINT('',#6714);
#6714 = CARTESIAN_POINT('',(120.038,-107.899,1.51));
#6715 = LINE('',#6716,#6717);
#6716 = CARTESIAN_POINT('',(120.038,-107.899,1.51));
#6717 = VECTOR('',#6718,1.);
#6718 = DIRECTION('',(0.,0.,1.));
#6719 = ORIENTED_EDGE('',*,*,#6720,.F.);
#6720 = EDGE_CURVE('',#6682,#6713,#6721,.T.);
#6721 = LINE('',#6722,#6723);
#6722 = CARTESIAN_POINT('',(147.524,-107.899,1.51));
#6723 = VECTOR('',#6724,1.);
#6724 = DIRECTION('',(-1.,0.,0.));
#6725 = PLANE('',#6726);
#6726 = AXIS2_PLACEMENT_3D('',#6727,#6728,#6729);
#6727 = CARTESIAN_POINT('',(147.524,-107.899,1.51));
#6728 = DIRECTION('',(0.,-1.,0.));
#6729 = DIRECTION('',(-1.,0.,0.));
#6730 = ADVANCED_FACE('',(#6731),#6758,.T.);
#6731 = FACE_BOUND('',#6732,.T.);
#6732 = EDGE_LOOP('',(#6733,#6734,#6743,#6751));
#6733 = ORIENTED_EDGE('',*,*,#6712,.T.);
#6734 = ORIENTED_EDGE('',*,*,#6735,.T.);
#6735 = EDGE_CURVE('',#6705,#6736,#6738,.T.);
#6736 = VERTEX_POINT('',#6737);
#6737 = CARTESIAN_POINT('',(119.677447,-107.745553,1.545));
#6738 = CIRCLE('',#6739,0.500592434451);
#6739 = AXIS2_PLACEMENT_3D('',#6740,#6741,#6742);
#6740 = CARTESIAN_POINT('',(120.03811699079,-107.3984075792,1.545));
#6741 = DIRECTION('',(0.,0.,-1.));
#6742 = DIRECTION('',(-2.337046827918E-04,-0.999999972691,-0.));
#6743 = ORIENTED_EDGE('',*,*,#6744,.F.);
#6744 = EDGE_CURVE('',#6745,#6736,#6747,.T.);
#6745 = VERTEX_POINT('',#6746);
#6746 = CARTESIAN_POINT('',(119.677447,-107.745553,1.51));
#6747 = LINE('',#6748,#6749);
#6748 = CARTESIAN_POINT('',(119.677447,-107.745553,1.51));
#6749 = VECTOR('',#6750,1.);
#6750 = DIRECTION('',(0.,0.,1.));
#6751 = ORIENTED_EDGE('',*,*,#6752,.F.);
#6752 = EDGE_CURVE('',#6713,#6745,#6753,.T.);
#6753 = CIRCLE('',#6754,0.500592434451);
#6754 = AXIS2_PLACEMENT_3D('',#6755,#6756,#6757);
#6755 = CARTESIAN_POINT('',(120.03811699079,-107.3984075792,1.51));
#6756 = DIRECTION('',(0.,0.,-1.));
#6757 = DIRECTION('',(-2.337046827918E-04,-0.999999972691,-0.));
#6758 = CYLINDRICAL_SURFACE('',#6759,0.500592434451);
#6759 = AXIS2_PLACEMENT_3D('',#6760,#6761,#6762);
#6760 = CARTESIAN_POINT('',(120.03811699079,-107.3984075792,1.51));
#6761 = DIRECTION('',(0.,0.,-1.));
#6762 = DIRECTION('',(-2.337046827918E-04,-0.999999972691,-0.));
#6763 = ADVANCED_FACE('',(#6764),#6789,.T.);
#6764 = FACE_BOUND('',#6765,.T.);
#6765 = EDGE_LOOP('',(#6766,#6767,#6775,#6783));
#6766 = ORIENTED_EDGE('',*,*,#6744,.T.);
#6767 = ORIENTED_EDGE('',*,*,#6768,.T.);
#6768 = EDGE_CURVE('',#6736,#6769,#6771,.T.);
#6769 = VERTEX_POINT('',#6770);
#6770 = CARTESIAN_POINT('',(119.634324,-107.69638,1.545));
#6771 = LINE('',#6772,#6773);
#6772 = CARTESIAN_POINT('',(119.677447,-107.745553,1.545));
#6773 = VECTOR('',#6774,1.);
#6774 = DIRECTION('',(-0.659340943908,0.751844079372,0.));
#6775 = ORIENTED_EDGE('',*,*,#6776,.F.);
#6776 = EDGE_CURVE('',#6777,#6769,#6779,.T.);
#6777 = VERTEX_POINT('',#6778);
#6778 = CARTESIAN_POINT('',(119.634324,-107.69638,1.51));
#6779 = LINE('',#6780,#6781);
#6780 = CARTESIAN_POINT('',(119.634324,-107.69638,1.51));
#6781 = VECTOR('',#6782,1.);
#6782 = DIRECTION('',(0.,0.,1.));
#6783 = ORIENTED_EDGE('',*,*,#6784,.F.);
#6784 = EDGE_CURVE('',#6745,#6777,#6785,.T.);
#6785 = LINE('',#6786,#6787);
#6786 = CARTESIAN_POINT('',(119.677447,-107.745553,1.51));
#6787 = VECTOR('',#6788,1.);
#6788 = DIRECTION('',(-0.659340943908,0.751844079372,0.));
#6789 = PLANE('',#6790);
#6790 = AXIS2_PLACEMENT_3D('',#6791,#6792,#6793);
#6791 = CARTESIAN_POINT('',(119.677447,-107.745553,1.51));
#6792 = DIRECTION('',(-0.751844079372,-0.659340943908,0.));
#6793 = DIRECTION('',(-0.659340943908,0.751844079372,0.));
#6794 = ADVANCED_FACE('',(#6795),#6822,.T.);
#6795 = FACE_BOUND('',#6796,.T.);
#6796 = EDGE_LOOP('',(#6797,#6798,#6807,#6815));
#6797 = ORIENTED_EDGE('',*,*,#6776,.T.);
#6798 = ORIENTED_EDGE('',*,*,#6799,.T.);
#6799 = EDGE_CURVE('',#6769,#6800,#6802,.T.);
#6800 = VERTEX_POINT('',#6801);
#6801 = CARTESIAN_POINT('',(119.965737,-106.896277,1.545));
#6802 = CIRCLE('',#6803,0.49999926071);
#6803 = AXIS2_PLACEMENT_3D('',#6804,#6805,#6806);
#6804 = CARTESIAN_POINT('',(120.03099935263,-107.3919987828,1.545));
#6805 = DIRECTION('',(0.,0.,-1.));
#6806 = DIRECTION('',(-0.793351878299,-0.608763334309,-0.));
#6807 = ORIENTED_EDGE('',*,*,#6808,.F.);
#6808 = EDGE_CURVE('',#6809,#6800,#6811,.T.);
#6809 = VERTEX_POINT('',#6810);
#6810 = CARTESIAN_POINT('',(119.965737,-106.896277,1.51));
#6811 = LINE('',#6812,#6813);
#6812 = CARTESIAN_POINT('',(119.965737,-106.896277,1.51));
#6813 = VECTOR('',#6814,1.);
#6814 = DIRECTION('',(0.,0.,1.));
#6815 = ORIENTED_EDGE('',*,*,#6816,.F.);
#6816 = EDGE_CURVE('',#6777,#6809,#6817,.T.);
#6817 = CIRCLE('',#6818,0.49999926071);
#6818 = AXIS2_PLACEMENT_3D('',#6819,#6820,#6821);
#6819 = CARTESIAN_POINT('',(120.03099935263,-107.3919987828,1.51));
#6820 = DIRECTION('',(0.,0.,-1.));
#6821 = DIRECTION('',(-0.793351878299,-0.608763334309,-0.));
#6822 = CYLINDRICAL_SURFACE('',#6823,0.49999926071);
#6823 = AXIS2_PLACEMENT_3D('',#6824,#6825,#6826);
#6824 = CARTESIAN_POINT('',(120.03099935263,-107.3919987828,1.51));
#6825 = DIRECTION('',(0.,0.,-1.));
#6826 = DIRECTION('',(-0.793351878299,-0.608763334309,-0.));
#6827 = ADVANCED_FACE('',(#6828),#6853,.T.);
#6828 = FACE_BOUND('',#6829,.T.);
#6829 = EDGE_LOOP('',(#6830,#6831,#6839,#6847));
#6830 = ORIENTED_EDGE('',*,*,#6808,.T.);
#6831 = ORIENTED_EDGE('',*,*,#6832,.T.);
#6832 = EDGE_CURVE('',#6800,#6833,#6835,.T.);
#6833 = VERTEX_POINT('',#6834);
#6834 = CARTESIAN_POINT('',(147.524,-106.899,1.545));
#6835 = LINE('',#6836,#6837);
#6836 = CARTESIAN_POINT('',(119.965737,-106.896277,1.545));
#6837 = VECTOR('',#6838,1.);
#6838 = DIRECTION('',(0.999999995118,-9.880883953791E-05,0.));
#6839 = ORIENTED_EDGE('',*,*,#6840,.F.);
#6840 = EDGE_CURVE('',#6841,#6833,#6843,.T.);
#6841 = VERTEX_POINT('',#6842);
#6842 = CARTESIAN_POINT('',(147.524,-106.899,1.51));
#6843 = LINE('',#6844,#6845);
#6844 = CARTESIAN_POINT('',(147.524,-106.899,1.51));
#6845 = VECTOR('',#6846,1.);
#6846 = DIRECTION('',(0.,0.,1.));
#6847 = ORIENTED_EDGE('',*,*,#6848,.F.);
#6848 = EDGE_CURVE('',#6809,#6841,#6849,.T.);
#6849 = LINE('',#6850,#6851);
#6850 = CARTESIAN_POINT('',(119.965737,-106.896277,1.51));
#6851 = VECTOR('',#6852,1.);
#6852 = DIRECTION('',(0.999999995118,-9.880883953791E-05,0.));
#6853 = PLANE('',#6854);
#6854 = AXIS2_PLACEMENT_3D('',#6855,#6856,#6857);
#6855 = CARTESIAN_POINT('',(119.965737,-106.896277,1.51));
#6856 = DIRECTION('',(9.880883953791E-05,0.999999995118,-0.));
#6857 = DIRECTION('',(0.999999995118,-9.880883953791E-05,0.));
#6858 = ADVANCED_FACE('',(#6859),#6884,.T.);
#6859 = FACE_BOUND('',#6860,.T.);
#6860 = EDGE_LOOP('',(#6861,#6862,#6870,#6878));
#6861 = ORIENTED_EDGE('',*,*,#6840,.T.);
#6862 = ORIENTED_EDGE('',*,*,#6863,.T.);
#6863 = EDGE_CURVE('',#6833,#6864,#6866,.T.);
#6864 = VERTEX_POINT('',#6865);
#6865 = CARTESIAN_POINT('',(147.524,-104.49,1.545));
#6866 = LINE('',#6867,#6868);
#6867 = CARTESIAN_POINT('',(147.524,-106.899,1.545));
#6868 = VECTOR('',#6869,1.);
#6869 = DIRECTION('',(0.,1.,0.));
#6870 = ORIENTED_EDGE('',*,*,#6871,.F.);
#6871 = EDGE_CURVE('',#6872,#6864,#6874,.T.);
#6872 = VERTEX_POINT('',#6873);
#6873 = CARTESIAN_POINT('',(147.524,-104.49,1.51));
#6874 = LINE('',#6875,#6876);
#6875 = CARTESIAN_POINT('',(147.524,-104.49,1.51));
#6876 = VECTOR('',#6877,1.);
#6877 = DIRECTION('',(0.,0.,1.));
#6878 = ORIENTED_EDGE('',*,*,#6879,.F.);
#6879 = EDGE_CURVE('',#6841,#6872,#6880,.T.);
#6880 = LINE('',#6881,#6882);
#6881 = CARTESIAN_POINT('',(147.524,-106.899,1.51));
#6882 = VECTOR('',#6883,1.);
#6883 = DIRECTION('',(0.,1.,0.));
#6884 = PLANE('',#6885);
#6885 = AXIS2_PLACEMENT_3D('',#6886,#6887,#6888);
#6886 = CARTESIAN_POINT('',(147.524,-106.899,1.51));
#6887 = DIRECTION('',(-1.,0.,0.));
#6888 = DIRECTION('',(0.,1.,0.));
#6889 = ADVANCED_FACE('',(#6890),#6915,.T.);
#6890 = FACE_BOUND('',#6891,.T.);
#6891 = EDGE_LOOP('',(#6892,#6893,#6901,#6909));
#6892 = ORIENTED_EDGE('',*,*,#6871,.T.);
#6893 = ORIENTED_EDGE('',*,*,#6894,.T.);
#6894 = EDGE_CURVE('',#6864,#6895,#6897,.T.);
#6895 = VERTEX_POINT('',#6896);
#6896 = CARTESIAN_POINT('',(120.031,-104.49,1.545));
#6897 = LINE('',#6898,#6899);
#6898 = CARTESIAN_POINT('',(147.524,-104.49,1.545));
#6899 = VECTOR('',#6900,1.);
#6900 = DIRECTION('',(-1.,0.,0.));
#6901 = ORIENTED_EDGE('',*,*,#6902,.F.);
#6902 = EDGE_CURVE('',#6903,#6895,#6905,.T.);
#6903 = VERTEX_POINT('',#6904);
#6904 = CARTESIAN_POINT('',(120.031,-104.49,1.51));
#6905 = LINE('',#6906,#6907);
#6906 = CARTESIAN_POINT('',(120.031,-104.49,1.51));
#6907 = VECTOR('',#6908,1.);
#6908 = DIRECTION('',(0.,0.,1.));
#6909 = ORIENTED_EDGE('',*,*,#6910,.F.);
#6910 = EDGE_CURVE('',#6872,#6903,#6911,.T.);
#6911 = LINE('',#6912,#6913);
#6912 = CARTESIAN_POINT('',(147.524,-104.49,1.51));
#6913 = VECTOR('',#6914,1.);
#6914 = DIRECTION('',(-1.,0.,0.));
#6915 = PLANE('',#6916);
#6916 = AXIS2_PLACEMENT_3D('',#6917,#6918,#6919);
#6917 = CARTESIAN_POINT('',(147.524,-104.49,1.51));
#6918 = DIRECTION('',(0.,-1.,0.));
#6919 = DIRECTION('',(-1.,0.,0.));
#6920 = ADVANCED_FACE('',(#6921),#6948,.T.);
#6921 = FACE_BOUND('',#6922,.T.);
#6922 = EDGE_LOOP('',(#6923,#6924,#6933,#6941));
#6923 = ORIENTED_EDGE('',*,*,#6902,.T.);
#6924 = ORIENTED_EDGE('',*,*,#6925,.T.);
#6925 = EDGE_CURVE('',#6895,#6926,#6928,.T.);
#6926 = VERTEX_POINT('',#6927);
#6927 = CARTESIAN_POINT('',(120.031,-103.49,1.545));
#6928 = CIRCLE('',#6929,0.5);
#6929 = AXIS2_PLACEMENT_3D('',#6930,#6931,#6932);
#6930 = CARTESIAN_POINT('',(120.03100044334,-103.99,1.545));
#6931 = DIRECTION('',(0.,0.,-1.));
#6932 = DIRECTION('',(-8.866804250825E-07,-1.,-0.));
#6933 = ORIENTED_EDGE('',*,*,#6934,.F.);
#6934 = EDGE_CURVE('',#6935,#6926,#6937,.T.);
#6935 = VERTEX_POINT('',#6936);
#6936 = CARTESIAN_POINT('',(120.031,-103.49,1.51));
#6937 = LINE('',#6938,#6939);
#6938 = CARTESIAN_POINT('',(120.031,-103.49,1.51));
#6939 = VECTOR('',#6940,1.);
#6940 = DIRECTION('',(0.,0.,1.));
#6941 = ORIENTED_EDGE('',*,*,#6942,.F.);
#6942 = EDGE_CURVE('',#6903,#6935,#6943,.T.);
#6943 = CIRCLE('',#6944,0.5);
#6944 = AXIS2_PLACEMENT_3D('',#6945,#6946,#6947);
#6945 = CARTESIAN_POINT('',(120.03100044334,-103.99,1.51));
#6946 = DIRECTION('',(0.,0.,-1.));
#6947 = DIRECTION('',(-8.866804250825E-07,-1.,-0.));
#6948 = CYLINDRICAL_SURFACE('',#6949,0.5);
#6949 = AXIS2_PLACEMENT_3D('',#6950,#6951,#6952);
#6950 = CARTESIAN_POINT('',(120.03100044334,-103.99,1.51));
#6951 = DIRECTION('',(0.,0.,-1.));
#6952 = DIRECTION('',(-8.866804250825E-07,-1.,-0.));
#6953 = ADVANCED_FACE('',(#6954),#6979,.T.);
#6954 = FACE_BOUND('',#6955,.T.);
#6955 = EDGE_LOOP('',(#6956,#6957,#6965,#6973));
#6956 = ORIENTED_EDGE('',*,*,#6934,.T.);
#6957 = ORIENTED_EDGE('',*,*,#6958,.T.);
#6958 = EDGE_CURVE('',#6926,#6959,#6961,.T.);
#6959 = VERTEX_POINT('',#6960);
#6960 = CARTESIAN_POINT('',(147.524,-103.49,1.545));
#6961 = LINE('',#6962,#6963);
#6962 = CARTESIAN_POINT('',(120.031,-103.49,1.545));
#6963 = VECTOR('',#6964,1.);
#6964 = DIRECTION('',(1.,0.,0.));
#6965 = ORIENTED_EDGE('',*,*,#6966,.F.);
#6966 = EDGE_CURVE('',#6967,#6959,#6969,.T.);
#6967 = VERTEX_POINT('',#6968);
#6968 = CARTESIAN_POINT('',(147.524,-103.49,1.51));
#6969 = LINE('',#6970,#6971);
#6970 = CARTESIAN_POINT('',(147.524,-103.49,1.51));
#6971 = VECTOR('',#6972,1.);
#6972 = DIRECTION('',(0.,0.,1.));
#6973 = ORIENTED_EDGE('',*,*,#6974,.F.);
#6974 = EDGE_CURVE('',#6935,#6967,#6975,.T.);
#6975 = LINE('',#6976,#6977);
#6976 = CARTESIAN_POINT('',(120.031,-103.49,1.51));
#6977 = VECTOR('',#6978,1.);
#6978 = DIRECTION('',(1.,0.,0.));
#6979 = PLANE('',#6980);
#6980 = AXIS2_PLACEMENT_3D('',#6981,#6982,#6983);
#6981 = CARTESIAN_POINT('',(120.031,-103.49,1.51));
#6982 = DIRECTION('',(0.,1.,0.));
#6983 = DIRECTION('',(1.,0.,0.));
#6984 = ADVANCED_FACE('',(#6985),#7010,.T.);
#6985 = FACE_BOUND('',#6986,.T.);
#6986 = EDGE_LOOP('',(#6987,#6988,#6996,#7004));
#6987 = ORIENTED_EDGE('',*,*,#6966,.T.);
#6988 = ORIENTED_EDGE('',*,*,#6989,.T.);
#6989 = EDGE_CURVE('',#6959,#6990,#6992,.T.);
#6990 = VERTEX_POINT('',#6991);
#6991 = CARTESIAN_POINT('',(147.524,-101.088,1.545));
#6992 = LINE('',#6993,#6994);
#6993 = CARTESIAN_POINT('',(147.524,-103.49,1.545));
#6994 = VECTOR('',#6995,1.);
#6995 = DIRECTION('',(0.,1.,0.));
#6996 = ORIENTED_EDGE('',*,*,#6997,.F.);
#6997 = EDGE_CURVE('',#6998,#6990,#7000,.T.);
#6998 = VERTEX_POINT('',#6999);
#6999 = CARTESIAN_POINT('',(147.524,-101.088,1.51));
#7000 = LINE('',#7001,#7002);
#7001 = CARTESIAN_POINT('',(147.524,-101.088,1.51));
#7002 = VECTOR('',#7003,1.);
#7003 = DIRECTION('',(0.,0.,1.));
#7004 = ORIENTED_EDGE('',*,*,#7005,.F.);
#7005 = EDGE_CURVE('',#6967,#6998,#7006,.T.);
#7006 = LINE('',#7007,#7008);
#7007 = CARTESIAN_POINT('',(147.524,-103.49,1.51));
#7008 = VECTOR('',#7009,1.);
#7009 = DIRECTION('',(0.,1.,0.));
#7010 = PLANE('',#7011);
#7011 = AXIS2_PLACEMENT_3D('',#7012,#7013,#7014);
#7012 = CARTESIAN_POINT('',(147.524,-103.49,1.51));
#7013 = DIRECTION('',(-1.,0.,0.));
#7014 = DIRECTION('',(0.,1.,0.));
#7015 = ADVANCED_FACE('',(#7016),#7041,.T.);
#7016 = FACE_BOUND('',#7017,.T.);
#7017 = EDGE_LOOP('',(#7018,#7019,#7027,#7035));
#7018 = ORIENTED_EDGE('',*,*,#6997,.T.);
#7019 = ORIENTED_EDGE('',*,*,#7020,.T.);
#7020 = EDGE_CURVE('',#6990,#7021,#7023,.T.);
#7021 = VERTEX_POINT('',#7022);
#7022 = CARTESIAN_POINT('',(120.092549,-101.088,1.545));
#7023 = LINE('',#7024,#7025);
#7024 = CARTESIAN_POINT('',(147.524,-101.088,1.545));
#7025 = VECTOR('',#7026,1.);
#7026 = DIRECTION('',(-1.,0.,0.));
#7027 = ORIENTED_EDGE('',*,*,#7028,.F.);
#7028 = EDGE_CURVE('',#7029,#7021,#7031,.T.);
#7029 = VERTEX_POINT('',#7030);
#7030 = CARTESIAN_POINT('',(120.092549,-101.088,1.51));
#7031 = LINE('',#7032,#7033);
#7032 = CARTESIAN_POINT('',(120.092549,-101.088,1.51));
#7033 = VECTOR('',#7034,1.);
#7034 = DIRECTION('',(0.,0.,1.));
#7035 = ORIENTED_EDGE('',*,*,#7036,.F.);
#7036 = EDGE_CURVE('',#6998,#7029,#7037,.T.);
#7037 = LINE('',#7038,#7039);
#7038 = CARTESIAN_POINT('',(147.524,-101.088,1.51));
#7039 = VECTOR('',#7040,1.);
#7040 = DIRECTION('',(-1.,0.,0.));
#7041 = PLANE('',#7042);
#7042 = AXIS2_PLACEMENT_3D('',#7043,#7044,#7045);
#7043 = CARTESIAN_POINT('',(147.524,-101.088,1.51));
#7044 = DIRECTION('',(0.,-1.,0.));
#7045 = DIRECTION('',(-1.,0.,0.));
#7046 = ADVANCED_FACE('',(#7047),#7074,.T.);
#7047 = FACE_BOUND('',#7048,.T.);
#7048 = EDGE_LOOP('',(#7049,#7050,#7059,#7067));
#7049 = ORIENTED_EDGE('',*,*,#7028,.T.);
#7050 = ORIENTED_EDGE('',*,*,#7051,.T.);
#7051 = EDGE_CURVE('',#7021,#7052,#7054,.T.);
#7052 = VERTEX_POINT('',#7053);
#7053 = CARTESIAN_POINT('',(120.092549,-100.088,1.545));
#7054 = CIRCLE('',#7055,0.5);
#7055 = AXIS2_PLACEMENT_3D('',#7056,#7057,#7058);
#7056 = CARTESIAN_POINT('',(120.09254944334,-100.588,1.545));
#7057 = DIRECTION('',(0.,0.,-1.));
#7058 = DIRECTION('',(-8.866804250825E-07,-1.,-0.));
#7059 = ORIENTED_EDGE('',*,*,#7060,.F.);
#7060 = EDGE_CURVE('',#7061,#7052,#7063,.T.);
#7061 = VERTEX_POINT('',#7062);
#7062 = CARTESIAN_POINT('',(120.092549,-100.088,1.51));
#7063 = LINE('',#7064,#7065);
#7064 = CARTESIAN_POINT('',(120.092549,-100.088,1.51));
#7065 = VECTOR('',#7066,1.);
#7066 = DIRECTION('',(0.,0.,1.));
#7067 = ORIENTED_EDGE('',*,*,#7068,.F.);
#7068 = EDGE_CURVE('',#7029,#7061,#7069,.T.);
#7069 = CIRCLE('',#7070,0.5);
#7070 = AXIS2_PLACEMENT_3D('',#7071,#7072,#7073);
#7071 = CARTESIAN_POINT('',(120.09254944334,-100.588,1.51));
#7072 = DIRECTION('',(0.,0.,-1.));
#7073 = DIRECTION('',(-8.866804250825E-07,-1.,-0.));
#7074 = CYLINDRICAL_SURFACE('',#7075,0.5);
#7075 = AXIS2_PLACEMENT_3D('',#7076,#7077,#7078);
#7076 = CARTESIAN_POINT('',(120.09254944334,-100.588,1.51));
#7077 = DIRECTION('',(0.,0.,-1.));
#7078 = DIRECTION('',(-8.866804250825E-07,-1.,-0.));
#7079 = ADVANCED_FACE('',(#7080),#7105,.T.);
#7080 = FACE_BOUND('',#7081,.T.);
#7081 = EDGE_LOOP('',(#7082,#7083,#7091,#7099));
#7082 = ORIENTED_EDGE('',*,*,#7060,.T.);
#7083 = ORIENTED_EDGE('',*,*,#7084,.T.);
#7084 = EDGE_CURVE('',#7052,#7085,#7087,.T.);
#7085 = VERTEX_POINT('',#7086);
#7086 = CARTESIAN_POINT('',(147.524,-100.088,1.545));
#7087 = LINE('',#7088,#7089);
#7088 = CARTESIAN_POINT('',(120.092549,-100.088,1.545));
#7089 = VECTOR('',#7090,1.);
#7090 = DIRECTION('',(1.,0.,0.));
#7091 = ORIENTED_EDGE('',*,*,#7092,.F.);
#7092 = EDGE_CURVE('',#7093,#7085,#7095,.T.);
#7093 = VERTEX_POINT('',#7094);
#7094 = CARTESIAN_POINT('',(147.524,-100.088,1.51));
#7095 = LINE('',#7096,#7097);
#7096 = CARTESIAN_POINT('',(147.524,-100.088,1.51));
#7097 = VECTOR('',#7098,1.);
#7098 = DIRECTION('',(0.,0.,1.));
#7099 = ORIENTED_EDGE('',*,*,#7100,.F.);
#7100 = EDGE_CURVE('',#7061,#7093,#7101,.T.);
#7101 = LINE('',#7102,#7103);
#7102 = CARTESIAN_POINT('',(120.092549,-100.088,1.51));
#7103 = VECTOR('',#7104,1.);
#7104 = DIRECTION('',(1.,0.,0.));
#7105 = PLANE('',#7106);
#7106 = AXIS2_PLACEMENT_3D('',#7107,#7108,#7109);
#7107 = CARTESIAN_POINT('',(120.092549,-100.088,1.51));
#7108 = DIRECTION('',(0.,1.,0.));
#7109 = DIRECTION('',(1.,0.,0.));
#7110 = ADVANCED_FACE('',(#7111),#7136,.T.);
#7111 = FACE_BOUND('',#7112,.T.);
#7112 = EDGE_LOOP('',(#7113,#7114,#7122,#7130));
#7113 = ORIENTED_EDGE('',*,*,#7092,.T.);
#7114 = ORIENTED_EDGE('',*,*,#7115,.T.);
#7115 = EDGE_CURVE('',#7085,#7116,#7118,.T.);
#7116 = VERTEX_POINT('',#7117);
#7117 = CARTESIAN_POINT('',(147.523713,-99.768998,1.545));
#7118 = LINE('',#7119,#7120);
#7119 = CARTESIAN_POINT('',(147.524,-100.088,1.545));
#7120 = VECTOR('',#7121,1.);
#7121 = DIRECTION('',(-8.996805156765E-04,0.999999595287,0.));
#7122 = ORIENTED_EDGE('',*,*,#7123,.F.);
#7123 = EDGE_CURVE('',#7124,#7116,#7126,.T.);
#7124 = VERTEX_POINT('',#7125);
#7125 = CARTESIAN_POINT('',(147.523713,-99.768998,1.51));
#7126 = LINE('',#7127,#7128);
#7127 = CARTESIAN_POINT('',(147.523713,-99.768998,1.51));
#7128 = VECTOR('',#7129,1.);
#7129 = DIRECTION('',(0.,0.,1.));
#7130 = ORIENTED_EDGE('',*,*,#7131,.F.);
#7131 = EDGE_CURVE('',#7093,#7124,#7132,.T.);
#7132 = LINE('',#7133,#7134);
#7133 = CARTESIAN_POINT('',(147.524,-100.088,1.51));
#7134 = VECTOR('',#7135,1.);
#7135 = DIRECTION('',(-8.996805156765E-04,0.999999595287,0.));
#7136 = PLANE('',#7137);
#7137 = AXIS2_PLACEMENT_3D('',#7138,#7139,#7140);
#7138 = CARTESIAN_POINT('',(147.524,-100.088,1.51));
#7139 = DIRECTION('',(-0.999999595287,-8.996805156765E-04,0.));
#7140 = DIRECTION('',(-8.996805156765E-04,0.999999595287,0.));
#7141 = ADVANCED_FACE('',(#7142),#7167,.T.);
#7142 = FACE_BOUND('',#7143,.T.);
#7143 = EDGE_LOOP('',(#7144,#7145,#7153,#7161));
#7144 = ORIENTED_EDGE('',*,*,#7123,.T.);
#7145 = ORIENTED_EDGE('',*,*,#7146,.T.);
#7146 = EDGE_CURVE('',#7116,#7147,#7149,.T.);
#7147 = VERTEX_POINT('',#7148);
#7148 = CARTESIAN_POINT('',(147.519436,-99.703751,1.545));
#7149 = LINE('',#7150,#7151);
#7150 = CARTESIAN_POINT('',(147.523713,-99.768998,1.545));
#7151 = VECTOR('',#7152,1.);
#7152 = DIRECTION('',(-6.541052525364E-02,0.99785843845,0.));
#7153 = ORIENTED_EDGE('',*,*,#7154,.F.);
#7154 = EDGE_CURVE('',#7155,#7147,#7157,.T.);
#7155 = VERTEX_POINT('',#7156);
#7156 = CARTESIAN_POINT('',(147.519436,-99.703751,1.51));
#7157 = LINE('',#7158,#7159);
#7158 = CARTESIAN_POINT('',(147.519436,-99.703751,1.51));
#7159 = VECTOR('',#7160,1.);
#7160 = DIRECTION('',(0.,0.,1.));
#7161 = ORIENTED_EDGE('',*,*,#7162,.F.);
#7162 = EDGE_CURVE('',#7124,#7155,#7163,.T.);
#7163 = LINE('',#7164,#7165);
#7164 = CARTESIAN_POINT('',(147.523713,-99.768998,1.51));
#7165 = VECTOR('',#7166,1.);
#7166 = DIRECTION('',(-6.541052525364E-02,0.99785843845,0.));
#7167 = PLANE('',#7168);
#7168 = AXIS2_PLACEMENT_3D('',#7169,#7170,#7171);
#7169 = CARTESIAN_POINT('',(147.523713,-99.768998,1.51));
#7170 = DIRECTION('',(-0.99785843845,-6.541052525364E-02,0.));
#7171 = DIRECTION('',(-6.541052525364E-02,0.99785843845,0.));
#7172 = ADVANCED_FACE('',(#7173),#7198,.T.);
#7173 = FACE_BOUND('',#7174,.T.);
#7174 = EDGE_LOOP('',(#7175,#7176,#7184,#7192));
#7175 = ORIENTED_EDGE('',*,*,#7154,.T.);
#7176 = ORIENTED_EDGE('',*,*,#7177,.T.);
#7177 = EDGE_CURVE('',#7147,#7178,#7180,.T.);
#7178 = VERTEX_POINT('',#7179);
#7179 = CARTESIAN_POINT('',(147.519436,-97.624451,1.545));
#7180 = LINE('',#7181,#7182);
#7181 = CARTESIAN_POINT('',(147.519436,-99.703751,1.545));
#7182 = VECTOR('',#7183,1.);
#7183 = DIRECTION('',(0.,1.,0.));
#7184 = ORIENTED_EDGE('',*,*,#7185,.F.);
#7185 = EDGE_CURVE('',#7186,#7178,#7188,.T.);
#7186 = VERTEX_POINT('',#7187);
#7187 = CARTESIAN_POINT('',(147.519436,-97.624451,1.51));
#7188 = LINE('',#7189,#7190);
#7189 = CARTESIAN_POINT('',(147.519436,-97.624451,1.51));
#7190 = VECTOR('',#7191,1.);
#7191 = DIRECTION('',(0.,0.,1.));
#7192 = ORIENTED_EDGE('',*,*,#7193,.F.);
#7193 = EDGE_CURVE('',#7155,#7186,#7194,.T.);
#7194 = LINE('',#7195,#7196);
#7195 = CARTESIAN_POINT('',(147.519436,-99.703751,1.51));
#7196 = VECTOR('',#7197,1.);
#7197 = DIRECTION('',(0.,1.,0.));
#7198 = PLANE('',#7199);
#7199 = AXIS2_PLACEMENT_3D('',#7200,#7201,#7202);
#7200 = CARTESIAN_POINT('',(147.519436,-99.703751,1.51));
#7201 = DIRECTION('',(-1.,0.,0.));
#7202 = DIRECTION('',(0.,1.,0.));
#7203 = ADVANCED_FACE('',(#7204),#7229,.T.);
#7204 = FACE_BOUND('',#7205,.T.);
#7205 = EDGE_LOOP('',(#7206,#7207,#7215,#7223));
#7206 = ORIENTED_EDGE('',*,*,#7185,.T.);
#7207 = ORIENTED_EDGE('',*,*,#7208,.T.);
#7208 = EDGE_CURVE('',#7178,#7209,#7211,.T.);
#7209 = VERTEX_POINT('',#7210);
#7210 = CARTESIAN_POINT('',(120.031,-97.624451,1.545));
#7211 = LINE('',#7212,#7213);
#7212 = CARTESIAN_POINT('',(147.519436,-97.624451,1.545));
#7213 = VECTOR('',#7214,1.);
#7214 = DIRECTION('',(-1.,0.,0.));
#7215 = ORIENTED_EDGE('',*,*,#7216,.F.);
#7216 = EDGE_CURVE('',#7217,#7209,#7219,.T.);
#7217 = VERTEX_POINT('',#7218);
#7218 = CARTESIAN_POINT('',(120.031,-97.624451,1.51));
#7219 = LINE('',#7220,#7221);
#7220 = CARTESIAN_POINT('',(120.031,-97.624451,1.51));
#7221 = VECTOR('',#7222,1.);
#7222 = DIRECTION('',(0.,0.,1.));
#7223 = ORIENTED_EDGE('',*,*,#7224,.F.);
#7224 = EDGE_CURVE('',#7186,#7217,#7225,.T.);
#7225 = LINE('',#7226,#7227);
#7226 = CARTESIAN_POINT('',(147.519436,-97.624451,1.51));
#7227 = VECTOR('',#7228,1.);
#7228 = DIRECTION('',(-1.,0.,0.));
#7229 = PLANE('',#7230);
#7230 = AXIS2_PLACEMENT_3D('',#7231,#7232,#7233);
#7231 = CARTESIAN_POINT('',(147.519436,-97.624451,1.51));
#7232 = DIRECTION('',(0.,-1.,0.));
#7233 = DIRECTION('',(-1.,0.,0.));
#7234 = ADVANCED_FACE('',(#7235),#7262,.T.);
#7235 = FACE_BOUND('',#7236,.T.);
#7236 = EDGE_LOOP('',(#7237,#7238,#7247,#7255));
#7237 = ORIENTED_EDGE('',*,*,#7216,.T.);
#7238 = ORIENTED_EDGE('',*,*,#7239,.T.);
#7239 = EDGE_CURVE('',#7209,#7240,#7242,.T.);
#7240 = VERTEX_POINT('',#7241);
#7241 = CARTESIAN_POINT('',(120.031,-96.624451,1.545));
#7242 = CIRCLE('',#7243,0.5);
#7243 = AXIS2_PLACEMENT_3D('',#7244,#7245,#7246);
#7244 = CARTESIAN_POINT('',(120.03100044334,-97.124451,1.545));
#7245 = DIRECTION('',(0.,0.,-1.));
#7246 = DIRECTION('',(-8.866804250825E-07,-1.,-0.));
#7247 = ORIENTED_EDGE('',*,*,#7248,.F.);
#7248 = EDGE_CURVE('',#7249,#7240,#7251,.T.);
#7249 = VERTEX_POINT('',#7250);
#7250 = CARTESIAN_POINT('',(120.031,-96.624451,1.51));
#7251 = LINE('',#7252,#7253);
#7252 = CARTESIAN_POINT('',(120.031,-96.624451,1.51));
#7253 = VECTOR('',#7254,1.);
#7254 = DIRECTION('',(0.,0.,1.));
#7255 = ORIENTED_EDGE('',*,*,#7256,.F.);
#7256 = EDGE_CURVE('',#7217,#7249,#7257,.T.);
#7257 = CIRCLE('',#7258,0.5);
#7258 = AXIS2_PLACEMENT_3D('',#7259,#7260,#7261);
#7259 = CARTESIAN_POINT('',(120.03100044334,-97.124451,1.51));
#7260 = DIRECTION('',(0.,0.,-1.));
#7261 = DIRECTION('',(-8.866804250825E-07,-1.,-0.));
#7262 = CYLINDRICAL_SURFACE('',#7263,0.5);
#7263 = AXIS2_PLACEMENT_3D('',#7264,#7265,#7266);
#7264 = CARTESIAN_POINT('',(120.03100044334,-97.124451,1.51));
#7265 = DIRECTION('',(0.,0.,-1.));
#7266 = DIRECTION('',(-8.866804250825E-07,-1.,-0.));
#7267 = ADVANCED_FACE('',(#7268),#7293,.T.);
#7268 = FACE_BOUND('',#7269,.T.);
#7269 = EDGE_LOOP('',(#7270,#7271,#7279,#7287));
#7270 = ORIENTED_EDGE('',*,*,#7248,.T.);
#7271 = ORIENTED_EDGE('',*,*,#7272,.T.);
#7272 = EDGE_CURVE('',#7240,#7273,#7275,.T.);
#7273 = VERTEX_POINT('',#7274);
#7274 = CARTESIAN_POINT('',(147.519436,-96.624451,1.545));
#7275 = LINE('',#7276,#7277);
#7276 = CARTESIAN_POINT('',(120.031,-96.624451,1.545));
#7277 = VECTOR('',#7278,1.);
#7278 = DIRECTION('',(1.,0.,0.));
#7279 = ORIENTED_EDGE('',*,*,#7280,.F.);
#7280 = EDGE_CURVE('',#7281,#7273,#7283,.T.);
#7281 = VERTEX_POINT('',#7282);
#7282 = CARTESIAN_POINT('',(147.519436,-96.624451,1.51));
#7283 = LINE('',#7284,#7285);
#7284 = CARTESIAN_POINT('',(147.519436,-96.624451,1.51));
#7285 = VECTOR('',#7286,1.);
#7286 = DIRECTION('',(0.,0.,1.));
#7287 = ORIENTED_EDGE('',*,*,#7288,.F.);
#7288 = EDGE_CURVE('',#7249,#7281,#7289,.T.);
#7289 = LINE('',#7290,#7291);
#7290 = CARTESIAN_POINT('',(120.031,-96.624451,1.51));
#7291 = VECTOR('',#7292,1.);
#7292 = DIRECTION('',(1.,0.,0.));
#7293 = PLANE('',#7294);
#7294 = AXIS2_PLACEMENT_3D('',#7295,#7296,#7297);
#7295 = CARTESIAN_POINT('',(120.031,-96.624451,1.51));
#7296 = DIRECTION('',(0.,1.,0.));
#7297 = DIRECTION('',(1.,0.,0.));
#7298 = ADVANCED_FACE('',(#7299),#7324,.T.);
#7299 = FACE_BOUND('',#7300,.T.);
#7300 = EDGE_LOOP('',(#7301,#7302,#7310,#7318));
#7301 = ORIENTED_EDGE('',*,*,#7280,.T.);
#7302 = ORIENTED_EDGE('',*,*,#7303,.T.);
#7303 = EDGE_CURVE('',#7273,#7304,#7306,.T.);
#7304 = VERTEX_POINT('',#7305);
#7305 = CARTESIAN_POINT('',(147.519436,-94.506542,1.545));
#7306 = LINE('',#7307,#7308);
#7307 = CARTESIAN_POINT('',(147.519436,-96.624451,1.545));
#7308 = VECTOR('',#7309,1.);
#7309 = DIRECTION('',(0.,1.,0.));
#7310 = ORIENTED_EDGE('',*,*,#7311,.F.);
#7311 = EDGE_CURVE('',#7312,#7304,#7314,.T.);
#7312 = VERTEX_POINT('',#7313);
#7313 = CARTESIAN_POINT('',(147.519436,-94.506542,1.51));
#7314 = LINE('',#7315,#7316);
#7315 = CARTESIAN_POINT('',(147.519436,-94.506542,1.51));
#7316 = VECTOR('',#7317,1.);
#7317 = DIRECTION('',(0.,0.,1.));
#7318 = ORIENTED_EDGE('',*,*,#7319,.F.);
#7319 = EDGE_CURVE('',#7281,#7312,#7320,.T.);
#7320 = LINE('',#7321,#7322);
#7321 = CARTESIAN_POINT('',(147.519436,-96.624451,1.51));
#7322 = VECTOR('',#7323,1.);
#7323 = DIRECTION('',(0.,1.,0.));
#7324 = PLANE('',#7325);
#7325 = AXIS2_PLACEMENT_3D('',#7326,#7327,#7328);
#7326 = CARTESIAN_POINT('',(147.519436,-96.624451,1.51));
#7327 = DIRECTION('',(-1.,0.,0.));
#7328 = DIRECTION('',(0.,1.,0.));
#7329 = ADVANCED_FACE('',(#7330),#7355,.T.);
#7330 = FACE_BOUND('',#7331,.T.);
#7331 = EDGE_LOOP('',(#7332,#7333,#7341,#7349));
#7332 = ORIENTED_EDGE('',*,*,#7311,.T.);
#7333 = ORIENTED_EDGE('',*,*,#7334,.T.);
#7334 = EDGE_CURVE('',#7304,#7335,#7337,.T.);
#7335 = VERTEX_POINT('',#7336);
#7336 = CARTESIAN_POINT('',(147.235345,-94.222451,1.545));
#7337 = LINE('',#7338,#7339);
#7338 = CARTESIAN_POINT('',(147.519436,-94.506542,1.545));
#7339 = VECTOR('',#7340,1.);
#7340 = DIRECTION('',(-0.707106781187,0.707106781187,0.));
#7341 = ORIENTED_EDGE('',*,*,#7342,.F.);
#7342 = EDGE_CURVE('',#7343,#7335,#7345,.T.);
#7343 = VERTEX_POINT('',#7344);
#7344 = CARTESIAN_POINT('',(147.235345,-94.222451,1.51));
#7345 = LINE('',#7346,#7347);
#7346 = CARTESIAN_POINT('',(147.235345,-94.222451,1.51));
#7347 = VECTOR('',#7348,1.);
#7348 = DIRECTION('',(0.,0.,1.));
#7349 = ORIENTED_EDGE('',*,*,#7350,.F.);
#7350 = EDGE_CURVE('',#7312,#7343,#7351,.T.);
#7351 = LINE('',#7352,#7353);
#7352 = CARTESIAN_POINT('',(147.519436,-94.506542,1.51));
#7353 = VECTOR('',#7354,1.);
#7354 = DIRECTION('',(-0.707106781187,0.707106781187,0.));
#7355 = PLANE('',#7356);
#7356 = AXIS2_PLACEMENT_3D('',#7357,#7358,#7359);
#7357 = CARTESIAN_POINT('',(147.519436,-94.506542,1.51));
#7358 = DIRECTION('',(-0.707106781187,-0.707106781187,0.));
#7359 = DIRECTION('',(-0.707106781187,0.707106781187,0.));
#7360 = ADVANCED_FACE('',(#7361),#7386,.T.);
#7361 = FACE_BOUND('',#7362,.T.);
#7362 = EDGE_LOOP('',(#7363,#7364,#7372,#7380));
#7363 = ORIENTED_EDGE('',*,*,#7342,.T.);
#7364 = ORIENTED_EDGE('',*,*,#7365,.T.);
#7365 = EDGE_CURVE('',#7335,#7366,#7368,.T.);
#7366 = VERTEX_POINT('',#7367);
#7367 = CARTESIAN_POINT('',(120.040061,-94.222451,1.545));
#7368 = LINE('',#7369,#7370);
#7369 = CARTESIAN_POINT('',(147.235345,-94.222451,1.545));
#7370 = VECTOR('',#7371,1.);
#7371 = DIRECTION('',(-1.,0.,0.));
#7372 = ORIENTED_EDGE('',*,*,#7373,.F.);
#7373 = EDGE_CURVE('',#7374,#7366,#7376,.T.);
#7374 = VERTEX_POINT('',#7375);
#7375 = CARTESIAN_POINT('',(120.040061,-94.222451,1.51));
#7376 = LINE('',#7377,#7378);
#7377 = CARTESIAN_POINT('',(120.040061,-94.222451,1.51));
#7378 = VECTOR('',#7379,1.);
#7379 = DIRECTION('',(0.,0.,1.));
#7380 = ORIENTED_EDGE('',*,*,#7381,.F.);
#7381 = EDGE_CURVE('',#7343,#7374,#7382,.T.);
#7382 = LINE('',#7383,#7384);
#7383 = CARTESIAN_POINT('',(147.235345,-94.222451,1.51));
#7384 = VECTOR('',#7385,1.);
#7385 = DIRECTION('',(-1.,0.,0.));
#7386 = PLANE('',#7387);
#7387 = AXIS2_PLACEMENT_3D('',#7388,#7389,#7390);
#7388 = CARTESIAN_POINT('',(147.235345,-94.222451,1.51));
#7389 = DIRECTION('',(0.,-1.,0.));
#7390 = DIRECTION('',(-1.,0.,0.));
#7391 = ADVANCED_FACE('',(#7392),#7419,.T.);
#7392 = FACE_BOUND('',#7393,.T.);
#7393 = EDGE_LOOP('',(#7394,#7395,#7404,#7412));
#7394 = ORIENTED_EDGE('',*,*,#7373,.T.);
#7395 = ORIENTED_EDGE('',*,*,#7396,.T.);
#7396 = EDGE_CURVE('',#7366,#7397,#7399,.T.);
#7397 = VERTEX_POINT('',#7398);
#7398 = CARTESIAN_POINT('',(119.576901,-93.912573,1.545));
#7399 = CIRCLE('',#7400,0.502180156085);
#7400 = AXIS2_PLACEMENT_3D('',#7401,#7402,#7403);
#7401 = CARTESIAN_POINT('',(120.04080293006,-93.72027139198,1.545));
#7402 = DIRECTION('',(0.,0.,-1.));
#7403 = DIRECTION('',(-1.477418131095E-03,-0.999998908617,-0.));
#7404 = ORIENTED_EDGE('',*,*,#7405,.F.);
#7405 = EDGE_CURVE('',#7406,#7397,#7408,.T.);
#7406 = VERTEX_POINT('',#7407);
#7407 = CARTESIAN_POINT('',(119.576901,-93.912573,1.51));
#7408 = LINE('',#7409,#7410);
#7409 = CARTESIAN_POINT('',(119.576901,-93.912573,1.51));
#7410 = VECTOR('',#7411,1.);
#7411 = DIRECTION('',(0.,0.,1.));
#7412 = ORIENTED_EDGE('',*,*,#7413,.F.);
#7413 = EDGE_CURVE('',#7374,#7406,#7414,.T.);
#7414 = CIRCLE('',#7415,0.502180156085);
#7415 = AXIS2_PLACEMENT_3D('',#7416,#7417,#7418);
#7416 = CARTESIAN_POINT('',(120.04080293006,-93.72027139198,1.51));
#7417 = DIRECTION('',(0.,0.,-1.));
#7418 = DIRECTION('',(-1.477418131095E-03,-0.999998908617,-0.));
#7419 = CYLINDRICAL_SURFACE('',#7420,0.502180156085);
#7420 = AXIS2_PLACEMENT_3D('',#7421,#7422,#7423);
#7421 = CARTESIAN_POINT('',(120.04080293006,-93.72027139198,1.51));
#7422 = DIRECTION('',(0.,0.,-1.));
#7423 = DIRECTION('',(-1.477418131095E-03,-0.999998908617,-0.));
#7424 = ADVANCED_FACE('',(#7425),#7441,.T.);
#7425 = FACE_BOUND('',#7426,.T.);
#7426 = EDGE_LOOP('',(#7427,#7428,#7434,#7435));
#7427 = ORIENTED_EDGE('',*,*,#7405,.T.);
#7428 = ORIENTED_EDGE('',*,*,#7429,.T.);
#7429 = EDGE_CURVE('',#7397,#5937,#7430,.T.);
#7430 = LINE('',#7431,#7432);
#7431 = CARTESIAN_POINT('',(119.576901,-93.912573,1.545));
#7432 = VECTOR('',#7433,1.);
#7433 = DIRECTION('',(-0.258820716087,0.965925378549,0.));
#7434 = ORIENTED_EDGE('',*,*,#5934,.F.);
#7435 = ORIENTED_EDGE('',*,*,#7436,.F.);
#7436 = EDGE_CURVE('',#7406,#5935,#7437,.T.);
#7437 = LINE('',#7438,#7439);
#7438 = CARTESIAN_POINT('',(119.576901,-93.912573,1.51));
#7439 = VECTOR('',#7440,1.);
#7440 = DIRECTION('',(-0.258820716087,0.965925378549,0.));
#7441 = PLANE('',#7442);
#7442 = AXIS2_PLACEMENT_3D('',#7443,#7444,#7445);
#7443 = CARTESIAN_POINT('',(119.576901,-93.912573,1.51));
#7444 = DIRECTION('',(-0.965925378549,-0.258820716087,0.));
#7445 = DIRECTION('',(-0.258820716087,0.965925378549,0.));
#7446 = ADVANCED_FACE('',(#7447),#7474,.F.);
#7447 = FACE_BOUND('',#7448,.T.);
#7448 = EDGE_LOOP('',(#7449,#7459,#7466,#7467));
#7449 = ORIENTED_EDGE('',*,*,#7450,.T.);
#7450 = EDGE_CURVE('',#7451,#7453,#7455,.T.);
#7451 = VERTEX_POINT('',#7452);
#7452 = CARTESIAN_POINT('',(151.867392,-100.32,1.51));
#7453 = VERTEX_POINT('',#7454);
#7454 = CARTESIAN_POINT('',(151.867392,-100.32,1.545));
#7455 = LINE('',#7456,#7457);
#7456 = CARTESIAN_POINT('',(151.867392,-100.32,1.51));
#7457 = VECTOR('',#7458,1.);
#7458 = DIRECTION('',(0.,0.,1.));
#7459 = ORIENTED_EDGE('',*,*,#7460,.T.);
#7460 = EDGE_CURVE('',#7453,#7453,#7461,.T.);
#7461 = CIRCLE('',#7462,0.387392);
#7462 = AXIS2_PLACEMENT_3D('',#7463,#7464,#7465);
#7463 = CARTESIAN_POINT('',(151.48,-100.32,1.545));
#7464 = DIRECTION('',(0.,0.,1.));
#7465 = DIRECTION('',(1.,0.,-0.));
#7466 = ORIENTED_EDGE('',*,*,#7450,.F.);
#7467 = ORIENTED_EDGE('',*,*,#7468,.F.);
#7468 = EDGE_CURVE('',#7451,#7451,#7469,.T.);
#7469 = CIRCLE('',#7470,0.387392);
#7470 = AXIS2_PLACEMENT_3D('',#7471,#7472,#7473);
#7471 = CARTESIAN_POINT('',(151.48,-100.32,1.51));
#7472 = DIRECTION('',(0.,0.,1.));
#7473 = DIRECTION('',(1.,0.,-0.));
#7474 = CYLINDRICAL_SURFACE('',#7475,0.387392);
#7475 = AXIS2_PLACEMENT_3D('',#7476,#7477,#7478);
#7476 = CARTESIAN_POINT('',(151.48,-100.32,1.51));
#7477 = DIRECTION('',(-0.,-0.,-1.));
#7478 = DIRECTION('',(1.,0.,-0.));
#7479 = ADVANCED_FACE('',(#7480,#7530),#7533,.F.);
#7480 = FACE_BOUND('',#7481,.T.);
#7481 = EDGE_LOOP('',(#7482,#7483,#7484,#7485,#7486,#7487,#7488,#7489,
    #7490,#7491,#7492,#7493,#7494,#7495,#7496,#7497,#7498,#7499,#7500,
    #7501,#7502,#7503,#7504,#7505,#7506,#7507,#7508,#7509,#7510,#7511,
    #7512,#7513,#7514,#7515,#7516,#7517,#7518,#7519,#7520,#7521,#7522,
    #7523,#7524,#7525,#7526,#7527,#7528,#7529));
#7482 = ORIENTED_EDGE('',*,*,#5961,.T.);
#7483 = ORIENTED_EDGE('',*,*,#5993,.T.);
#7484 = ORIENTED_EDGE('',*,*,#6024,.T.);
#7485 = ORIENTED_EDGE('',*,*,#6056,.T.);
#7486 = ORIENTED_EDGE('',*,*,#6088,.T.);
#7487 = ORIENTED_EDGE('',*,*,#6120,.T.);
#7488 = ORIENTED_EDGE('',*,*,#6152,.T.);
#7489 = ORIENTED_EDGE('',*,*,#6183,.T.);
#7490 = ORIENTED_EDGE('',*,*,#6214,.T.);
#7491 = ORIENTED_EDGE('',*,*,#6245,.T.);
#7492 = ORIENTED_EDGE('',*,*,#6277,.T.);
#7493 = ORIENTED_EDGE('',*,*,#6309,.T.);
#7494 = ORIENTED_EDGE('',*,*,#6340,.T.);
#7495 = ORIENTED_EDGE('',*,*,#6372,.T.);
#7496 = ORIENTED_EDGE('',*,*,#6404,.T.);
#7497 = ORIENTED_EDGE('',*,*,#6436,.T.);
#7498 = ORIENTED_EDGE('',*,*,#6468,.T.);
#7499 = ORIENTED_EDGE('',*,*,#6499,.T.);
#7500 = ORIENTED_EDGE('',*,*,#6531,.T.);
#7501 = ORIENTED_EDGE('',*,*,#6563,.T.);
#7502 = ORIENTED_EDGE('',*,*,#6595,.T.);
#7503 = ORIENTED_EDGE('',*,*,#6627,.T.);
#7504 = ORIENTED_EDGE('',*,*,#6658,.T.);
#7505 = ORIENTED_EDGE('',*,*,#6689,.T.);
#7506 = ORIENTED_EDGE('',*,*,#6720,.T.);
#7507 = ORIENTED_EDGE('',*,*,#6752,.T.);
#7508 = ORIENTED_EDGE('',*,*,#6784,.T.);
#7509 = ORIENTED_EDGE('',*,*,#6816,.T.);
#7510 = ORIENTED_EDGE('',*,*,#6848,.T.);
#7511 = ORIENTED_EDGE('',*,*,#6879,.T.);
#7512 = ORIENTED_EDGE('',*,*,#6910,.T.);
#7513 = ORIENTED_EDGE('',*,*,#6942,.T.);
#7514 = ORIENTED_EDGE('',*,*,#6974,.T.);
#7515 = ORIENTED_EDGE('',*,*,#7005,.T.);
#7516 = ORIENTED_EDGE('',*,*,#7036,.T.);
#7517 = ORIENTED_EDGE('',*,*,#7068,.T.);
#7518 = ORIENTED_EDGE('',*,*,#7100,.T.);
#7519 = ORIENTED_EDGE('',*,*,#7131,.T.);
#7520 = ORIENTED_EDGE('',*,*,#7162,.T.);
#7521 = ORIENTED_EDGE('',*,*,#7193,.T.);
#7522 = ORIENTED_EDGE('',*,*,#7224,.T.);
#7523 = ORIENTED_EDGE('',*,*,#7256,.T.);
#7524 = ORIENTED_EDGE('',*,*,#7288,.T.);
#7525 = ORIENTED_EDGE('',*,*,#7319,.T.);
#7526 = ORIENTED_EDGE('',*,*,#7350,.T.);
#7527 = ORIENTED_EDGE('',*,*,#7381,.T.);
#7528 = ORIENTED_EDGE('',*,*,#7413,.T.);
#7529 = ORIENTED_EDGE('',*,*,#7436,.T.);
#7530 = FACE_BOUND('',#7531,.T.);
#7531 = EDGE_LOOP('',(#7532));
#7532 = ORIENTED_EDGE('',*,*,#7468,.T.);
#7533 = PLANE('',#7534);
#7534 = AXIS2_PLACEMENT_3D('',#7535,#7536,#7537);
#7535 = CARTESIAN_POINT('',(0.,0.,1.51));
#7536 = DIRECTION('',(0.,0.,1.));
#7537 = DIRECTION('',(1.,0.,-0.));
#7538 = ADVANCED_FACE('',(#7539,#7589),#7592,.T.);
#7539 = FACE_BOUND('',#7540,.F.);
#7540 = EDGE_LOOP('',(#7541,#7542,#7543,#7544,#7545,#7546,#7547,#7548,
    #7549,#7550,#7551,#7552,#7553,#7554,#7555,#7556,#7557,#7558,#7559,
    #7560,#7561,#7562,#7563,#7564,#7565,#7566,#7567,#7568,#7569,#7570,
    #7571,#7572,#7573,#7574,#7575,#7576,#7577,#7578,#7579,#7580,#7581,
    #7582,#7583,#7584,#7585,#7586,#7587,#7588));
#7541 = ORIENTED_EDGE('',*,*,#5944,.T.);
#7542 = ORIENTED_EDGE('',*,*,#5977,.T.);
#7543 = ORIENTED_EDGE('',*,*,#6008,.T.);
#7544 = ORIENTED_EDGE('',*,*,#6039,.T.);
#7545 = ORIENTED_EDGE('',*,*,#6072,.T.);
#7546 = ORIENTED_EDGE('',*,*,#6103,.T.);
#7547 = ORIENTED_EDGE('',*,*,#6136,.T.);
#7548 = ORIENTED_EDGE('',*,*,#6167,.T.);
#7549 = ORIENTED_EDGE('',*,*,#6198,.T.);
#7550 = ORIENTED_EDGE('',*,*,#6229,.T.);
#7551 = ORIENTED_EDGE('',*,*,#6260,.T.);
#7552 = ORIENTED_EDGE('',*,*,#6293,.T.);
#7553 = ORIENTED_EDGE('',*,*,#6324,.T.);
#7554 = ORIENTED_EDGE('',*,*,#6355,.T.);
#7555 = ORIENTED_EDGE('',*,*,#6388,.T.);
#7556 = ORIENTED_EDGE('',*,*,#6419,.T.);
#7557 = ORIENTED_EDGE('',*,*,#6452,.T.);
#7558 = ORIENTED_EDGE('',*,*,#6483,.T.);
#7559 = ORIENTED_EDGE('',*,*,#6514,.T.);
#7560 = ORIENTED_EDGE('',*,*,#6547,.T.);
#7561 = ORIENTED_EDGE('',*,*,#6578,.T.);
#7562 = ORIENTED_EDGE('',*,*,#6611,.T.);
#7563 = ORIENTED_EDGE('',*,*,#6642,.T.);
#7564 = ORIENTED_EDGE('',*,*,#6673,.T.);
#7565 = ORIENTED_EDGE('',*,*,#6704,.T.);
#7566 = ORIENTED_EDGE('',*,*,#6735,.T.);
#7567 = ORIENTED_EDGE('',*,*,#6768,.T.);
#7568 = ORIENTED_EDGE('',*,*,#6799,.T.);
#7569 = ORIENTED_EDGE('',*,*,#6832,.T.);
#7570 = ORIENTED_EDGE('',*,*,#6863,.T.);
#7571 = ORIENTED_EDGE('',*,*,#6894,.T.);
#7572 = ORIENTED_EDGE('',*,*,#6925,.T.);
#7573 = ORIENTED_EDGE('',*,*,#6958,.T.);
#7574 = ORIENTED_EDGE('',*,*,#6989,.T.);
#7575 = ORIENTED_EDGE('',*,*,#7020,.T.);
#7576 = ORIENTED_EDGE('',*,*,#7051,.T.);
#7577 = ORIENTED_EDGE('',*,*,#7084,.T.);
#7578 = ORIENTED_EDGE('',*,*,#7115,.T.);
#7579 = ORIENTED_EDGE('',*,*,#7146,.T.);
#7580 = ORIENTED_EDGE('',*,*,#7177,.T.);
#7581 = ORIENTED_EDGE('',*,*,#7208,.T.);
#7582 = ORIENTED_EDGE('',*,*,#7239,.T.);
#7583 = ORIENTED_EDGE('',*,*,#7272,.T.);
#7584 = ORIENTED_EDGE('',*,*,#7303,.T.);
#7585 = ORIENTED_EDGE('',*,*,#7334,.T.);
#7586 = ORIENTED_EDGE('',*,*,#7365,.T.);
#7587 = ORIENTED_EDGE('',*,*,#7396,.T.);
#7588 = ORIENTED_EDGE('',*,*,#7429,.T.);
#7589 = FACE_BOUND('',#7590,.F.);
#7590 = EDGE_LOOP('',(#7591));
#7591 = ORIENTED_EDGE('',*,*,#7460,.T.);
#7592 = PLANE('',#7593);
#7593 = AXIS2_PLACEMENT_3D('',#7594,#7595,#7596);
#7594 = CARTESIAN_POINT('',(0.,0.,1.545));
#7595 = DIRECTION('',(0.,0.,1.));
#7596 = DIRECTION('',(1.,0.,-0.));
#7597 = ( GEOMETRIC_REPRESENTATION_CONTEXT(3) 
GLOBAL_UNCERTAINTY_ASSIGNED_CONTEXT((#7601)) 
GLOBAL_UNIT_ASSIGNED_CONTEXT((#7598,#7599,#7600)) REPRESENTATION_CONTEXT
('Context #1','3D Context with UNIT and UNCERTAINTY') );
#7598 = ( LENGTH_UNIT() NAMED_UNIT(*) SI_UNIT(.MILLI.,.METRE.) );
#7599 = ( NAMED_UNIT(*) PLANE_ANGLE_UNIT() SI_UNIT($,.RADIAN.) );
#7600 = ( NAMED_UNIT(*) SI_UNIT($,.STERADIAN.) SOLID_ANGLE_UNIT() );
#7601 = UNCERTAINTY_MEASURE_WITH_UNIT(LENGTH_MEASURE(1.E-07),#7598,
  'distance_accuracy_value','confusion accuracy');
#7602 = CONTEXT_DEPENDENT_SHAPE_REPRESENTATION(#7603,#7605);
#7603 = ( REPRESENTATION_RELATIONSHIP('','',#2986,#10) 
REPRESENTATION_RELATIONSHIP_WITH_TRANSFORMATION(#7604) 
SHAPE_REPRESENTATION_RELATIONSHIP() );
#7604 = ITEM_DEFINED_TRANSFORMATION('','',#11,#23);
#7605 = PRODUCT_DEFINITION_SHAPE('Placement','Placement of an item',
  #7606);
#7606 = NEXT_ASSEMBLY_USAGE_OCCURRENCE('3','=>[0:1:1:4]','',#5,#2981,$);
#7607 = PRODUCT_RELATED_PRODUCT_CATEGORY('part',$,(#2983));
#7608 = SHAPE_DEFINITION_REPRESENTATION(#7609,#7615);
#7609 = PRODUCT_DEFINITION_SHAPE('','',#7610);
#7610 = PRODUCT_DEFINITION('design','',#7611,#7614);
#7611 = PRODUCT_DEFINITION_FORMATION('','',#7612);
#7612 = PRODUCT('Humidity sensor p1_pad','Humidity sensor p1_pad','',(
    #7613));
#7613 = PRODUCT_CONTEXT('',#2,'mechanical');
#7614 = PRODUCT_DEFINITION_CONTEXT('part definition',#2,'design');
#7615 = SHAPE_REPRESENTATION('',(#11,#7616,#7906,#7998,#8090,#8182,#8472
    ,#8564,#8656,#8748,#8937,#9126),#9218);
#7616 = MANIFOLD_SOLID_BREP('',#7617);
#7617 = CLOSED_SHELL('',(#7618,#7660,#7691,#7724,#7755,#7788,#7819,#7852
    ,#7874,#7890));
#7618 = ADVANCED_FACE('',(#7619),#7655,.T.);
#7619 = FACE_BOUND('',#7620,.T.);
#7620 = EDGE_LOOP('',(#7621,#7631,#7640,#7648));
#7621 = ORIENTED_EDGE('',*,*,#7622,.T.);
#7622 = EDGE_CURVE('',#7623,#7625,#7627,.T.);
#7623 = VERTEX_POINT('',#7624);
#7624 = CARTESIAN_POINT('',(149.19,-102.755,1.51));
#7625 = VERTEX_POINT('',#7626);
#7626 = CARTESIAN_POINT('',(149.19,-102.755,1.55));
#7627 = LINE('',#7628,#7629);
#7628 = CARTESIAN_POINT('',(149.19,-102.755,1.51));
#7629 = VECTOR('',#7630,1.);
#7630 = DIRECTION('',(0.,0.,1.));
#7631 = ORIENTED_EDGE('',*,*,#7632,.T.);
#7632 = EDGE_CURVE('',#7625,#7633,#7635,.T.);
#7633 = VERTEX_POINT('',#7634);
#7634 = CARTESIAN_POINT('',(149.325,-102.62,1.55));
#7635 = CIRCLE('',#7636,0.135001418495);
#7636 = AXIS2_PLACEMENT_3D('',#7637,#7638,#7639);
#7637 = CARTESIAN_POINT('',(149.32500141848,-102.7550014184,1.55));
#7638 = DIRECTION('',(0.,0.,-1.));
#7639 = DIRECTION('',(-0.999999999945,1.050720672682E-05,0.));
#7640 = ORIENTED_EDGE('',*,*,#7641,.F.);
#7641 = EDGE_CURVE('',#7642,#7633,#7644,.T.);
#7642 = VERTEX_POINT('',#7643);
#7643 = CARTESIAN_POINT('',(149.325,-102.62,1.51));
#7644 = LINE('',#7645,#7646);
#7645 = CARTESIAN_POINT('',(149.325,-102.62,1.51));
#7646 = VECTOR('',#7647,1.);
#7647 = DIRECTION('',(0.,0.,1.));
#7648 = ORIENTED_EDGE('',*,*,#7649,.F.);
#7649 = EDGE_CURVE('',#7623,#7642,#7650,.T.);
#7650 = CIRCLE('',#7651,0.135001418495);
#7651 = AXIS2_PLACEMENT_3D('',#7652,#7653,#7654);
#7652 = CARTESIAN_POINT('',(149.32500141848,-102.7550014184,1.51));
#7653 = DIRECTION('',(0.,0.,-1.));
#7654 = DIRECTION('',(-0.999999999945,1.050720672682E-05,0.));
#7655 = CYLINDRICAL_SURFACE('',#7656,0.135001418495);
#7656 = AXIS2_PLACEMENT_3D('',#7657,#7658,#7659);
#7657 = CARTESIAN_POINT('',(149.32500141848,-102.7550014184,1.51));
#7658 = DIRECTION('',(0.,0.,-1.));
#7659 = DIRECTION('',(-0.999999999945,1.050720672682E-05,0.));
#7660 = ADVANCED_FACE('',(#7661),#7686,.T.);
#7661 = FACE_BOUND('',#7662,.T.);
#7662 = EDGE_LOOP('',(#7663,#7664,#7672,#7680));
#7663 = ORIENTED_EDGE('',*,*,#7641,.T.);
#7664 = ORIENTED_EDGE('',*,*,#7665,.T.);
#7665 = EDGE_CURVE('',#7633,#7666,#7668,.T.);
#7666 = VERTEX_POINT('',#7667);
#7667 = CARTESIAN_POINT('',(149.695,-102.62,1.55));
#7668 = LINE('',#7669,#7670);
#7669 = CARTESIAN_POINT('',(149.325,-102.62,1.55));
#7670 = VECTOR('',#7671,1.);
#7671 = DIRECTION('',(1.,0.,0.));
#7672 = ORIENTED_EDGE('',*,*,#7673,.F.);
#7673 = EDGE_CURVE('',#7674,#7666,#7676,.T.);
#7674 = VERTEX_POINT('',#7675);
#7675 = CARTESIAN_POINT('',(149.695,-102.62,1.51));
#7676 = LINE('',#7677,#7678);
#7677 = CARTESIAN_POINT('',(149.695,-102.62,1.51));
#7678 = VECTOR('',#7679,1.);
#7679 = DIRECTION('',(0.,0.,1.));
#7680 = ORIENTED_EDGE('',*,*,#7681,.F.);
#7681 = EDGE_CURVE('',#7642,#7674,#7682,.T.);
#7682 = LINE('',#7683,#7684);
#7683 = CARTESIAN_POINT('',(149.325,-102.62,1.51));
#7684 = VECTOR('',#7685,1.);
#7685 = DIRECTION('',(1.,0.,0.));
#7686 = PLANE('',#7687);
#7687 = AXIS2_PLACEMENT_3D('',#7688,#7689,#7690);
#7688 = CARTESIAN_POINT('',(149.325,-102.62,1.51));
#7689 = DIRECTION('',(0.,1.,0.));
#7690 = DIRECTION('',(1.,0.,0.));
#7691 = ADVANCED_FACE('',(#7692),#7719,.T.);
#7692 = FACE_BOUND('',#7693,.T.);
#7693 = EDGE_LOOP('',(#7694,#7695,#7704,#7712));
#7694 = ORIENTED_EDGE('',*,*,#7673,.T.);
#7695 = ORIENTED_EDGE('',*,*,#7696,.T.);
#7696 = EDGE_CURVE('',#7666,#7697,#7699,.T.);
#7697 = VERTEX_POINT('',#7698);
#7698 = CARTESIAN_POINT('',(149.83,-102.755,1.55));
#7699 = CIRCLE('',#7700,0.135001418495);
#7700 = AXIS2_PLACEMENT_3D('',#7701,#7702,#7703);
#7701 = CARTESIAN_POINT('',(149.69499858151,-102.7550014184,1.55));
#7702 = DIRECTION('',(0.,0.,-1.));
#7703 = DIRECTION('',(1.050720651629E-05,0.999999999945,0.));
#7704 = ORIENTED_EDGE('',*,*,#7705,.F.);
#7705 = EDGE_CURVE('',#7706,#7697,#7708,.T.);
#7706 = VERTEX_POINT('',#7707);
#7707 = CARTESIAN_POINT('',(149.83,-102.755,1.51));
#7708 = LINE('',#7709,#7710);
#7709 = CARTESIAN_POINT('',(149.83,-102.755,1.51));
#7710 = VECTOR('',#7711,1.);
#7711 = DIRECTION('',(0.,0.,1.));
#7712 = ORIENTED_EDGE('',*,*,#7713,.F.);
#7713 = EDGE_CURVE('',#7674,#7706,#7714,.T.);
#7714 = CIRCLE('',#7715,0.135001418495);
#7715 = AXIS2_PLACEMENT_3D('',#7716,#7717,#7718);
#7716 = CARTESIAN_POINT('',(149.69499858151,-102.7550014184,1.51));
#7717 = DIRECTION('',(0.,0.,-1.));
#7718 = DIRECTION('',(1.050720651629E-05,0.999999999945,0.));
#7719 = CYLINDRICAL_SURFACE('',#7720,0.135001418495);
#7720 = AXIS2_PLACEMENT_3D('',#7721,#7722,#7723);
#7721 = CARTESIAN_POINT('',(149.69499858151,-102.7550014184,1.51));
#7722 = DIRECTION('',(0.,0.,-1.));
#7723 = DIRECTION('',(1.050720651629E-05,0.999999999945,0.));
#7724 = ADVANCED_FACE('',(#7725),#7750,.T.);
#7725 = FACE_BOUND('',#7726,.T.);
#7726 = EDGE_LOOP('',(#7727,#7728,#7736,#7744));
#7727 = ORIENTED_EDGE('',*,*,#7705,.T.);
#7728 = ORIENTED_EDGE('',*,*,#7729,.T.);
#7729 = EDGE_CURVE('',#7697,#7730,#7732,.T.);
#7730 = VERTEX_POINT('',#7731);
#7731 = CARTESIAN_POINT('',(149.83,-103.025,1.55));
#7732 = LINE('',#7733,#7734);
#7733 = CARTESIAN_POINT('',(149.83,-102.755,1.55));
#7734 = VECTOR('',#7735,1.);
#7735 = DIRECTION('',(0.,-1.,0.));
#7736 = ORIENTED_EDGE('',*,*,#7737,.F.);
#7737 = EDGE_CURVE('',#7738,#7730,#7740,.T.);
#7738 = VERTEX_POINT('',#7739);
#7739 = CARTESIAN_POINT('',(149.83,-103.025,1.51));
#7740 = LINE('',#7741,#7742);
#7741 = CARTESIAN_POINT('',(149.83,-103.025,1.51));
#7742 = VECTOR('',#7743,1.);
#7743 = DIRECTION('',(0.,0.,1.));
#7744 = ORIENTED_EDGE('',*,*,#7745,.F.);
#7745 = EDGE_CURVE('',#7706,#7738,#7746,.T.);
#7746 = LINE('',#7747,#7748);
#7747 = CARTESIAN_POINT('',(149.83,-102.755,1.51));
#7748 = VECTOR('',#7749,1.);
#7749 = DIRECTION('',(0.,-1.,0.));
#7750 = PLANE('',#7751);
#7751 = AXIS2_PLACEMENT_3D('',#7752,#7753,#7754);
#7752 = CARTESIAN_POINT('',(149.83,-102.755,1.51));
#7753 = DIRECTION('',(1.,0.,-0.));
#7754 = DIRECTION('',(0.,-1.,0.));
#7755 = ADVANCED_FACE('',(#7756),#7783,.T.);
#7756 = FACE_BOUND('',#7757,.T.);
#7757 = EDGE_LOOP('',(#7758,#7759,#7768,#7776));
#7758 = ORIENTED_EDGE('',*,*,#7737,.T.);
#7759 = ORIENTED_EDGE('',*,*,#7760,.T.);
#7760 = EDGE_CURVE('',#7730,#7761,#7763,.T.);
#7761 = VERTEX_POINT('',#7762);
#7762 = CARTESIAN_POINT('',(149.695,-103.16,1.55));
#7763 = CIRCLE('',#7764,0.135001418495);
#7764 = AXIS2_PLACEMENT_3D('',#7765,#7766,#7767);
#7765 = CARTESIAN_POINT('',(149.69499858151,-103.0249985815,1.55));
#7766 = DIRECTION('',(0.,0.,-1.));
#7767 = DIRECTION('',(0.999999999945,-1.050720662155E-05,0.));
#7768 = ORIENTED_EDGE('',*,*,#7769,.F.);
#7769 = EDGE_CURVE('',#7770,#7761,#7772,.T.);
#7770 = VERTEX_POINT('',#7771);
#7771 = CARTESIAN_POINT('',(149.695,-103.16,1.51));
#7772 = LINE('',#7773,#7774);
#7773 = CARTESIAN_POINT('',(149.695,-103.16,1.51));
#7774 = VECTOR('',#7775,1.);
#7775 = DIRECTION('',(0.,0.,1.));
#7776 = ORIENTED_EDGE('',*,*,#7777,.F.);
#7777 = EDGE_CURVE('',#7738,#7770,#7778,.T.);
#7778 = CIRCLE('',#7779,0.135001418495);
#7779 = AXIS2_PLACEMENT_3D('',#7780,#7781,#7782);
#7780 = CARTESIAN_POINT('',(149.69499858151,-103.0249985815,1.51));
#7781 = DIRECTION('',(0.,0.,-1.));
#7782 = DIRECTION('',(0.999999999945,-1.050720662155E-05,0.));
#7783 = CYLINDRICAL_SURFACE('',#7784,0.135001418495);
#7784 = AXIS2_PLACEMENT_3D('',#7785,#7786,#7787);
#7785 = CARTESIAN_POINT('',(149.69499858151,-103.0249985815,1.51));
#7786 = DIRECTION('',(0.,0.,-1.));
#7787 = DIRECTION('',(0.999999999945,-1.050720662155E-05,0.));
#7788 = ADVANCED_FACE('',(#7789),#7814,.T.);
#7789 = FACE_BOUND('',#7790,.T.);
#7790 = EDGE_LOOP('',(#7791,#7792,#7800,#7808));
#7791 = ORIENTED_EDGE('',*,*,#7769,.T.);
#7792 = ORIENTED_EDGE('',*,*,#7793,.T.);
#7793 = EDGE_CURVE('',#7761,#7794,#7796,.T.);
#7794 = VERTEX_POINT('',#7795);
#7795 = CARTESIAN_POINT('',(149.325,-103.16,1.55));
#7796 = LINE('',#7797,#7798);
#7797 = CARTESIAN_POINT('',(149.695,-103.16,1.55));
#7798 = VECTOR('',#7799,1.);
#7799 = DIRECTION('',(-1.,0.,0.));
#7800 = ORIENTED_EDGE('',*,*,#7801,.F.);
#7801 = EDGE_CURVE('',#7802,#7794,#7804,.T.);
#7802 = VERTEX_POINT('',#7803);
#7803 = CARTESIAN_POINT('',(149.325,-103.16,1.51));
#7804 = LINE('',#7805,#7806);
#7805 = CARTESIAN_POINT('',(149.325,-103.16,1.51));
#7806 = VECTOR('',#7807,1.);
#7807 = DIRECTION('',(0.,0.,1.));
#7808 = ORIENTED_EDGE('',*,*,#7809,.F.);
#7809 = EDGE_CURVE('',#7770,#7802,#7810,.T.);
#7810 = LINE('',#7811,#7812);
#7811 = CARTESIAN_POINT('',(149.695,-103.16,1.51));
#7812 = VECTOR('',#7813,1.);
#7813 = DIRECTION('',(-1.,0.,0.));
#7814 = PLANE('',#7815);
#7815 = AXIS2_PLACEMENT_3D('',#7816,#7817,#7818);
#7816 = CARTESIAN_POINT('',(149.695,-103.16,1.51));
#7817 = DIRECTION('',(0.,-1.,0.));
#7818 = DIRECTION('',(-1.,0.,0.));
#7819 = ADVANCED_FACE('',(#7820),#7847,.T.);
#7820 = FACE_BOUND('',#7821,.T.);
#7821 = EDGE_LOOP('',(#7822,#7823,#7832,#7840));
#7822 = ORIENTED_EDGE('',*,*,#7801,.T.);
#7823 = ORIENTED_EDGE('',*,*,#7824,.T.);
#7824 = EDGE_CURVE('',#7794,#7825,#7827,.T.);
#7825 = VERTEX_POINT('',#7826);
#7826 = CARTESIAN_POINT('',(149.19,-103.025,1.55));
#7827 = CIRCLE('',#7828,0.135001418495);
#7828 = AXIS2_PLACEMENT_3D('',#7829,#7830,#7831);
#7829 = CARTESIAN_POINT('',(149.32500141848,-103.0249985815,1.55));
#7830 = DIRECTION('',(0.,0.,-1.));
#7831 = DIRECTION('',(-1.050720672682E-05,-0.999999999945,-0.));
#7832 = ORIENTED_EDGE('',*,*,#7833,.F.);
#7833 = EDGE_CURVE('',#7834,#7825,#7836,.T.);
#7834 = VERTEX_POINT('',#7835);
#7835 = CARTESIAN_POINT('',(149.19,-103.025,1.51));
#7836 = LINE('',#7837,#7838);
#7837 = CARTESIAN_POINT('',(149.19,-103.025,1.51));
#7838 = VECTOR('',#7839,1.);
#7839 = DIRECTION('',(0.,0.,1.));
#7840 = ORIENTED_EDGE('',*,*,#7841,.F.);
#7841 = EDGE_CURVE('',#7802,#7834,#7842,.T.);
#7842 = CIRCLE('',#7843,0.135001418495);
#7843 = AXIS2_PLACEMENT_3D('',#7844,#7845,#7846);
#7844 = CARTESIAN_POINT('',(149.32500141848,-103.0249985815,1.51));
#7845 = DIRECTION('',(0.,0.,-1.));
#7846 = DIRECTION('',(-1.050720672682E-05,-0.999999999945,-0.));
#7847 = CYLINDRICAL_SURFACE('',#7848,0.135001418495);
#7848 = AXIS2_PLACEMENT_3D('',#7849,#7850,#7851);
#7849 = CARTESIAN_POINT('',(149.32500141848,-103.0249985815,1.51));
#7850 = DIRECTION('',(0.,0.,-1.));
#7851 = DIRECTION('',(-1.050720672682E-05,-0.999999999945,-0.));
#7852 = ADVANCED_FACE('',(#7853),#7869,.T.);
#7853 = FACE_BOUND('',#7854,.T.);
#7854 = EDGE_LOOP('',(#7855,#7856,#7862,#7863));
#7855 = ORIENTED_EDGE('',*,*,#7833,.T.);
#7856 = ORIENTED_EDGE('',*,*,#7857,.T.);
#7857 = EDGE_CURVE('',#7825,#7625,#7858,.T.);
#7858 = LINE('',#7859,#7860);
#7859 = CARTESIAN_POINT('',(149.19,-103.025,1.55));
#7860 = VECTOR('',#7861,1.);
#7861 = DIRECTION('',(0.,1.,0.));
#7862 = ORIENTED_EDGE('',*,*,#7622,.F.);
#7863 = ORIENTED_EDGE('',*,*,#7864,.F.);
#7864 = EDGE_CURVE('',#7834,#7623,#7865,.T.);
#7865 = LINE('',#7866,#7867);
#7866 = CARTESIAN_POINT('',(149.19,-103.025,1.51));
#7867 = VECTOR('',#7868,1.);
#7868 = DIRECTION('',(0.,1.,0.));
#7869 = PLANE('',#7870);
#7870 = AXIS2_PLACEMENT_3D('',#7871,#7872,#7873);
#7871 = CARTESIAN_POINT('',(149.19,-103.025,1.51));
#7872 = DIRECTION('',(-1.,0.,0.));
#7873 = DIRECTION('',(0.,1.,0.));
#7874 = ADVANCED_FACE('',(#7875),#7885,.F.);
#7875 = FACE_BOUND('',#7876,.T.);
#7876 = EDGE_LOOP('',(#7877,#7878,#7879,#7880,#7881,#7882,#7883,#7884));
#7877 = ORIENTED_EDGE('',*,*,#7649,.T.);
#7878 = ORIENTED_EDGE('',*,*,#7681,.T.);
#7879 = ORIENTED_EDGE('',*,*,#7713,.T.);
#7880 = ORIENTED_EDGE('',*,*,#7745,.T.);
#7881 = ORIENTED_EDGE('',*,*,#7777,.T.);
#7882 = ORIENTED_EDGE('',*,*,#7809,.T.);
#7883 = ORIENTED_EDGE('',*,*,#7841,.T.);
#7884 = ORIENTED_EDGE('',*,*,#7864,.T.);
#7885 = PLANE('',#7886);
#7886 = AXIS2_PLACEMENT_3D('',#7887,#7888,#7889);
#7887 = CARTESIAN_POINT('',(0.,0.,1.51));
#7888 = DIRECTION('',(0.,0.,1.));
#7889 = DIRECTION('',(1.,0.,-0.));
#7890 = ADVANCED_FACE('',(#7891),#7901,.T.);
#7891 = FACE_BOUND('',#7892,.F.);
#7892 = EDGE_LOOP('',(#7893,#7894,#7895,#7896,#7897,#7898,#7899,#7900));
#7893 = ORIENTED_EDGE('',*,*,#7632,.T.);
#7894 = ORIENTED_EDGE('',*,*,#7665,.T.);
#7895 = ORIENTED_EDGE('',*,*,#7696,.T.);
#7896 = ORIENTED_EDGE('',*,*,#7729,.T.);
#7897 = ORIENTED_EDGE('',*,*,#7760,.T.);
#7898 = ORIENTED_EDGE('',*,*,#7793,.T.);
#7899 = ORIENTED_EDGE('',*,*,#7824,.T.);
#7900 = ORIENTED_EDGE('',*,*,#7857,.T.);
#7901 = PLANE('',#7902);
#7902 = AXIS2_PLACEMENT_3D('',#7903,#7904,#7905);
#7903 = CARTESIAN_POINT('',(0.,0.,1.55));
#7904 = DIRECTION('',(0.,0.,1.));
#7905 = DIRECTION('',(1.,0.,-0.));
#7906 = MANIFOLD_SOLID_BREP('',#7907);
#7907 = CLOSED_SHELL('',(#7908,#7941,#7961,#7981));
#7908 = ADVANCED_FACE('',(#7909),#7936,.T.);
#7909 = FACE_BOUND('',#7910,.F.);
#7910 = EDGE_LOOP('',(#7911,#7921,#7928,#7929));
#7911 = ORIENTED_EDGE('',*,*,#7912,.T.);
#7912 = EDGE_CURVE('',#7913,#7915,#7917,.T.);
#7913 = VERTEX_POINT('',#7914);
#7914 = CARTESIAN_POINT('',(152.155,-102.32,1.51));
#7915 = VERTEX_POINT('',#7916);
#7916 = CARTESIAN_POINT('',(152.155,-102.32,1.55));
#7917 = LINE('',#7918,#7919);
#7918 = CARTESIAN_POINT('',(152.155,-102.32,1.51));
#7919 = VECTOR('',#7920,1.);
#7920 = DIRECTION('',(0.,0.,1.));
#7921 = ORIENTED_EDGE('',*,*,#7922,.T.);
#7922 = EDGE_CURVE('',#7915,#7915,#7923,.T.);
#7923 = CIRCLE('',#7924,0.675);
#7924 = AXIS2_PLACEMENT_3D('',#7925,#7926,#7927);
#7925 = CARTESIAN_POINT('',(151.48,-102.32,1.55));
#7926 = DIRECTION('',(0.,0.,1.));
#7927 = DIRECTION('',(1.,0.,-0.));
#7928 = ORIENTED_EDGE('',*,*,#7912,.F.);
#7929 = ORIENTED_EDGE('',*,*,#7930,.F.);
#7930 = EDGE_CURVE('',#7913,#7913,#7931,.T.);
#7931 = CIRCLE('',#7932,0.675);
#7932 = AXIS2_PLACEMENT_3D('',#7933,#7934,#7935);
#7933 = CARTESIAN_POINT('',(151.48,-102.32,1.51));
#7934 = DIRECTION('',(0.,0.,1.));
#7935 = DIRECTION('',(1.,0.,-0.));
#7936 = CYLINDRICAL_SURFACE('',#7937,0.675);
#7937 = AXIS2_PLACEMENT_3D('',#7938,#7939,#7940);
#7938 = CARTESIAN_POINT('',(151.48,-102.32,1.51));
#7939 = DIRECTION('',(-0.,-0.,-1.));
#7940 = DIRECTION('',(1.,0.,-0.));
#7941 = ADVANCED_FACE('',(#7942,#7945),#7956,.F.);
#7942 = FACE_BOUND('',#7943,.F.);
#7943 = EDGE_LOOP('',(#7944));
#7944 = ORIENTED_EDGE('',*,*,#7930,.T.);
#7945 = FACE_BOUND('',#7946,.F.);
#7946 = EDGE_LOOP('',(#7947));
#7947 = ORIENTED_EDGE('',*,*,#7948,.T.);
#7948 = EDGE_CURVE('',#7949,#7949,#7951,.T.);
#7949 = VERTEX_POINT('',#7950);
#7950 = CARTESIAN_POINT('',(151.48,-102.695,1.51));
#7951 = CIRCLE('',#7952,0.375);
#7952 = AXIS2_PLACEMENT_3D('',#7953,#7954,#7955);
#7953 = CARTESIAN_POINT('',(151.48,-102.32,1.51));
#7954 = DIRECTION('',(-0.,0.,-1.));
#7955 = DIRECTION('',(-0.,-1.,0.));
#7956 = PLANE('',#7957);
#7957 = AXIS2_PLACEMENT_3D('',#7958,#7959,#7960);
#7958 = CARTESIAN_POINT('',(0.,0.,1.51));
#7959 = DIRECTION('',(0.,0.,1.));
#7960 = DIRECTION('',(1.,0.,-0.));
#7961 = ADVANCED_FACE('',(#7962,#7965),#7976,.T.);
#7962 = FACE_BOUND('',#7963,.T.);
#7963 = EDGE_LOOP('',(#7964));
#7964 = ORIENTED_EDGE('',*,*,#7922,.T.);
#7965 = FACE_BOUND('',#7966,.T.);
#7966 = EDGE_LOOP('',(#7967));
#7967 = ORIENTED_EDGE('',*,*,#7968,.T.);
#7968 = EDGE_CURVE('',#7969,#7969,#7971,.T.);
#7969 = VERTEX_POINT('',#7970);
#7970 = CARTESIAN_POINT('',(151.48,-102.695,1.55));
#7971 = CIRCLE('',#7972,0.375);
#7972 = AXIS2_PLACEMENT_3D('',#7973,#7974,#7975);
#7973 = CARTESIAN_POINT('',(151.48,-102.32,1.55));
#7974 = DIRECTION('',(-0.,0.,-1.));
#7975 = DIRECTION('',(-0.,-1.,0.));
#7976 = PLANE('',#7977);
#7977 = AXIS2_PLACEMENT_3D('',#7978,#7979,#7980);
#7978 = CARTESIAN_POINT('',(0.,0.,1.55));
#7979 = DIRECTION('',(0.,0.,1.));
#7980 = DIRECTION('',(1.,0.,-0.));
#7981 = ADVANCED_FACE('',(#7982),#7993,.F.);
#7982 = FACE_BOUND('',#7983,.T.);
#7983 = EDGE_LOOP('',(#7984,#7985,#7991,#7992));
#7984 = ORIENTED_EDGE('',*,*,#7948,.T.);
#7985 = ORIENTED_EDGE('',*,*,#7986,.T.);
#7986 = EDGE_CURVE('',#7949,#7969,#7987,.T.);
#7987 = LINE('',#7988,#7989);
#7988 = CARTESIAN_POINT('',(151.48,-102.695,-4.6E-02));
#7989 = VECTOR('',#7990,1.);
#7990 = DIRECTION('',(0.,0.,1.));
#7991 = ORIENTED_EDGE('',*,*,#7968,.F.);
#7992 = ORIENTED_EDGE('',*,*,#7986,.F.);
#7993 = CYLINDRICAL_SURFACE('',#7994,0.375);
#7994 = AXIS2_PLACEMENT_3D('',#7995,#7996,#7997);
#7995 = CARTESIAN_POINT('',(151.48,-102.32,-4.6E-02));
#7996 = DIRECTION('',(-0.,-0.,-1.));
#7997 = DIRECTION('',(-0.,-1.,0.));
#7998 = MANIFOLD_SOLID_BREP('',#7999);
#7999 = CLOSED_SHELL('',(#8000,#8033,#8053,#8073));
#8000 = ADVANCED_FACE('',(#8001),#8028,.T.);
#8001 = FACE_BOUND('',#8002,.T.);
#8002 = EDGE_LOOP('',(#8003,#8013,#8020,#8021));
#8003 = ORIENTED_EDGE('',*,*,#8004,.T.);
#8004 = EDGE_CURVE('',#8005,#8007,#8009,.T.);
#8005 = VERTEX_POINT('',#8006);
#8006 = CARTESIAN_POINT('',(152.155,-102.32,0.));
#8007 = VERTEX_POINT('',#8008);
#8008 = CARTESIAN_POINT('',(152.155,-102.32,-4.E-02));
#8009 = LINE('',#8010,#8011);
#8010 = CARTESIAN_POINT('',(152.155,-102.32,0.));
#8011 = VECTOR('',#8012,1.);
#8012 = DIRECTION('',(0.,0.,-1.));
#8013 = ORIENTED_EDGE('',*,*,#8014,.T.);
#8014 = EDGE_CURVE('',#8007,#8007,#8015,.T.);
#8015 = CIRCLE('',#8016,0.675);
#8016 = AXIS2_PLACEMENT_3D('',#8017,#8018,#8019);
#8017 = CARTESIAN_POINT('',(151.48,-102.32,-4.E-02));
#8018 = DIRECTION('',(0.,0.,1.));
#8019 = DIRECTION('',(1.,0.,-0.));
#8020 = ORIENTED_EDGE('',*,*,#8004,.F.);
#8021 = ORIENTED_EDGE('',*,*,#8022,.F.);
#8022 = EDGE_CURVE('',#8005,#8005,#8023,.T.);
#8023 = CIRCLE('',#8024,0.675);
#8024 = AXIS2_PLACEMENT_3D('',#8025,#8026,#8027);
#8025 = CARTESIAN_POINT('',(151.48,-102.32,0.));
#8026 = DIRECTION('',(0.,0.,1.));
#8027 = DIRECTION('',(1.,0.,-0.));
#8028 = CYLINDRICAL_SURFACE('',#8029,0.675);
#8029 = AXIS2_PLACEMENT_3D('',#8030,#8031,#8032);
#8030 = CARTESIAN_POINT('',(151.48,-102.32,0.));
#8031 = DIRECTION('',(0.,0.,1.));
#8032 = DIRECTION('',(1.,0.,-0.));
#8033 = ADVANCED_FACE('',(#8034,#8037),#8048,.F.);
#8034 = FACE_BOUND('',#8035,.F.);
#8035 = EDGE_LOOP('',(#8036));
#8036 = ORIENTED_EDGE('',*,*,#8022,.F.);
#8037 = FACE_BOUND('',#8038,.F.);
#8038 = EDGE_LOOP('',(#8039));
#8039 = ORIENTED_EDGE('',*,*,#8040,.F.);
#8040 = EDGE_CURVE('',#8041,#8041,#8043,.T.);
#8041 = VERTEX_POINT('',#8042);
#8042 = CARTESIAN_POINT('',(151.48,-102.695,0.));
#8043 = CIRCLE('',#8044,0.375);
#8044 = AXIS2_PLACEMENT_3D('',#8045,#8046,#8047);
#8045 = CARTESIAN_POINT('',(151.48,-102.32,0.));
#8046 = DIRECTION('',(-0.,0.,-1.));
#8047 = DIRECTION('',(-0.,-1.,0.));
#8048 = PLANE('',#8049);
#8049 = AXIS2_PLACEMENT_3D('',#8050,#8051,#8052);
#8050 = CARTESIAN_POINT('',(0.,0.,0.));
#8051 = DIRECTION('',(-0.,-0.,-1.));
#8052 = DIRECTION('',(-1.,0.,0.));
#8053 = ADVANCED_FACE('',(#8054,#8057),#8068,.T.);
#8054 = FACE_BOUND('',#8055,.T.);
#8055 = EDGE_LOOP('',(#8056));
#8056 = ORIENTED_EDGE('',*,*,#8014,.F.);
#8057 = FACE_BOUND('',#8058,.T.);
#8058 = EDGE_LOOP('',(#8059));
#8059 = ORIENTED_EDGE('',*,*,#8060,.F.);
#8060 = EDGE_CURVE('',#8061,#8061,#8063,.T.);
#8061 = VERTEX_POINT('',#8062);
#8062 = CARTESIAN_POINT('',(151.48,-102.695,-4.E-02));
#8063 = CIRCLE('',#8064,0.375);
#8064 = AXIS2_PLACEMENT_3D('',#8065,#8066,#8067);
#8065 = CARTESIAN_POINT('',(151.48,-102.32,-4.E-02));
#8066 = DIRECTION('',(-0.,0.,-1.));
#8067 = DIRECTION('',(-0.,-1.,0.));
#8068 = PLANE('',#8069);
#8069 = AXIS2_PLACEMENT_3D('',#8070,#8071,#8072);
#8070 = CARTESIAN_POINT('',(0.,0.,-4.E-02));
#8071 = DIRECTION('',(-0.,-0.,-1.));
#8072 = DIRECTION('',(-1.,0.,0.));
#8073 = ADVANCED_FACE('',(#8074),#8085,.F.);
#8074 = FACE_BOUND('',#8075,.T.);
#8075 = EDGE_LOOP('',(#8076,#8077,#8083,#8084));
#8076 = ORIENTED_EDGE('',*,*,#8060,.T.);
#8077 = ORIENTED_EDGE('',*,*,#8078,.T.);
#8078 = EDGE_CURVE('',#8061,#8041,#8079,.T.);
#8079 = LINE('',#8080,#8081);
#8080 = CARTESIAN_POINT('',(151.48,-102.695,-4.6E-02));
#8081 = VECTOR('',#8082,1.);
#8082 = DIRECTION('',(0.,0.,1.));
#8083 = ORIENTED_EDGE('',*,*,#8040,.F.);
#8084 = ORIENTED_EDGE('',*,*,#8078,.F.);
#8085 = CYLINDRICAL_SURFACE('',#8086,0.375);
#8086 = AXIS2_PLACEMENT_3D('',#8087,#8088,#8089);
#8087 = CARTESIAN_POINT('',(151.48,-102.32,-4.6E-02));
#8088 = DIRECTION('',(-0.,-0.,-1.));
#8089 = DIRECTION('',(-0.,-1.,0.));
#8090 = MANIFOLD_SOLID_BREP('',#8091);
#8091 = CLOSED_SHELL('',(#8092,#8125,#8145,#8165));
#8092 = ADVANCED_FACE('',(#8093),#8120,.T.);
#8093 = FACE_BOUND('',#8094,.F.);
#8094 = EDGE_LOOP('',(#8095,#8105,#8112,#8113));
#8095 = ORIENTED_EDGE('',*,*,#8096,.T.);
#8096 = EDGE_CURVE('',#8097,#8099,#8101,.T.);
#8097 = VERTEX_POINT('',#8098);
#8098 = CARTESIAN_POINT('',(151.48,-102.72,-4.E-02));
#8099 = VERTEX_POINT('',#8100);
#8100 = CARTESIAN_POINT('',(151.48,-102.72,1.55));
#8101 = LINE('',#8102,#8103);
#8102 = CARTESIAN_POINT('',(151.48,-102.72,-4.E-02));
#8103 = VECTOR('',#8104,1.);
#8104 = DIRECTION('',(0.,0.,1.));
#8105 = ORIENTED_EDGE('',*,*,#8106,.T.);
#8106 = EDGE_CURVE('',#8099,#8099,#8107,.T.);
#8107 = CIRCLE('',#8108,0.4);
#8108 = AXIS2_PLACEMENT_3D('',#8109,#8110,#8111);
#8109 = CARTESIAN_POINT('',(151.48,-102.32,1.55));
#8110 = DIRECTION('',(0.,0.,1.));
#8111 = DIRECTION('',(-7.105427357601E-14,-1.,0.));
#8112 = ORIENTED_EDGE('',*,*,#8096,.F.);
#8113 = ORIENTED_EDGE('',*,*,#8114,.F.);
#8114 = EDGE_CURVE('',#8097,#8097,#8115,.T.);
#8115 = CIRCLE('',#8116,0.4);
#8116 = AXIS2_PLACEMENT_3D('',#8117,#8118,#8119);
#8117 = CARTESIAN_POINT('',(151.48,-102.32,-4.E-02));
#8118 = DIRECTION('',(0.,0.,1.));
#8119 = DIRECTION('',(-7.105427357601E-14,-1.,0.));
#8120 = CYLINDRICAL_SURFACE('',#8121,0.4);
#8121 = AXIS2_PLACEMENT_3D('',#8122,#8123,#8124);
#8122 = CARTESIAN_POINT('',(151.48,-102.32,-4.E-02));
#8123 = DIRECTION('',(-0.,-0.,-1.));
#8124 = DIRECTION('',(-7.105427357601E-14,-1.,0.));
#8125 = ADVANCED_FACE('',(#8126,#8129),#8140,.F.);
#8126 = FACE_BOUND('',#8127,.F.);
#8127 = EDGE_LOOP('',(#8128));
#8128 = ORIENTED_EDGE('',*,*,#8114,.T.);
#8129 = FACE_BOUND('',#8130,.F.);
#8130 = EDGE_LOOP('',(#8131));
#8131 = ORIENTED_EDGE('',*,*,#8132,.T.);
#8132 = EDGE_CURVE('',#8133,#8133,#8135,.T.);
#8133 = VERTEX_POINT('',#8134);
#8134 = CARTESIAN_POINT('',(151.48,-102.695,-4.E-02));
#8135 = CIRCLE('',#8136,0.375);
#8136 = AXIS2_PLACEMENT_3D('',#8137,#8138,#8139);
#8137 = CARTESIAN_POINT('',(151.48,-102.32,-4.E-02));
#8138 = DIRECTION('',(-0.,0.,-1.));
#8139 = DIRECTION('',(-0.,-1.,0.));
#8140 = PLANE('',#8141);
#8141 = AXIS2_PLACEMENT_3D('',#8142,#8143,#8144);
#8142 = CARTESIAN_POINT('',(151.48,-102.72,-4.E-02));
#8143 = DIRECTION('',(0.,0.,1.));
#8144 = DIRECTION('',(1.,0.,-0.));
#8145 = ADVANCED_FACE('',(#8146,#8149),#8160,.T.);
#8146 = FACE_BOUND('',#8147,.T.);
#8147 = EDGE_LOOP('',(#8148));
#8148 = ORIENTED_EDGE('',*,*,#8106,.T.);
#8149 = FACE_BOUND('',#8150,.T.);
#8150 = EDGE_LOOP('',(#8151));
#8151 = ORIENTED_EDGE('',*,*,#8152,.T.);
#8152 = EDGE_CURVE('',#8153,#8153,#8155,.T.);
#8153 = VERTEX_POINT('',#8154);
#8154 = CARTESIAN_POINT('',(151.48,-102.695,1.55));
#8155 = CIRCLE('',#8156,0.375);
#8156 = AXIS2_PLACEMENT_3D('',#8157,#8158,#8159);
#8157 = CARTESIAN_POINT('',(151.48,-102.32,1.55));
#8158 = DIRECTION('',(-0.,0.,-1.));
#8159 = DIRECTION('',(-0.,-1.,0.));
#8160 = PLANE('',#8161);
#8161 = AXIS2_PLACEMENT_3D('',#8162,#8163,#8164);
#8162 = CARTESIAN_POINT('',(151.48,-102.72,1.55));
#8163 = DIRECTION('',(0.,0.,1.));
#8164 = DIRECTION('',(1.,0.,-0.));
#8165 = ADVANCED_FACE('',(#8166),#8177,.F.);
#8166 = FACE_BOUND('',#8167,.T.);
#8167 = EDGE_LOOP('',(#8168,#8169,#8175,#8176));
#8168 = ORIENTED_EDGE('',*,*,#8132,.T.);
#8169 = ORIENTED_EDGE('',*,*,#8170,.T.);
#8170 = EDGE_CURVE('',#8133,#8153,#8171,.T.);
#8171 = LINE('',#8172,#8173);
#8172 = CARTESIAN_POINT('',(151.48,-102.695,-4.6E-02));
#8173 = VECTOR('',#8174,1.);
#8174 = DIRECTION('',(0.,0.,1.));
#8175 = ORIENTED_EDGE('',*,*,#8152,.F.);
#8176 = ORIENTED_EDGE('',*,*,#8170,.F.);
#8177 = CYLINDRICAL_SURFACE('',#8178,0.375);
#8178 = AXIS2_PLACEMENT_3D('',#8179,#8180,#8181);
#8179 = CARTESIAN_POINT('',(151.48,-102.32,-4.6E-02));
#8180 = DIRECTION('',(-0.,-0.,-1.));
#8181 = DIRECTION('',(-0.,-1.,0.));
#8182 = MANIFOLD_SOLID_BREP('',#8183);
#8183 = CLOSED_SHELL('',(#8184,#8226,#8257,#8290,#8321,#8354,#8385,#8418
    ,#8440,#8456));
#8184 = ADVANCED_FACE('',(#8185),#8221,.T.);
#8185 = FACE_BOUND('',#8186,.T.);
#8186 = EDGE_LOOP('',(#8187,#8197,#8206,#8214));
#8187 = ORIENTED_EDGE('',*,*,#8188,.T.);
#8188 = EDGE_CURVE('',#8189,#8191,#8193,.T.);
#8189 = VERTEX_POINT('',#8190);
#8190 = CARTESIAN_POINT('',(149.19,-103.775,1.51));
#8191 = VERTEX_POINT('',#8192);
#8192 = CARTESIAN_POINT('',(149.19,-103.775,1.55));
#8193 = LINE('',#8194,#8195);
#8194 = CARTESIAN_POINT('',(149.19,-103.775,1.51));
#8195 = VECTOR('',#8196,1.);
#8196 = DIRECTION('',(0.,0.,1.));
#8197 = ORIENTED_EDGE('',*,*,#8198,.T.);
#8198 = EDGE_CURVE('',#8191,#8199,#8201,.T.);
#8199 = VERTEX_POINT('',#8200);
#8200 = CARTESIAN_POINT('',(149.325,-103.64,1.55));
#8201 = CIRCLE('',#8202,0.135001418495);
#8202 = AXIS2_PLACEMENT_3D('',#8203,#8204,#8205);
#8203 = CARTESIAN_POINT('',(149.32500141848,-103.7750014184,1.55));
#8204 = DIRECTION('',(0.,0.,-1.));
#8205 = DIRECTION('',(-0.999999999945,1.050720662155E-05,0.));
#8206 = ORIENTED_EDGE('',*,*,#8207,.F.);
#8207 = EDGE_CURVE('',#8208,#8199,#8210,.T.);
#8208 = VERTEX_POINT('',#8209);
#8209 = CARTESIAN_POINT('',(149.325,-103.64,1.51));
#8210 = LINE('',#8211,#8212);
#8211 = CARTESIAN_POINT('',(149.325,-103.64,1.51));
#8212 = VECTOR('',#8213,1.);
#8213 = DIRECTION('',(0.,0.,1.));
#8214 = ORIENTED_EDGE('',*,*,#8215,.F.);
#8215 = EDGE_CURVE('',#8189,#8208,#8216,.T.);
#8216 = CIRCLE('',#8217,0.135001418495);
#8217 = AXIS2_PLACEMENT_3D('',#8218,#8219,#8220);
#8218 = CARTESIAN_POINT('',(149.32500141848,-103.7750014184,1.51));
#8219 = DIRECTION('',(0.,0.,-1.));
#8220 = DIRECTION('',(-0.999999999945,1.050720662155E-05,0.));
#8221 = CYLINDRICAL_SURFACE('',#8222,0.135001418495);
#8222 = AXIS2_PLACEMENT_3D('',#8223,#8224,#8225);
#8223 = CARTESIAN_POINT('',(149.32500141848,-103.7750014184,1.51));
#8224 = DIRECTION('',(0.,0.,-1.));
#8225 = DIRECTION('',(-0.999999999945,1.050720662155E-05,0.));
#8226 = ADVANCED_FACE('',(#8227),#8252,.T.);
#8227 = FACE_BOUND('',#8228,.T.);
#8228 = EDGE_LOOP('',(#8229,#8230,#8238,#8246));
#8229 = ORIENTED_EDGE('',*,*,#8207,.T.);
#8230 = ORIENTED_EDGE('',*,*,#8231,.T.);
#8231 = EDGE_CURVE('',#8199,#8232,#8234,.T.);
#8232 = VERTEX_POINT('',#8233);
#8233 = CARTESIAN_POINT('',(149.695,-103.64,1.55));
#8234 = LINE('',#8235,#8236);
#8235 = CARTESIAN_POINT('',(149.325,-103.64,1.55));
#8236 = VECTOR('',#8237,1.);
#8237 = DIRECTION('',(1.,0.,0.));
#8238 = ORIENTED_EDGE('',*,*,#8239,.F.);
#8239 = EDGE_CURVE('',#8240,#8232,#8242,.T.);
#8240 = VERTEX_POINT('',#8241);
#8241 = CARTESIAN_POINT('',(149.695,-103.64,1.51));
#8242 = LINE('',#8243,#8244);
#8243 = CARTESIAN_POINT('',(149.695,-103.64,1.51));
#8244 = VECTOR('',#8245,1.);
#8245 = DIRECTION('',(0.,0.,1.));
#8246 = ORIENTED_EDGE('',*,*,#8247,.F.);
#8247 = EDGE_CURVE('',#8208,#8240,#8248,.T.);
#8248 = LINE('',#8249,#8250);
#8249 = CARTESIAN_POINT('',(149.325,-103.64,1.51));
#8250 = VECTOR('',#8251,1.);
#8251 = DIRECTION('',(1.,0.,0.));
#8252 = PLANE('',#8253);
#8253 = AXIS2_PLACEMENT_3D('',#8254,#8255,#8256);
#8254 = CARTESIAN_POINT('',(149.325,-103.64,1.51));
#8255 = DIRECTION('',(0.,1.,0.));
#8256 = DIRECTION('',(1.,0.,0.));
#8257 = ADVANCED_FACE('',(#8258),#8285,.T.);
#8258 = FACE_BOUND('',#8259,.T.);
#8259 = EDGE_LOOP('',(#8260,#8261,#8270,#8278));
#8260 = ORIENTED_EDGE('',*,*,#8239,.T.);
#8261 = ORIENTED_EDGE('',*,*,#8262,.T.);
#8262 = EDGE_CURVE('',#8232,#8263,#8265,.T.);
#8263 = VERTEX_POINT('',#8264);
#8264 = CARTESIAN_POINT('',(149.83,-103.775,1.55));
#8265 = CIRCLE('',#8266,0.135001418495);
#8266 = AXIS2_PLACEMENT_3D('',#8267,#8268,#8269);
#8267 = CARTESIAN_POINT('',(149.69499858151,-103.7750014184,1.55));
#8268 = DIRECTION('',(0.,0.,-1.));
#8269 = DIRECTION('',(1.050720651629E-05,0.999999999945,0.));
#8270 = ORIENTED_EDGE('',*,*,#8271,.F.);
#8271 = EDGE_CURVE('',#8272,#8263,#8274,.T.);
#8272 = VERTEX_POINT('',#8273);
#8273 = CARTESIAN_POINT('',(149.83,-103.775,1.51));
#8274 = LINE('',#8275,#8276);
#8275 = CARTESIAN_POINT('',(149.83,-103.775,1.51));
#8276 = VECTOR('',#8277,1.);
#8277 = DIRECTION('',(0.,0.,1.));
#8278 = ORIENTED_EDGE('',*,*,#8279,.F.);
#8279 = EDGE_CURVE('',#8240,#8272,#8280,.T.);
#8280 = CIRCLE('',#8281,0.135001418495);
#8281 = AXIS2_PLACEMENT_3D('',#8282,#8283,#8284);
#8282 = CARTESIAN_POINT('',(149.69499858151,-103.7750014184,1.51));
#8283 = DIRECTION('',(0.,0.,-1.));
#8284 = DIRECTION('',(1.050720651629E-05,0.999999999945,0.));
#8285 = CYLINDRICAL_SURFACE('',#8286,0.135001418495);
#8286 = AXIS2_PLACEMENT_3D('',#8287,#8288,#8289);
#8287 = CARTESIAN_POINT('',(149.69499858151,-103.7750014184,1.51));
#8288 = DIRECTION('',(0.,0.,-1.));
#8289 = DIRECTION('',(1.050720651629E-05,0.999999999945,0.));
#8290 = ADVANCED_FACE('',(#8291),#8316,.T.);
#8291 = FACE_BOUND('',#8292,.T.);
#8292 = EDGE_LOOP('',(#8293,#8294,#8302,#8310));
#8293 = ORIENTED_EDGE('',*,*,#8271,.T.);
#8294 = ORIENTED_EDGE('',*,*,#8295,.T.);
#8295 = EDGE_CURVE('',#8263,#8296,#8298,.T.);
#8296 = VERTEX_POINT('',#8297);
#8297 = CARTESIAN_POINT('',(149.83,-104.045,1.55));
#8298 = LINE('',#8299,#8300);
#8299 = CARTESIAN_POINT('',(149.83,-103.775,1.55));
#8300 = VECTOR('',#8301,1.);
#8301 = DIRECTION('',(0.,-1.,0.));
#8302 = ORIENTED_EDGE('',*,*,#8303,.F.);
#8303 = EDGE_CURVE('',#8304,#8296,#8306,.T.);
#8304 = VERTEX_POINT('',#8305);
#8305 = CARTESIAN_POINT('',(149.83,-104.045,1.51));
#8306 = LINE('',#8307,#8308);
#8307 = CARTESIAN_POINT('',(149.83,-104.045,1.51));
#8308 = VECTOR('',#8309,1.);
#8309 = DIRECTION('',(0.,0.,1.));
#8310 = ORIENTED_EDGE('',*,*,#8311,.F.);
#8311 = EDGE_CURVE('',#8272,#8304,#8312,.T.);
#8312 = LINE('',#8313,#8314);
#8313 = CARTESIAN_POINT('',(149.83,-103.775,1.51));
#8314 = VECTOR('',#8315,1.);
#8315 = DIRECTION('',(0.,-1.,0.));
#8316 = PLANE('',#8317);
#8317 = AXIS2_PLACEMENT_3D('',#8318,#8319,#8320);
#8318 = CARTESIAN_POINT('',(149.83,-103.775,1.51));
#8319 = DIRECTION('',(1.,0.,-0.));
#8320 = DIRECTION('',(0.,-1.,0.));
#8321 = ADVANCED_FACE('',(#8322),#8349,.T.);
#8322 = FACE_BOUND('',#8323,.T.);
#8323 = EDGE_LOOP('',(#8324,#8325,#8334,#8342));
#8324 = ORIENTED_EDGE('',*,*,#8303,.T.);
#8325 = ORIENTED_EDGE('',*,*,#8326,.T.);
#8326 = EDGE_CURVE('',#8296,#8327,#8329,.T.);
#8327 = VERTEX_POINT('',#8328);
#8328 = CARTESIAN_POINT('',(149.695,-104.18,1.55));
#8329 = CIRCLE('',#8330,0.135001418495);
#8330 = AXIS2_PLACEMENT_3D('',#8331,#8332,#8333);
#8331 = CARTESIAN_POINT('',(149.69499858151,-104.0449985815,1.55));
#8332 = DIRECTION('',(0.,0.,-1.));
#8333 = DIRECTION('',(0.999999999945,-1.050720662155E-05,0.));
#8334 = ORIENTED_EDGE('',*,*,#8335,.F.);
#8335 = EDGE_CURVE('',#8336,#8327,#8338,.T.);
#8336 = VERTEX_POINT('',#8337);
#8337 = CARTESIAN_POINT('',(149.695,-104.18,1.51));
#8338 = LINE('',#8339,#8340);
#8339 = CARTESIAN_POINT('',(149.695,-104.18,1.51));
#8340 = VECTOR('',#8341,1.);
#8341 = DIRECTION('',(0.,0.,1.));
#8342 = ORIENTED_EDGE('',*,*,#8343,.F.);
#8343 = EDGE_CURVE('',#8304,#8336,#8344,.T.);
#8344 = CIRCLE('',#8345,0.135001418495);
#8345 = AXIS2_PLACEMENT_3D('',#8346,#8347,#8348);
#8346 = CARTESIAN_POINT('',(149.69499858151,-104.0449985815,1.51));
#8347 = DIRECTION('',(0.,0.,-1.));
#8348 = DIRECTION('',(0.999999999945,-1.050720662155E-05,0.));
#8349 = CYLINDRICAL_SURFACE('',#8350,0.135001418495);
#8350 = AXIS2_PLACEMENT_3D('',#8351,#8352,#8353);
#8351 = CARTESIAN_POINT('',(149.69499858151,-104.0449985815,1.51));
#8352 = DIRECTION('',(0.,0.,-1.));
#8353 = DIRECTION('',(0.999999999945,-1.050720662155E-05,0.));
#8354 = ADVANCED_FACE('',(#8355),#8380,.T.);
#8355 = FACE_BOUND('',#8356,.T.);
#8356 = EDGE_LOOP('',(#8357,#8358,#8366,#8374));
#8357 = ORIENTED_EDGE('',*,*,#8335,.T.);
#8358 = ORIENTED_EDGE('',*,*,#8359,.T.);
#8359 = EDGE_CURVE('',#8327,#8360,#8362,.T.);
#8360 = VERTEX_POINT('',#8361);
#8361 = CARTESIAN_POINT('',(149.325,-104.18,1.55));
#8362 = LINE('',#8363,#8364);
#8363 = CARTESIAN_POINT('',(149.695,-104.18,1.55));
#8364 = VECTOR('',#8365,1.);
#8365 = DIRECTION('',(-1.,0.,0.));
#8366 = ORIENTED_EDGE('',*,*,#8367,.F.);
#8367 = EDGE_CURVE('',#8368,#8360,#8370,.T.);
#8368 = VERTEX_POINT('',#8369);
#8369 = CARTESIAN_POINT('',(149.325,-104.18,1.51));
#8370 = LINE('',#8371,#8372);
#8371 = CARTESIAN_POINT('',(149.325,-104.18,1.51));
#8372 = VECTOR('',#8373,1.);
#8373 = DIRECTION('',(0.,0.,1.));
#8374 = ORIENTED_EDGE('',*,*,#8375,.F.);
#8375 = EDGE_CURVE('',#8336,#8368,#8376,.T.);
#8376 = LINE('',#8377,#8378);
#8377 = CARTESIAN_POINT('',(149.695,-104.18,1.51));
#8378 = VECTOR('',#8379,1.);
#8379 = DIRECTION('',(-1.,0.,0.));
#8380 = PLANE('',#8381);
#8381 = AXIS2_PLACEMENT_3D('',#8382,#8383,#8384);
#8382 = CARTESIAN_POINT('',(149.695,-104.18,1.51));
#8383 = DIRECTION('',(0.,-1.,0.));
#8384 = DIRECTION('',(-1.,0.,0.));
#8385 = ADVANCED_FACE('',(#8386),#8413,.T.);
#8386 = FACE_BOUND('',#8387,.T.);
#8387 = EDGE_LOOP('',(#8388,#8389,#8398,#8406));
#8388 = ORIENTED_EDGE('',*,*,#8367,.T.);
#8389 = ORIENTED_EDGE('',*,*,#8390,.T.);
#8390 = EDGE_CURVE('',#8360,#8391,#8393,.T.);
#8391 = VERTEX_POINT('',#8392);
#8392 = CARTESIAN_POINT('',(149.19,-104.045,1.55));
#8393 = CIRCLE('',#8394,0.135001418495);
#8394 = AXIS2_PLACEMENT_3D('',#8395,#8396,#8397);
#8395 = CARTESIAN_POINT('',(149.32500141848,-104.0449985815,1.55));
#8396 = DIRECTION('',(0.,0.,-1.));
#8397 = DIRECTION('',(-1.050720672682E-05,-0.999999999945,-0.));
#8398 = ORIENTED_EDGE('',*,*,#8399,.F.);
#8399 = EDGE_CURVE('',#8400,#8391,#8402,.T.);
#8400 = VERTEX_POINT('',#8401);
#8401 = CARTESIAN_POINT('',(149.19,-104.045,1.51));
#8402 = LINE('',#8403,#8404);
#8403 = CARTESIAN_POINT('',(149.19,-104.045,1.51));
#8404 = VECTOR('',#8405,1.);
#8405 = DIRECTION('',(0.,0.,1.));
#8406 = ORIENTED_EDGE('',*,*,#8407,.F.);
#8407 = EDGE_CURVE('',#8368,#8400,#8408,.T.);
#8408 = CIRCLE('',#8409,0.135001418495);
#8409 = AXIS2_PLACEMENT_3D('',#8410,#8411,#8412);
#8410 = CARTESIAN_POINT('',(149.32500141848,-104.0449985815,1.51));
#8411 = DIRECTION('',(0.,0.,-1.));
#8412 = DIRECTION('',(-1.050720672682E-05,-0.999999999945,-0.));
#8413 = CYLINDRICAL_SURFACE('',#8414,0.135001418495);
#8414 = AXIS2_PLACEMENT_3D('',#8415,#8416,#8417);
#8415 = CARTESIAN_POINT('',(149.32500141848,-104.0449985815,1.51));
#8416 = DIRECTION('',(0.,0.,-1.));
#8417 = DIRECTION('',(-1.050720672682E-05,-0.999999999945,-0.));
#8418 = ADVANCED_FACE('',(#8419),#8435,.T.);
#8419 = FACE_BOUND('',#8420,.T.);
#8420 = EDGE_LOOP('',(#8421,#8422,#8428,#8429));
#8421 = ORIENTED_EDGE('',*,*,#8399,.T.);
#8422 = ORIENTED_EDGE('',*,*,#8423,.T.);
#8423 = EDGE_CURVE('',#8391,#8191,#8424,.T.);
#8424 = LINE('',#8425,#8426);
#8425 = CARTESIAN_POINT('',(149.19,-104.045,1.55));
#8426 = VECTOR('',#8427,1.);
#8427 = DIRECTION('',(0.,1.,0.));
#8428 = ORIENTED_EDGE('',*,*,#8188,.F.);
#8429 = ORIENTED_EDGE('',*,*,#8430,.F.);
#8430 = EDGE_CURVE('',#8400,#8189,#8431,.T.);
#8431 = LINE('',#8432,#8433);
#8432 = CARTESIAN_POINT('',(149.19,-104.045,1.51));
#8433 = VECTOR('',#8434,1.);
#8434 = DIRECTION('',(0.,1.,0.));
#8435 = PLANE('',#8436);
#8436 = AXIS2_PLACEMENT_3D('',#8437,#8438,#8439);
#8437 = CARTESIAN_POINT('',(149.19,-104.045,1.51));
#8438 = DIRECTION('',(-1.,0.,0.));
#8439 = DIRECTION('',(0.,1.,0.));
#8440 = ADVANCED_FACE('',(#8441),#8451,.F.);
#8441 = FACE_BOUND('',#8442,.T.);
#8442 = EDGE_LOOP('',(#8443,#8444,#8445,#8446,#8447,#8448,#8449,#8450));
#8443 = ORIENTED_EDGE('',*,*,#8215,.T.);
#8444 = ORIENTED_EDGE('',*,*,#8247,.T.);
#8445 = ORIENTED_EDGE('',*,*,#8279,.T.);
#8446 = ORIENTED_EDGE('',*,*,#8311,.T.);
#8447 = ORIENTED_EDGE('',*,*,#8343,.T.);
#8448 = ORIENTED_EDGE('',*,*,#8375,.T.);
#8449 = ORIENTED_EDGE('',*,*,#8407,.T.);
#8450 = ORIENTED_EDGE('',*,*,#8430,.T.);
#8451 = PLANE('',#8452);
#8452 = AXIS2_PLACEMENT_3D('',#8453,#8454,#8455);
#8453 = CARTESIAN_POINT('',(0.,0.,1.51));
#8454 = DIRECTION('',(0.,0.,1.));
#8455 = DIRECTION('',(1.,0.,-0.));
#8456 = ADVANCED_FACE('',(#8457),#8467,.T.);
#8457 = FACE_BOUND('',#8458,.F.);
#8458 = EDGE_LOOP('',(#8459,#8460,#8461,#8462,#8463,#8464,#8465,#8466));
#8459 = ORIENTED_EDGE('',*,*,#8198,.T.);
#8460 = ORIENTED_EDGE('',*,*,#8231,.T.);
#8461 = ORIENTED_EDGE('',*,*,#8262,.T.);
#8462 = ORIENTED_EDGE('',*,*,#8295,.T.);
#8463 = ORIENTED_EDGE('',*,*,#8326,.T.);
#8464 = ORIENTED_EDGE('',*,*,#8359,.T.);
#8465 = ORIENTED_EDGE('',*,*,#8390,.T.);
#8466 = ORIENTED_EDGE('',*,*,#8423,.T.);
#8467 = PLANE('',#8468);
#8468 = AXIS2_PLACEMENT_3D('',#8469,#8470,#8471);
#8469 = CARTESIAN_POINT('',(0.,0.,1.55));
#8470 = DIRECTION('',(0.,0.,1.));
#8471 = DIRECTION('',(1.,0.,-0.));
#8472 = MANIFOLD_SOLID_BREP('',#8473);
#8473 = CLOSED_SHELL('',(#8474,#8507,#8527,#8547));
#8474 = ADVANCED_FACE('',(#8475),#8502,.T.);
#8475 = FACE_BOUND('',#8476,.F.);
#8476 = EDGE_LOOP('',(#8477,#8487,#8494,#8495));
#8477 = ORIENTED_EDGE('',*,*,#8478,.T.);
#8478 = EDGE_CURVE('',#8479,#8481,#8483,.T.);
#8479 = VERTEX_POINT('',#8480);
#8480 = CARTESIAN_POINT('',(152.155,-104.32,1.51));
#8481 = VERTEX_POINT('',#8482);
#8482 = CARTESIAN_POINT('',(152.155,-104.32,1.55));
#8483 = LINE('',#8484,#8485);
#8484 = CARTESIAN_POINT('',(152.155,-104.32,1.51));
#8485 = VECTOR('',#8486,1.);
#8486 = DIRECTION('',(0.,0.,1.));
#8487 = ORIENTED_EDGE('',*,*,#8488,.T.);
#8488 = EDGE_CURVE('',#8481,#8481,#8489,.T.);
#8489 = CIRCLE('',#8490,0.675);
#8490 = AXIS2_PLACEMENT_3D('',#8491,#8492,#8493);
#8491 = CARTESIAN_POINT('',(151.48,-104.32,1.55));
#8492 = DIRECTION('',(0.,0.,1.));
#8493 = DIRECTION('',(1.,0.,-0.));
#8494 = ORIENTED_EDGE('',*,*,#8478,.F.);
#8495 = ORIENTED_EDGE('',*,*,#8496,.F.);
#8496 = EDGE_CURVE('',#8479,#8479,#8497,.T.);
#8497 = CIRCLE('',#8498,0.675);
#8498 = AXIS2_PLACEMENT_3D('',#8499,#8500,#8501);
#8499 = CARTESIAN_POINT('',(151.48,-104.32,1.51));
#8500 = DIRECTION('',(0.,0.,1.));
#8501 = DIRECTION('',(1.,0.,-0.));
#8502 = CYLINDRICAL_SURFACE('',#8503,0.675);
#8503 = AXIS2_PLACEMENT_3D('',#8504,#8505,#8506);
#8504 = CARTESIAN_POINT('',(151.48,-104.32,1.51));
#8505 = DIRECTION('',(-0.,-0.,-1.));
#8506 = DIRECTION('',(1.,0.,-0.));
#8507 = ADVANCED_FACE('',(#8508,#8511),#8522,.F.);
#8508 = FACE_BOUND('',#8509,.F.);
#8509 = EDGE_LOOP('',(#8510));
#8510 = ORIENTED_EDGE('',*,*,#8496,.T.);
#8511 = FACE_BOUND('',#8512,.F.);
#8512 = EDGE_LOOP('',(#8513));
#8513 = ORIENTED_EDGE('',*,*,#8514,.T.);
#8514 = EDGE_CURVE('',#8515,#8515,#8517,.T.);
#8515 = VERTEX_POINT('',#8516);
#8516 = CARTESIAN_POINT('',(151.48,-104.695,1.51));
#8517 = CIRCLE('',#8518,0.375);
#8518 = AXIS2_PLACEMENT_3D('',#8519,#8520,#8521);
#8519 = CARTESIAN_POINT('',(151.48,-104.32,1.51));
#8520 = DIRECTION('',(-0.,0.,-1.));
#8521 = DIRECTION('',(-0.,-1.,0.));
#8522 = PLANE('',#8523);
#8523 = AXIS2_PLACEMENT_3D('',#8524,#8525,#8526);
#8524 = CARTESIAN_POINT('',(0.,0.,1.51));
#8525 = DIRECTION('',(0.,0.,1.));
#8526 = DIRECTION('',(1.,0.,-0.));
#8527 = ADVANCED_FACE('',(#8528,#8531),#8542,.T.);
#8528 = FACE_BOUND('',#8529,.T.);
#8529 = EDGE_LOOP('',(#8530));
#8530 = ORIENTED_EDGE('',*,*,#8488,.T.);
#8531 = FACE_BOUND('',#8532,.T.);
#8532 = EDGE_LOOP('',(#8533));
#8533 = ORIENTED_EDGE('',*,*,#8534,.T.);
#8534 = EDGE_CURVE('',#8535,#8535,#8537,.T.);
#8535 = VERTEX_POINT('',#8536);
#8536 = CARTESIAN_POINT('',(151.48,-104.695,1.55));
#8537 = CIRCLE('',#8538,0.375);
#8538 = AXIS2_PLACEMENT_3D('',#8539,#8540,#8541);
#8539 = CARTESIAN_POINT('',(151.48,-104.32,1.55));
#8540 = DIRECTION('',(-0.,0.,-1.));
#8541 = DIRECTION('',(-0.,-1.,0.));
#8542 = PLANE('',#8543);
#8543 = AXIS2_PLACEMENT_3D('',#8544,#8545,#8546);
#8544 = CARTESIAN_POINT('',(0.,0.,1.55));
#8545 = DIRECTION('',(0.,0.,1.));
#8546 = DIRECTION('',(1.,0.,-0.));
#8547 = ADVANCED_FACE('',(#8548),#8559,.F.);
#8548 = FACE_BOUND('',#8549,.T.);
#8549 = EDGE_LOOP('',(#8550,#8551,#8557,#8558));
#8550 = ORIENTED_EDGE('',*,*,#8514,.T.);
#8551 = ORIENTED_EDGE('',*,*,#8552,.T.);
#8552 = EDGE_CURVE('',#8515,#8535,#8553,.T.);
#8553 = LINE('',#8554,#8555);
#8554 = CARTESIAN_POINT('',(151.48,-104.695,-4.6E-02));
#8555 = VECTOR('',#8556,1.);
#8556 = DIRECTION('',(0.,0.,1.));
#8557 = ORIENTED_EDGE('',*,*,#8534,.F.);
#8558 = ORIENTED_EDGE('',*,*,#8552,.F.);
#8559 = CYLINDRICAL_SURFACE('',#8560,0.375);
#8560 = AXIS2_PLACEMENT_3D('',#8561,#8562,#8563);
#8561 = CARTESIAN_POINT('',(151.48,-104.32,-4.6E-02));
#8562 = DIRECTION('',(-0.,-0.,-1.));
#8563 = DIRECTION('',(-0.,-1.,0.));
#8564 = MANIFOLD_SOLID_BREP('',#8565);
#8565 = CLOSED_SHELL('',(#8566,#8599,#8619,#8639));
#8566 = ADVANCED_FACE('',(#8567),#8594,.T.);
#8567 = FACE_BOUND('',#8568,.T.);
#8568 = EDGE_LOOP('',(#8569,#8579,#8586,#8587));
#8569 = ORIENTED_EDGE('',*,*,#8570,.T.);
#8570 = EDGE_CURVE('',#8571,#8573,#8575,.T.);
#8571 = VERTEX_POINT('',#8572);
#8572 = CARTESIAN_POINT('',(152.155,-104.32,0.));
#8573 = VERTEX_POINT('',#8574);
#8574 = CARTESIAN_POINT('',(152.155,-104.32,-4.E-02));
#8575 = LINE('',#8576,#8577);
#8576 = CARTESIAN_POINT('',(152.155,-104.32,0.));
#8577 = VECTOR('',#8578,1.);
#8578 = DIRECTION('',(0.,0.,-1.));
#8579 = ORIENTED_EDGE('',*,*,#8580,.T.);
#8580 = EDGE_CURVE('',#8573,#8573,#8581,.T.);
#8581 = CIRCLE('',#8582,0.675);
#8582 = AXIS2_PLACEMENT_3D('',#8583,#8584,#8585);
#8583 = CARTESIAN_POINT('',(151.48,-104.32,-4.E-02));
#8584 = DIRECTION('',(0.,0.,1.));
#8585 = DIRECTION('',(1.,0.,-0.));
#8586 = ORIENTED_EDGE('',*,*,#8570,.F.);
#8587 = ORIENTED_EDGE('',*,*,#8588,.F.);
#8588 = EDGE_CURVE('',#8571,#8571,#8589,.T.);
#8589 = CIRCLE('',#8590,0.675);
#8590 = AXIS2_PLACEMENT_3D('',#8591,#8592,#8593);
#8591 = CARTESIAN_POINT('',(151.48,-104.32,0.));
#8592 = DIRECTION('',(0.,0.,1.));
#8593 = DIRECTION('',(1.,0.,-0.));
#8594 = CYLINDRICAL_SURFACE('',#8595,0.675);
#8595 = AXIS2_PLACEMENT_3D('',#8596,#8597,#8598);
#8596 = CARTESIAN_POINT('',(151.48,-104.32,0.));
#8597 = DIRECTION('',(0.,0.,1.));
#8598 = DIRECTION('',(1.,0.,-0.));
#8599 = ADVANCED_FACE('',(#8600,#8603),#8614,.F.);
#8600 = FACE_BOUND('',#8601,.F.);
#8601 = EDGE_LOOP('',(#8602));
#8602 = ORIENTED_EDGE('',*,*,#8588,.F.);
#8603 = FACE_BOUND('',#8604,.F.);
#8604 = EDGE_LOOP('',(#8605));
#8605 = ORIENTED_EDGE('',*,*,#8606,.F.);
#8606 = EDGE_CURVE('',#8607,#8607,#8609,.T.);
#8607 = VERTEX_POINT('',#8608);
#8608 = CARTESIAN_POINT('',(151.48,-104.695,0.));
#8609 = CIRCLE('',#8610,0.375);
#8610 = AXIS2_PLACEMENT_3D('',#8611,#8612,#8613);
#8611 = CARTESIAN_POINT('',(151.48,-104.32,0.));
#8612 = DIRECTION('',(-0.,0.,-1.));
#8613 = DIRECTION('',(-0.,-1.,0.));
#8614 = PLANE('',#8615);
#8615 = AXIS2_PLACEMENT_3D('',#8616,#8617,#8618);
#8616 = CARTESIAN_POINT('',(0.,0.,0.));
#8617 = DIRECTION('',(-0.,-0.,-1.));
#8618 = DIRECTION('',(-1.,0.,0.));
#8619 = ADVANCED_FACE('',(#8620,#8623),#8634,.T.);
#8620 = FACE_BOUND('',#8621,.T.);
#8621 = EDGE_LOOP('',(#8622));
#8622 = ORIENTED_EDGE('',*,*,#8580,.F.);
#8623 = FACE_BOUND('',#8624,.T.);
#8624 = EDGE_LOOP('',(#8625));
#8625 = ORIENTED_EDGE('',*,*,#8626,.F.);
#8626 = EDGE_CURVE('',#8627,#8627,#8629,.T.);
#8627 = VERTEX_POINT('',#8628);
#8628 = CARTESIAN_POINT('',(151.48,-104.695,-4.E-02));
#8629 = CIRCLE('',#8630,0.375);
#8630 = AXIS2_PLACEMENT_3D('',#8631,#8632,#8633);
#8631 = CARTESIAN_POINT('',(151.48,-104.32,-4.E-02));
#8632 = DIRECTION('',(-0.,0.,-1.));
#8633 = DIRECTION('',(-0.,-1.,0.));
#8634 = PLANE('',#8635);
#8635 = AXIS2_PLACEMENT_3D('',#8636,#8637,#8638);
#8636 = CARTESIAN_POINT('',(0.,0.,-4.E-02));
#8637 = DIRECTION('',(-0.,-0.,-1.));
#8638 = DIRECTION('',(-1.,0.,0.));
#8639 = ADVANCED_FACE('',(#8640),#8651,.F.);
#8640 = FACE_BOUND('',#8641,.T.);
#8641 = EDGE_LOOP('',(#8642,#8643,#8649,#8650));
#8642 = ORIENTED_EDGE('',*,*,#8626,.T.);
#8643 = ORIENTED_EDGE('',*,*,#8644,.T.);
#8644 = EDGE_CURVE('',#8627,#8607,#8645,.T.);
#8645 = LINE('',#8646,#8647);
#8646 = CARTESIAN_POINT('',(151.48,-104.695,-4.6E-02));
#8647 = VECTOR('',#8648,1.);
#8648 = DIRECTION('',(0.,0.,1.));
#8649 = ORIENTED_EDGE('',*,*,#8606,.F.);
#8650 = ORIENTED_EDGE('',*,*,#8644,.F.);
#8651 = CYLINDRICAL_SURFACE('',#8652,0.375);
#8652 = AXIS2_PLACEMENT_3D('',#8653,#8654,#8655);
#8653 = CARTESIAN_POINT('',(151.48,-104.32,-4.6E-02));
#8654 = DIRECTION('',(-0.,-0.,-1.));
#8655 = DIRECTION('',(-0.,-1.,0.));
#8656 = MANIFOLD_SOLID_BREP('',#8657);
#8657 = CLOSED_SHELL('',(#8658,#8691,#8711,#8731));
#8658 = ADVANCED_FACE('',(#8659),#8686,.T.);
#8659 = FACE_BOUND('',#8660,.F.);
#8660 = EDGE_LOOP('',(#8661,#8671,#8678,#8679));
#8661 = ORIENTED_EDGE('',*,*,#8662,.T.);
#8662 = EDGE_CURVE('',#8663,#8665,#8667,.T.);
#8663 = VERTEX_POINT('',#8664);
#8664 = CARTESIAN_POINT('',(151.48,-104.72,-4.E-02));
#8665 = VERTEX_POINT('',#8666);
#8666 = CARTESIAN_POINT('',(151.48,-104.72,1.55));
#8667 = LINE('',#8668,#8669);
#8668 = CARTESIAN_POINT('',(151.48,-104.72,-4.E-02));
#8669 = VECTOR('',#8670,1.);
#8670 = DIRECTION('',(0.,0.,1.));
#8671 = ORIENTED_EDGE('',*,*,#8672,.T.);
#8672 = EDGE_CURVE('',#8665,#8665,#8673,.T.);
#8673 = CIRCLE('',#8674,0.4);
#8674 = AXIS2_PLACEMENT_3D('',#8675,#8676,#8677);
#8675 = CARTESIAN_POINT('',(151.48,-104.32,1.55));
#8676 = DIRECTION('',(0.,0.,1.));
#8677 = DIRECTION('',(-7.105427357601E-14,-1.,0.));
#8678 = ORIENTED_EDGE('',*,*,#8662,.F.);
#8679 = ORIENTED_EDGE('',*,*,#8680,.F.);
#8680 = EDGE_CURVE('',#8663,#8663,#8681,.T.);
#8681 = CIRCLE('',#8682,0.4);
#8682 = AXIS2_PLACEMENT_3D('',#8683,#8684,#8685);
#8683 = CARTESIAN_POINT('',(151.48,-104.32,-4.E-02));
#8684 = DIRECTION('',(0.,0.,1.));
#8685 = DIRECTION('',(-7.105427357601E-14,-1.,0.));
#8686 = CYLINDRICAL_SURFACE('',#8687,0.4);
#8687 = AXIS2_PLACEMENT_3D('',#8688,#8689,#8690);
#8688 = CARTESIAN_POINT('',(151.48,-104.32,-4.E-02));
#8689 = DIRECTION('',(-0.,-0.,-1.));
#8690 = DIRECTION('',(-7.105427357601E-14,-1.,0.));
#8691 = ADVANCED_FACE('',(#8692,#8695),#8706,.F.);
#8692 = FACE_BOUND('',#8693,.F.);
#8693 = EDGE_LOOP('',(#8694));
#8694 = ORIENTED_EDGE('',*,*,#8680,.T.);
#8695 = FACE_BOUND('',#8696,.F.);
#8696 = EDGE_LOOP('',(#8697));
#8697 = ORIENTED_EDGE('',*,*,#8698,.T.);
#8698 = EDGE_CURVE('',#8699,#8699,#8701,.T.);
#8699 = VERTEX_POINT('',#8700);
#8700 = CARTESIAN_POINT('',(151.48,-104.695,-4.E-02));
#8701 = CIRCLE('',#8702,0.375);
#8702 = AXIS2_PLACEMENT_3D('',#8703,#8704,#8705);
#8703 = CARTESIAN_POINT('',(151.48,-104.32,-4.E-02));
#8704 = DIRECTION('',(-0.,0.,-1.));
#8705 = DIRECTION('',(-0.,-1.,0.));
#8706 = PLANE('',#8707);
#8707 = AXIS2_PLACEMENT_3D('',#8708,#8709,#8710);
#8708 = CARTESIAN_POINT('',(151.48,-104.72,-4.E-02));
#8709 = DIRECTION('',(0.,0.,1.));
#8710 = DIRECTION('',(1.,0.,-0.));
#8711 = ADVANCED_FACE('',(#8712,#8715),#8726,.T.);
#8712 = FACE_BOUND('',#8713,.T.);
#8713 = EDGE_LOOP('',(#8714));
#8714 = ORIENTED_EDGE('',*,*,#8672,.T.);
#8715 = FACE_BOUND('',#8716,.T.);
#8716 = EDGE_LOOP('',(#8717));
#8717 = ORIENTED_EDGE('',*,*,#8718,.T.);
#8718 = EDGE_CURVE('',#8719,#8719,#8721,.T.);
#8719 = VERTEX_POINT('',#8720);
#8720 = CARTESIAN_POINT('',(151.48,-104.695,1.55));
#8721 = CIRCLE('',#8722,0.375);
#8722 = AXIS2_PLACEMENT_3D('',#8723,#8724,#8725);
#8723 = CARTESIAN_POINT('',(151.48,-104.32,1.55));
#8724 = DIRECTION('',(-0.,0.,-1.));
#8725 = DIRECTION('',(-0.,-1.,0.));
#8726 = PLANE('',#8727);
#8727 = AXIS2_PLACEMENT_3D('',#8728,#8729,#8730);
#8728 = CARTESIAN_POINT('',(151.48,-104.72,1.55));
#8729 = DIRECTION('',(0.,0.,1.));
#8730 = DIRECTION('',(1.,0.,-0.));
#8731 = ADVANCED_FACE('',(#8732),#8743,.F.);
#8732 = FACE_BOUND('',#8733,.T.);
#8733 = EDGE_LOOP('',(#8734,#8735,#8741,#8742));
#8734 = ORIENTED_EDGE('',*,*,#8698,.T.);
#8735 = ORIENTED_EDGE('',*,*,#8736,.T.);
#8736 = EDGE_CURVE('',#8699,#8719,#8737,.T.);
#8737 = LINE('',#8738,#8739);
#8738 = CARTESIAN_POINT('',(151.48,-104.695,-4.6E-02));
#8739 = VECTOR('',#8740,1.);
#8740 = DIRECTION('',(0.,0.,1.));
#8741 = ORIENTED_EDGE('',*,*,#8718,.F.);
#8742 = ORIENTED_EDGE('',*,*,#8736,.F.);
#8743 = CYLINDRICAL_SURFACE('',#8744,0.375);
#8744 = AXIS2_PLACEMENT_3D('',#8745,#8746,#8747);
#8745 = CARTESIAN_POINT('',(151.48,-104.32,-4.6E-02));
#8746 = DIRECTION('',(-0.,-0.,-1.));
#8747 = DIRECTION('',(-0.,-1.,0.));
#8748 = MANIFOLD_SOLID_BREP('',#8749);
#8749 = CLOSED_SHELL('',(#8750,#8790,#8821,#8852,#8880,#8908,#8920));
#8750 = ADVANCED_FACE('',(#8751),#8785,.T.);
#8751 = FACE_BOUND('',#8752,.T.);
#8752 = EDGE_LOOP('',(#8753,#8763,#8771,#8779));
#8753 = ORIENTED_EDGE('',*,*,#8754,.T.);
#8754 = EDGE_CURVE('',#8755,#8757,#8759,.T.);
#8755 = VERTEX_POINT('',#8756);
#8756 = CARTESIAN_POINT('',(150.805,-100.995,1.51));
#8757 = VERTEX_POINT('',#8758);
#8758 = CARTESIAN_POINT('',(150.805,-100.995,1.55));
#8759 = LINE('',#8760,#8761);
#8760 = CARTESIAN_POINT('',(150.805,-100.995,1.51));
#8761 = VECTOR('',#8762,1.);
#8762 = DIRECTION('',(0.,0.,1.));
#8763 = ORIENTED_EDGE('',*,*,#8764,.T.);
#8764 = EDGE_CURVE('',#8757,#8765,#8767,.T.);
#8765 = VERTEX_POINT('',#8766);
#8766 = CARTESIAN_POINT('',(150.805,-99.645,1.55));
#8767 = LINE('',#8768,#8769);
#8768 = CARTESIAN_POINT('',(150.805,-100.995,1.55));
#8769 = VECTOR('',#8770,1.);
#8770 = DIRECTION('',(0.,1.,0.));
#8771 = ORIENTED_EDGE('',*,*,#8772,.F.);
#8772 = EDGE_CURVE('',#8773,#8765,#8775,.T.);
#8773 = VERTEX_POINT('',#8774);
#8774 = CARTESIAN_POINT('',(150.805,-99.645,1.51));
#8775 = LINE('',#8776,#8777);
#8776 = CARTESIAN_POINT('',(150.805,-99.645,1.51));
#8777 = VECTOR('',#8778,1.);
#8778 = DIRECTION('',(0.,0.,1.));
#8779 = ORIENTED_EDGE('',*,*,#8780,.F.);
#8780 = EDGE_CURVE('',#8755,#8773,#8781,.T.);
#8781 = LINE('',#8782,#8783);
#8782 = CARTESIAN_POINT('',(150.805,-100.995,1.51));
#8783 = VECTOR('',#8784,1.);
#8784 = DIRECTION('',(0.,1.,0.));
#8785 = PLANE('',#8786);
#8786 = AXIS2_PLACEMENT_3D('',#8787,#8788,#8789);
#8787 = CARTESIAN_POINT('',(150.805,-100.995,1.51));
#8788 = DIRECTION('',(-1.,0.,0.));
#8789 = DIRECTION('',(0.,1.,0.));
#8790 = ADVANCED_FACE('',(#8791),#8816,.T.);
#8791 = FACE_BOUND('',#8792,.T.);
#8792 = EDGE_LOOP('',(#8793,#8803,#8809,#8810));
#8793 = ORIENTED_EDGE('',*,*,#8794,.T.);
#8794 = EDGE_CURVE('',#8795,#8797,#8799,.T.);
#8795 = VERTEX_POINT('',#8796);
#8796 = CARTESIAN_POINT('',(152.155,-100.995,1.51));
#8797 = VERTEX_POINT('',#8798);
#8798 = CARTESIAN_POINT('',(152.155,-100.995,1.55));
#8799 = LINE('',#8800,#8801);
#8800 = CARTESIAN_POINT('',(152.155,-100.995,1.51));
#8801 = VECTOR('',#8802,1.);
#8802 = DIRECTION('',(0.,0.,1.));
#8803 = ORIENTED_EDGE('',*,*,#8804,.T.);
#8804 = EDGE_CURVE('',#8797,#8757,#8805,.T.);
#8805 = LINE('',#8806,#8807);
#8806 = CARTESIAN_POINT('',(152.155,-100.995,1.55));
#8807 = VECTOR('',#8808,1.);
#8808 = DIRECTION('',(-1.,0.,0.));
#8809 = ORIENTED_EDGE('',*,*,#8754,.F.);
#8810 = ORIENTED_EDGE('',*,*,#8811,.F.);
#8811 = EDGE_CURVE('',#8795,#8755,#8812,.T.);
#8812 = LINE('',#8813,#8814);
#8813 = CARTESIAN_POINT('',(152.155,-100.995,1.51));
#8814 = VECTOR('',#8815,1.);
#8815 = DIRECTION('',(-1.,0.,0.));
#8816 = PLANE('',#8817);
#8817 = AXIS2_PLACEMENT_3D('',#8818,#8819,#8820);
#8818 = CARTESIAN_POINT('',(152.155,-100.995,1.51));
#8819 = DIRECTION('',(0.,-1.,0.));
#8820 = DIRECTION('',(-1.,0.,0.));
#8821 = ADVANCED_FACE('',(#8822),#8847,.T.);
#8822 = FACE_BOUND('',#8823,.T.);
#8823 = EDGE_LOOP('',(#8824,#8825,#8833,#8841));
#8824 = ORIENTED_EDGE('',*,*,#8772,.T.);
#8825 = ORIENTED_EDGE('',*,*,#8826,.T.);
#8826 = EDGE_CURVE('',#8765,#8827,#8829,.T.);
#8827 = VERTEX_POINT('',#8828);
#8828 = CARTESIAN_POINT('',(152.155,-99.645,1.55));
#8829 = LINE('',#8830,#8831);
#8830 = CARTESIAN_POINT('',(150.805,-99.645,1.55));
#8831 = VECTOR('',#8832,1.);
#8832 = DIRECTION('',(1.,0.,0.));
#8833 = ORIENTED_EDGE('',*,*,#8834,.F.);
#8834 = EDGE_CURVE('',#8835,#8827,#8837,.T.);
#8835 = VERTEX_POINT('',#8836);
#8836 = CARTESIAN_POINT('',(152.155,-99.645,1.51));
#8837 = LINE('',#8838,#8839);
#8838 = CARTESIAN_POINT('',(152.155,-99.645,1.51));
#8839 = VECTOR('',#8840,1.);
#8840 = DIRECTION('',(0.,0.,1.));
#8841 = ORIENTED_EDGE('',*,*,#8842,.F.);
#8842 = EDGE_CURVE('',#8773,#8835,#8843,.T.);
#8843 = LINE('',#8844,#8845);
#8844 = CARTESIAN_POINT('',(150.805,-99.645,1.51));
#8845 = VECTOR('',#8846,1.);
#8846 = DIRECTION('',(1.,0.,0.));
#8847 = PLANE('',#8848);
#8848 = AXIS2_PLACEMENT_3D('',#8849,#8850,#8851);
#8849 = CARTESIAN_POINT('',(150.805,-99.645,1.51));
#8850 = DIRECTION('',(0.,1.,0.));
#8851 = DIRECTION('',(1.,0.,0.));
#8852 = ADVANCED_FACE('',(#8853,#8864),#8875,.F.);
#8853 = FACE_BOUND('',#8854,.F.);
#8854 = EDGE_LOOP('',(#8855,#8856,#8857,#8863));
#8855 = ORIENTED_EDGE('',*,*,#8780,.F.);
#8856 = ORIENTED_EDGE('',*,*,#8811,.F.);
#8857 = ORIENTED_EDGE('',*,*,#8858,.F.);
#8858 = EDGE_CURVE('',#8835,#8795,#8859,.T.);
#8859 = LINE('',#8860,#8861);
#8860 = CARTESIAN_POINT('',(152.155,-99.645,1.51));
#8861 = VECTOR('',#8862,1.);
#8862 = DIRECTION('',(0.,-1.,0.));
#8863 = ORIENTED_EDGE('',*,*,#8842,.F.);
#8864 = FACE_BOUND('',#8865,.F.);
#8865 = EDGE_LOOP('',(#8866));
#8866 = ORIENTED_EDGE('',*,*,#8867,.T.);
#8867 = EDGE_CURVE('',#8868,#8868,#8870,.T.);
#8868 = VERTEX_POINT('',#8869);
#8869 = CARTESIAN_POINT('',(151.48,-100.695,1.51));
#8870 = CIRCLE('',#8871,0.375);
#8871 = AXIS2_PLACEMENT_3D('',#8872,#8873,#8874);
#8872 = CARTESIAN_POINT('',(151.48,-100.32,1.51));
#8873 = DIRECTION('',(-0.,0.,-1.));
#8874 = DIRECTION('',(-0.,-1.,0.));
#8875 = PLANE('',#8876);
#8876 = AXIS2_PLACEMENT_3D('',#8877,#8878,#8879);
#8877 = CARTESIAN_POINT('',(0.,0.,1.51));
#8878 = DIRECTION('',(0.,0.,1.));
#8879 = DIRECTION('',(1.,0.,-0.));
#8880 = ADVANCED_FACE('',(#8881,#8892),#8903,.T.);
#8881 = FACE_BOUND('',#8882,.T.);
#8882 = EDGE_LOOP('',(#8883,#8884,#8885,#8891));
#8883 = ORIENTED_EDGE('',*,*,#8764,.F.);
#8884 = ORIENTED_EDGE('',*,*,#8804,.F.);
#8885 = ORIENTED_EDGE('',*,*,#8886,.F.);
#8886 = EDGE_CURVE('',#8827,#8797,#8887,.T.);
#8887 = LINE('',#8888,#8889);
#8888 = CARTESIAN_POINT('',(152.155,-99.645,1.55));
#8889 = VECTOR('',#8890,1.);
#8890 = DIRECTION('',(0.,-1.,0.));
#8891 = ORIENTED_EDGE('',*,*,#8826,.F.);
#8892 = FACE_BOUND('',#8893,.T.);
#8893 = EDGE_LOOP('',(#8894));
#8894 = ORIENTED_EDGE('',*,*,#8895,.T.);
#8895 = EDGE_CURVE('',#8896,#8896,#8898,.T.);
#8896 = VERTEX_POINT('',#8897);
#8897 = CARTESIAN_POINT('',(151.48,-100.695,1.55));
#8898 = CIRCLE('',#8899,0.375);
#8899 = AXIS2_PLACEMENT_3D('',#8900,#8901,#8902);
#8900 = CARTESIAN_POINT('',(151.48,-100.32,1.55));
#8901 = DIRECTION('',(-0.,0.,-1.));
#8902 = DIRECTION('',(-0.,-1.,0.));
#8903 = PLANE('',#8904);
#8904 = AXIS2_PLACEMENT_3D('',#8905,#8906,#8907);
#8905 = CARTESIAN_POINT('',(0.,0.,1.55));
#8906 = DIRECTION('',(0.,0.,1.));
#8907 = DIRECTION('',(1.,0.,-0.));
#8908 = ADVANCED_FACE('',(#8909),#8915,.T.);
#8909 = FACE_BOUND('',#8910,.T.);
#8910 = EDGE_LOOP('',(#8911,#8912,#8913,#8914));
#8911 = ORIENTED_EDGE('',*,*,#8834,.T.);
#8912 = ORIENTED_EDGE('',*,*,#8886,.T.);
#8913 = ORIENTED_EDGE('',*,*,#8794,.F.);
#8914 = ORIENTED_EDGE('',*,*,#8858,.F.);
#8915 = PLANE('',#8916);
#8916 = AXIS2_PLACEMENT_3D('',#8917,#8918,#8919);
#8917 = CARTESIAN_POINT('',(152.155,-99.645,1.51));
#8918 = DIRECTION('',(1.,0.,-0.));
#8919 = DIRECTION('',(0.,-1.,0.));
#8920 = ADVANCED_FACE('',(#8921),#8932,.F.);
#8921 = FACE_BOUND('',#8922,.T.);
#8922 = EDGE_LOOP('',(#8923,#8924,#8930,#8931));
#8923 = ORIENTED_EDGE('',*,*,#8867,.T.);
#8924 = ORIENTED_EDGE('',*,*,#8925,.T.);
#8925 = EDGE_CURVE('',#8868,#8896,#8926,.T.);
#8926 = LINE('',#8927,#8928);
#8927 = CARTESIAN_POINT('',(151.48,-100.695,-4.6E-02));
#8928 = VECTOR('',#8929,1.);
#8929 = DIRECTION('',(0.,0.,1.));
#8930 = ORIENTED_EDGE('',*,*,#8895,.F.);
#8931 = ORIENTED_EDGE('',*,*,#8925,.F.);
#8932 = CYLINDRICAL_SURFACE('',#8933,0.375);
#8933 = AXIS2_PLACEMENT_3D('',#8934,#8935,#8936);
#8934 = CARTESIAN_POINT('',(151.48,-100.32,-4.6E-02));
#8935 = DIRECTION('',(-0.,-0.,-1.));
#8936 = DIRECTION('',(-0.,-1.,0.));
#8937 = MANIFOLD_SOLID_BREP('',#8938);
#8938 = CLOSED_SHELL('',(#8939,#8979,#9010,#9041,#9069,#9097,#9109));
#8939 = ADVANCED_FACE('',(#8940),#8974,.F.);
#8940 = FACE_BOUND('',#8941,.F.);
#8941 = EDGE_LOOP('',(#8942,#8952,#8960,#8968));
#8942 = ORIENTED_EDGE('',*,*,#8943,.T.);
#8943 = EDGE_CURVE('',#8944,#8946,#8948,.T.);
#8944 = VERTEX_POINT('',#8945);
#8945 = CARTESIAN_POINT('',(150.805,-100.995,0.));
#8946 = VERTEX_POINT('',#8947);
#8947 = CARTESIAN_POINT('',(150.805,-100.995,-4.E-02));
#8948 = LINE('',#8949,#8950);
#8949 = CARTESIAN_POINT('',(150.805,-100.995,0.));
#8950 = VECTOR('',#8951,1.);
#8951 = DIRECTION('',(0.,0.,-1.));
#8952 = ORIENTED_EDGE('',*,*,#8953,.T.);
#8953 = EDGE_CURVE('',#8946,#8954,#8956,.T.);
#8954 = VERTEX_POINT('',#8955);
#8955 = CARTESIAN_POINT('',(150.805,-99.645,-4.E-02));
#8956 = LINE('',#8957,#8958);
#8957 = CARTESIAN_POINT('',(150.805,-100.995,-4.E-02));
#8958 = VECTOR('',#8959,1.);
#8959 = DIRECTION('',(0.,1.,0.));
#8960 = ORIENTED_EDGE('',*,*,#8961,.F.);
#8961 = EDGE_CURVE('',#8962,#8954,#8964,.T.);
#8962 = VERTEX_POINT('',#8963);
#8963 = CARTESIAN_POINT('',(150.805,-99.645,0.));
#8964 = LINE('',#8965,#8966);
#8965 = CARTESIAN_POINT('',(150.805,-99.645,0.));
#8966 = VECTOR('',#8967,1.);
#8967 = DIRECTION('',(0.,0.,-1.));
#8968 = ORIENTED_EDGE('',*,*,#8969,.F.);
#8969 = EDGE_CURVE('',#8944,#8962,#8970,.T.);
#8970 = LINE('',#8971,#8972);
#8971 = CARTESIAN_POINT('',(150.805,-100.995,0.));
#8972 = VECTOR('',#8973,1.);
#8973 = DIRECTION('',(0.,1.,0.));
#8974 = PLANE('',#8975);
#8975 = AXIS2_PLACEMENT_3D('',#8976,#8977,#8978);
#8976 = CARTESIAN_POINT('',(150.805,-100.995,0.));
#8977 = DIRECTION('',(1.,-0.,0.));
#8978 = DIRECTION('',(0.,1.,0.));
#8979 = ADVANCED_FACE('',(#8980),#9005,.F.);
#8980 = FACE_BOUND('',#8981,.F.);
#8981 = EDGE_LOOP('',(#8982,#8992,#8998,#8999));
#8982 = ORIENTED_EDGE('',*,*,#8983,.T.);
#8983 = EDGE_CURVE('',#8984,#8986,#8988,.T.);
#8984 = VERTEX_POINT('',#8985);
#8985 = CARTESIAN_POINT('',(152.155,-100.995,0.));
#8986 = VERTEX_POINT('',#8987);
#8987 = CARTESIAN_POINT('',(152.155,-100.995,-4.E-02));
#8988 = LINE('',#8989,#8990);
#8989 = CARTESIAN_POINT('',(152.155,-100.995,0.));
#8990 = VECTOR('',#8991,1.);
#8991 = DIRECTION('',(0.,0.,-1.));
#8992 = ORIENTED_EDGE('',*,*,#8993,.T.);
#8993 = EDGE_CURVE('',#8986,#8946,#8994,.T.);
#8994 = LINE('',#8995,#8996);
#8995 = CARTESIAN_POINT('',(152.155,-100.995,-4.E-02));
#8996 = VECTOR('',#8997,1.);
#8997 = DIRECTION('',(-1.,0.,0.));
#8998 = ORIENTED_EDGE('',*,*,#8943,.F.);
#8999 = ORIENTED_EDGE('',*,*,#9000,.F.);
#9000 = EDGE_CURVE('',#8984,#8944,#9001,.T.);
#9001 = LINE('',#9002,#9003);
#9002 = CARTESIAN_POINT('',(152.155,-100.995,0.));
#9003 = VECTOR('',#9004,1.);
#9004 = DIRECTION('',(-1.,0.,0.));
#9005 = PLANE('',#9006);
#9006 = AXIS2_PLACEMENT_3D('',#9007,#9008,#9009);
#9007 = CARTESIAN_POINT('',(152.155,-100.995,0.));
#9008 = DIRECTION('',(0.,1.,0.));
#9009 = DIRECTION('',(-1.,0.,0.));
#9010 = ADVANCED_FACE('',(#9011),#9036,.F.);
#9011 = FACE_BOUND('',#9012,.F.);
#9012 = EDGE_LOOP('',(#9013,#9014,#9022,#9030));
#9013 = ORIENTED_EDGE('',*,*,#8961,.T.);
#9014 = ORIENTED_EDGE('',*,*,#9015,.T.);
#9015 = EDGE_CURVE('',#8954,#9016,#9018,.T.);
#9016 = VERTEX_POINT('',#9017);
#9017 = CARTESIAN_POINT('',(152.155,-99.645,-4.E-02));
#9018 = LINE('',#9019,#9020);
#9019 = CARTESIAN_POINT('',(150.805,-99.645,-4.E-02));
#9020 = VECTOR('',#9021,1.);
#9021 = DIRECTION('',(1.,0.,0.));
#9022 = ORIENTED_EDGE('',*,*,#9023,.F.);
#9023 = EDGE_CURVE('',#9024,#9016,#9026,.T.);
#9024 = VERTEX_POINT('',#9025);
#9025 = CARTESIAN_POINT('',(152.155,-99.645,0.));
#9026 = LINE('',#9027,#9028);
#9027 = CARTESIAN_POINT('',(152.155,-99.645,0.));
#9028 = VECTOR('',#9029,1.);
#9029 = DIRECTION('',(0.,0.,-1.));
#9030 = ORIENTED_EDGE('',*,*,#9031,.F.);
#9031 = EDGE_CURVE('',#8962,#9024,#9032,.T.);
#9032 = LINE('',#9033,#9034);
#9033 = CARTESIAN_POINT('',(150.805,-99.645,0.));
#9034 = VECTOR('',#9035,1.);
#9035 = DIRECTION('',(1.,0.,0.));
#9036 = PLANE('',#9037);
#9037 = AXIS2_PLACEMENT_3D('',#9038,#9039,#9040);
#9038 = CARTESIAN_POINT('',(150.805,-99.645,0.));
#9039 = DIRECTION('',(0.,-1.,0.));
#9040 = DIRECTION('',(1.,0.,0.));
#9041 = ADVANCED_FACE('',(#9042,#9053),#9064,.F.);
#9042 = FACE_BOUND('',#9043,.F.);
#9043 = EDGE_LOOP('',(#9044,#9045,#9046,#9052));
#9044 = ORIENTED_EDGE('',*,*,#8969,.T.);
#9045 = ORIENTED_EDGE('',*,*,#9031,.T.);
#9046 = ORIENTED_EDGE('',*,*,#9047,.T.);
#9047 = EDGE_CURVE('',#9024,#8984,#9048,.T.);
#9048 = LINE('',#9049,#9050);
#9049 = CARTESIAN_POINT('',(152.155,-99.645,0.));
#9050 = VECTOR('',#9051,1.);
#9051 = DIRECTION('',(0.,-1.,0.));
#9052 = ORIENTED_EDGE('',*,*,#9000,.T.);
#9053 = FACE_BOUND('',#9054,.F.);
#9054 = EDGE_LOOP('',(#9055));
#9055 = ORIENTED_EDGE('',*,*,#9056,.F.);
#9056 = EDGE_CURVE('',#9057,#9057,#9059,.T.);
#9057 = VERTEX_POINT('',#9058);
#9058 = CARTESIAN_POINT('',(151.48,-100.695,0.));
#9059 = CIRCLE('',#9060,0.375);
#9060 = AXIS2_PLACEMENT_3D('',#9061,#9062,#9063);
#9061 = CARTESIAN_POINT('',(151.48,-100.32,0.));
#9062 = DIRECTION('',(-0.,0.,-1.));
#9063 = DIRECTION('',(-0.,-1.,0.));
#9064 = PLANE('',#9065);
#9065 = AXIS2_PLACEMENT_3D('',#9066,#9067,#9068);
#9066 = CARTESIAN_POINT('',(0.,0.,0.));
#9067 = DIRECTION('',(-0.,-0.,-1.));
#9068 = DIRECTION('',(-1.,0.,0.));
#9069 = ADVANCED_FACE('',(#9070,#9081),#9092,.T.);
#9070 = FACE_BOUND('',#9071,.T.);
#9071 = EDGE_LOOP('',(#9072,#9073,#9074,#9080));
#9072 = ORIENTED_EDGE('',*,*,#8953,.T.);
#9073 = ORIENTED_EDGE('',*,*,#9015,.T.);
#9074 = ORIENTED_EDGE('',*,*,#9075,.T.);
#9075 = EDGE_CURVE('',#9016,#8986,#9076,.T.);
#9076 = LINE('',#9077,#9078);
#9077 = CARTESIAN_POINT('',(152.155,-99.645,-4.E-02));
#9078 = VECTOR('',#9079,1.);
#9079 = DIRECTION('',(0.,-1.,0.));
#9080 = ORIENTED_EDGE('',*,*,#8993,.T.);
#9081 = FACE_BOUND('',#9082,.T.);
#9082 = EDGE_LOOP('',(#9083));
#9083 = ORIENTED_EDGE('',*,*,#9084,.F.);
#9084 = EDGE_CURVE('',#9085,#9085,#9087,.T.);
#9085 = VERTEX_POINT('',#9086);
#9086 = CARTESIAN_POINT('',(151.48,-100.695,-4.E-02));
#9087 = CIRCLE('',#9088,0.375);
#9088 = AXIS2_PLACEMENT_3D('',#9089,#9090,#9091);
#9089 = CARTESIAN_POINT('',(151.48,-100.32,-4.E-02));
#9090 = DIRECTION('',(-0.,0.,-1.));
#9091 = DIRECTION('',(-0.,-1.,0.));
#9092 = PLANE('',#9093);
#9093 = AXIS2_PLACEMENT_3D('',#9094,#9095,#9096);
#9094 = CARTESIAN_POINT('',(0.,0.,-4.E-02));
#9095 = DIRECTION('',(-0.,-0.,-1.));
#9096 = DIRECTION('',(-1.,0.,0.));
#9097 = ADVANCED_FACE('',(#9098),#9104,.F.);
#9098 = FACE_BOUND('',#9099,.F.);
#9099 = EDGE_LOOP('',(#9100,#9101,#9102,#9103));
#9100 = ORIENTED_EDGE('',*,*,#9023,.T.);
#9101 = ORIENTED_EDGE('',*,*,#9075,.T.);
#9102 = ORIENTED_EDGE('',*,*,#8983,.F.);
#9103 = ORIENTED_EDGE('',*,*,#9047,.F.);
#9104 = PLANE('',#9105);
#9105 = AXIS2_PLACEMENT_3D('',#9106,#9107,#9108);
#9106 = CARTESIAN_POINT('',(152.155,-99.645,0.));
#9107 = DIRECTION('',(-1.,-0.,-0.));
#9108 = DIRECTION('',(0.,-1.,0.));
#9109 = ADVANCED_FACE('',(#9110),#9121,.F.);
#9110 = FACE_BOUND('',#9111,.T.);
#9111 = EDGE_LOOP('',(#9112,#9113,#9119,#9120));
#9112 = ORIENTED_EDGE('',*,*,#9084,.T.);
#9113 = ORIENTED_EDGE('',*,*,#9114,.T.);
#9114 = EDGE_CURVE('',#9085,#9057,#9115,.T.);
#9115 = LINE('',#9116,#9117);
#9116 = CARTESIAN_POINT('',(151.48,-100.695,-4.6E-02));
#9117 = VECTOR('',#9118,1.);
#9118 = DIRECTION('',(0.,0.,1.));
#9119 = ORIENTED_EDGE('',*,*,#9056,.F.);
#9120 = ORIENTED_EDGE('',*,*,#9114,.F.);
#9121 = CYLINDRICAL_SURFACE('',#9122,0.375);
#9122 = AXIS2_PLACEMENT_3D('',#9123,#9124,#9125);
#9123 = CARTESIAN_POINT('',(151.48,-100.32,-4.6E-02));
#9124 = DIRECTION('',(-0.,-0.,-1.));
#9125 = DIRECTION('',(-0.,-1.,0.));
#9126 = MANIFOLD_SOLID_BREP('',#9127);
#9127 = CLOSED_SHELL('',(#9128,#9161,#9181,#9201));
#9128 = ADVANCED_FACE('',(#9129),#9156,.T.);
#9129 = FACE_BOUND('',#9130,.F.);
#9130 = EDGE_LOOP('',(#9131,#9141,#9148,#9149));
#9131 = ORIENTED_EDGE('',*,*,#9132,.T.);
#9132 = EDGE_CURVE('',#9133,#9135,#9137,.T.);
#9133 = VERTEX_POINT('',#9134);
#9134 = CARTESIAN_POINT('',(151.48,-100.72,-4.E-02));
#9135 = VERTEX_POINT('',#9136);
#9136 = CARTESIAN_POINT('',(151.48,-100.72,1.55));
#9137 = LINE('',#9138,#9139);
#9138 = CARTESIAN_POINT('',(151.48,-100.72,-4.E-02));
#9139 = VECTOR('',#9140,1.);
#9140 = DIRECTION('',(0.,0.,1.));
#9141 = ORIENTED_EDGE('',*,*,#9142,.T.);
#9142 = EDGE_CURVE('',#9135,#9135,#9143,.T.);
#9143 = CIRCLE('',#9144,0.4);
#9144 = AXIS2_PLACEMENT_3D('',#9145,#9146,#9147);
#9145 = CARTESIAN_POINT('',(151.48,-100.32,1.55));
#9146 = DIRECTION('',(0.,0.,1.));
#9147 = DIRECTION('',(-7.105427357601E-14,-1.,0.));
#9148 = ORIENTED_EDGE('',*,*,#9132,.F.);
#9149 = ORIENTED_EDGE('',*,*,#9150,.F.);
#9150 = EDGE_CURVE('',#9133,#9133,#9151,.T.);
#9151 = CIRCLE('',#9152,0.4);
#9152 = AXIS2_PLACEMENT_3D('',#9153,#9154,#9155);
#9153 = CARTESIAN_POINT('',(151.48,-100.32,-4.E-02));
#9154 = DIRECTION('',(0.,0.,1.));
#9155 = DIRECTION('',(-7.105427357601E-14,-1.,0.));
#9156 = CYLINDRICAL_SURFACE('',#9157,0.4);
#9157 = AXIS2_PLACEMENT_3D('',#9158,#9159,#9160);
#9158 = CARTESIAN_POINT('',(151.48,-100.32,-4.E-02));
#9159 = DIRECTION('',(-0.,-0.,-1.));
#9160 = DIRECTION('',(-7.105427357601E-14,-1.,0.));
#9161 = ADVANCED_FACE('',(#9162,#9165),#9176,.F.);
#9162 = FACE_BOUND('',#9163,.F.);
#9163 = EDGE_LOOP('',(#9164));
#9164 = ORIENTED_EDGE('',*,*,#9150,.T.);
#9165 = FACE_BOUND('',#9166,.F.);
#9166 = EDGE_LOOP('',(#9167));
#9167 = ORIENTED_EDGE('',*,*,#9168,.T.);
#9168 = EDGE_CURVE('',#9169,#9169,#9171,.T.);
#9169 = VERTEX_POINT('',#9170);
#9170 = CARTESIAN_POINT('',(151.48,-100.695,-4.E-02));
#9171 = CIRCLE('',#9172,0.375);
#9172 = AXIS2_PLACEMENT_3D('',#9173,#9174,#9175);
#9173 = CARTESIAN_POINT('',(151.48,-100.32,-4.E-02));
#9174 = DIRECTION('',(-0.,0.,-1.));
#9175 = DIRECTION('',(-0.,-1.,0.));
#9176 = PLANE('',#9177);
#9177 = AXIS2_PLACEMENT_3D('',#9178,#9179,#9180);
#9178 = CARTESIAN_POINT('',(151.48,-100.72,-4.E-02));
#9179 = DIRECTION('',(0.,0.,1.));
#9180 = DIRECTION('',(1.,0.,-0.));
#9181 = ADVANCED_FACE('',(#9182,#9185),#9196,.T.);
#9182 = FACE_BOUND('',#9183,.T.);
#9183 = EDGE_LOOP('',(#9184));
#9184 = ORIENTED_EDGE('',*,*,#9142,.T.);
#9185 = FACE_BOUND('',#9186,.T.);
#9186 = EDGE_LOOP('',(#9187));
#9187 = ORIENTED_EDGE('',*,*,#9188,.T.);
#9188 = EDGE_CURVE('',#9189,#9189,#9191,.T.);
#9189 = VERTEX_POINT('',#9190);
#9190 = CARTESIAN_POINT('',(151.48,-100.695,1.55));
#9191 = CIRCLE('',#9192,0.375);
#9192 = AXIS2_PLACEMENT_3D('',#9193,#9194,#9195);
#9193 = CARTESIAN_POINT('',(151.48,-100.32,1.55));
#9194 = DIRECTION('',(-0.,0.,-1.));
#9195 = DIRECTION('',(-0.,-1.,0.));
#9196 = PLANE('',#9197);
#9197 = AXIS2_PLACEMENT_3D('',#9198,#9199,#9200);
#9198 = CARTESIAN_POINT('',(151.48,-100.72,1.55));
#9199 = DIRECTION('',(0.,0.,1.));
#9200 = DIRECTION('',(1.,0.,-0.));
#9201 = ADVANCED_FACE('',(#9202),#9213,.F.);
#9202 = FACE_BOUND('',#9203,.T.);
#9203 = EDGE_LOOP('',(#9204,#9205,#9211,#9212));
#9204 = ORIENTED_EDGE('',*,*,#9168,.T.);
#9205 = ORIENTED_EDGE('',*,*,#9206,.T.);
#9206 = EDGE_CURVE('',#9169,#9189,#9207,.T.);
#9207 = LINE('',#9208,#9209);
#9208 = CARTESIAN_POINT('',(151.48,-100.695,-4.6E-02));
#9209 = VECTOR('',#9210,1.);
#9210 = DIRECTION('',(0.,0.,1.));
#9211 = ORIENTED_EDGE('',*,*,#9188,.F.);
#9212 = ORIENTED_EDGE('',*,*,#9206,.F.);
#9213 = CYLINDRICAL_SURFACE('',#9214,0.375);
#9214 = AXIS2_PLACEMENT_3D('',#9215,#9216,#9217);
#9215 = CARTESIAN_POINT('',(151.48,-100.32,-4.6E-02));
#9216 = DIRECTION('',(-0.,-0.,-1.));
#9217 = DIRECTION('',(-0.,-1.,0.));
#9218 = ( GEOMETRIC_REPRESENTATION_CONTEXT(3) 
GLOBAL_UNCERTAINTY_ASSIGNED_CONTEXT((#9222)) 
GLOBAL_UNIT_ASSIGNED_CONTEXT((#9219,#9220,#9221)) REPRESENTATION_CONTEXT
('Context #1','3D Context with UNIT and UNCERTAINTY') );
#9219 = ( LENGTH_UNIT() NAMED_UNIT(*) SI_UNIT(.MILLI.,.METRE.) );
#9220 = ( NAMED_UNIT(*) PLANE_ANGLE_UNIT() SI_UNIT($,.RADIAN.) );
#9221 = ( NAMED_UNIT(*) SI_UNIT($,.STERADIAN.) SOLID_ANGLE_UNIT() );
#9222 = UNCERTAINTY_MEASURE_WITH_UNIT(LENGTH_MEASURE(1.E-07),#9219,
  'distance_accuracy_value','confusion accuracy');
#9223 = CONTEXT_DEPENDENT_SHAPE_REPRESENTATION(#9224,#9226);
#9224 = ( REPRESENTATION_RELATIONSHIP('','',#7615,#10) 
REPRESENTATION_RELATIONSHIP_WITH_TRANSFORMATION(#9225) 
SHAPE_REPRESENTATION_RELATIONSHIP() );
#9225 = ITEM_DEFINED_TRANSFORMATION('','',#11,#27);
#9226 = PRODUCT_DEFINITION_SHAPE('Placement','Placement of an item',
  #9227);
#9227 = NEXT_ASSEMBLY_USAGE_OCCURRENCE('4','=>[0:1:1:5]','',#5,#7610,$);
#9228 = PRODUCT_RELATED_PRODUCT_CATEGORY('part',$,(#7612));
#9229 = SHAPE_DEFINITION_REPRESENTATION(#9230,#9236);
#9230 = PRODUCT_DEFINITION_SHAPE('','',#9231);
#9231 = PRODUCT_DEFINITION('design','',#9232,#9235);
#9232 = PRODUCT_DEFINITION_FORMATION('','',#9233);
#9233 = PRODUCT('Humidity sensor p1_via','Humidity sensor p1_via','',(
    #9234));
#9234 = PRODUCT_CONTEXT('',#2,'mechanical');
#9235 = PRODUCT_DEFINITION_CONTEXT('part definition',#2,'design');
#9236 = SHAPE_REPRESENTATION('',(#11,#9237,#9329,#9421,#9513,#9605),
  #9697);
#9237 = MANIFOLD_SOLID_BREP('',#9238);
#9238 = CLOSED_SHELL('',(#9239,#9272,#9292,#9312));
#9239 = ADVANCED_FACE('',(#9240),#9267,.T.);
#9240 = FACE_BOUND('',#9241,.F.);
#9241 = EDGE_LOOP('',(#9242,#9252,#9259,#9260));
#9242 = ORIENTED_EDGE('',*,*,#9243,.T.);
#9243 = EDGE_CURVE('',#9244,#9246,#9248,.T.);
#9244 = VERTEX_POINT('',#9245);
#9245 = CARTESIAN_POINT('',(145.945824,-102.439,-3.5E-02));
#9246 = VERTEX_POINT('',#9247);
#9247 = CARTESIAN_POINT('',(145.945824,-102.439,1.545));
#9248 = LINE('',#9249,#9250);
#9249 = CARTESIAN_POINT('',(145.945824,-102.439,-3.5E-02));
#9250 = VECTOR('',#9251,1.);
#9251 = DIRECTION('',(0.,0.,1.));
#9252 = ORIENTED_EDGE('',*,*,#9253,.T.);
#9253 = EDGE_CURVE('',#9246,#9246,#9254,.T.);
#9254 = CIRCLE('',#9255,0.15);
#9255 = AXIS2_PLACEMENT_3D('',#9256,#9257,#9258);
#9256 = CARTESIAN_POINT('',(145.945824,-102.289,1.545));
#9257 = DIRECTION('',(0.,0.,1.));
#9258 = DIRECTION('',(-1.894780628694E-13,-1.,0.));
#9259 = ORIENTED_EDGE('',*,*,#9243,.F.);
#9260 = ORIENTED_EDGE('',*,*,#9261,.F.);
#9261 = EDGE_CURVE('',#9244,#9244,#9262,.T.);
#9262 = CIRCLE('',#9263,0.15);
#9263 = AXIS2_PLACEMENT_3D('',#9264,#9265,#9266);
#9264 = CARTESIAN_POINT('',(145.945824,-102.289,-3.5E-02));
#9265 = DIRECTION('',(0.,0.,1.));
#9266 = DIRECTION('',(-1.894780628694E-13,-1.,0.));
#9267 = CYLINDRICAL_SURFACE('',#9268,0.15);
#9268 = AXIS2_PLACEMENT_3D('',#9269,#9270,#9271);
#9269 = CARTESIAN_POINT('',(145.945824,-102.289,-3.5E-02));
#9270 = DIRECTION('',(-0.,-0.,-1.));
#9271 = DIRECTION('',(-1.894780628694E-13,-1.,0.));
#9272 = ADVANCED_FACE('',(#9273,#9276),#9287,.F.);
#9273 = FACE_BOUND('',#9274,.F.);
#9274 = EDGE_LOOP('',(#9275));
#9275 = ORIENTED_EDGE('',*,*,#9261,.T.);
#9276 = FACE_BOUND('',#9277,.F.);
#9277 = EDGE_LOOP('',(#9278));
#9278 = ORIENTED_EDGE('',*,*,#9279,.T.);
#9279 = EDGE_CURVE('',#9280,#9280,#9282,.T.);
#9280 = VERTEX_POINT('',#9281);
#9281 = CARTESIAN_POINT('',(145.945824,-102.414,-3.5E-02));
#9282 = CIRCLE('',#9283,0.125);
#9283 = AXIS2_PLACEMENT_3D('',#9284,#9285,#9286);
#9284 = CARTESIAN_POINT('',(145.945824,-102.289,-3.5E-02));
#9285 = DIRECTION('',(-0.,0.,-1.));
#9286 = DIRECTION('',(-0.,-1.,0.));
#9287 = PLANE('',#9288);
#9288 = AXIS2_PLACEMENT_3D('',#9289,#9290,#9291);
#9289 = CARTESIAN_POINT('',(145.945824,-102.439,-3.5E-02));
#9290 = DIRECTION('',(0.,0.,1.));
#9291 = DIRECTION('',(1.,0.,-0.));
#9292 = ADVANCED_FACE('',(#9293,#9296),#9307,.T.);
#9293 = FACE_BOUND('',#9294,.T.);
#9294 = EDGE_LOOP('',(#9295));
#9295 = ORIENTED_EDGE('',*,*,#9253,.T.);
#9296 = FACE_BOUND('',#9297,.T.);
#9297 = EDGE_LOOP('',(#9298));
#9298 = ORIENTED_EDGE('',*,*,#9299,.T.);
#9299 = EDGE_CURVE('',#9300,#9300,#9302,.T.);
#9300 = VERTEX_POINT('',#9301);
#9301 = CARTESIAN_POINT('',(145.945824,-102.414,1.545));
#9302 = CIRCLE('',#9303,0.125);
#9303 = AXIS2_PLACEMENT_3D('',#9304,#9305,#9306);
#9304 = CARTESIAN_POINT('',(145.945824,-102.289,1.545));
#9305 = DIRECTION('',(-0.,0.,-1.));
#9306 = DIRECTION('',(-0.,-1.,0.));
#9307 = PLANE('',#9308);
#9308 = AXIS2_PLACEMENT_3D('',#9309,#9310,#9311);
#9309 = CARTESIAN_POINT('',(145.945824,-102.439,1.545));
#9310 = DIRECTION('',(0.,0.,1.));
#9311 = DIRECTION('',(1.,0.,-0.));
#9312 = ADVANCED_FACE('',(#9313),#9324,.F.);
#9313 = FACE_BOUND('',#9314,.T.);
#9314 = EDGE_LOOP('',(#9315,#9316,#9322,#9323));
#9315 = ORIENTED_EDGE('',*,*,#9279,.T.);
#9316 = ORIENTED_EDGE('',*,*,#9317,.T.);
#9317 = EDGE_CURVE('',#9280,#9300,#9318,.T.);
#9318 = LINE('',#9319,#9320);
#9319 = CARTESIAN_POINT('',(145.945824,-102.414,-3.6E-02));
#9320 = VECTOR('',#9321,1.);
#9321 = DIRECTION('',(0.,0.,1.));
#9322 = ORIENTED_EDGE('',*,*,#9299,.F.);
#9323 = ORIENTED_EDGE('',*,*,#9317,.F.);
#9324 = CYLINDRICAL_SURFACE('',#9325,0.125);
#9325 = AXIS2_PLACEMENT_3D('',#9326,#9327,#9328);
#9326 = CARTESIAN_POINT('',(145.945824,-102.289,-3.6E-02));
#9327 = DIRECTION('',(-0.,-0.,-1.));
#9328 = DIRECTION('',(-0.,-1.,0.));
#9329 = MANIFOLD_SOLID_BREP('',#9330);
#9330 = CLOSED_SHELL('',(#9331,#9364,#9384,#9404));
#9331 = ADVANCED_FACE('',(#9332),#9359,.T.);
#9332 = FACE_BOUND('',#9333,.F.);
#9333 = EDGE_LOOP('',(#9334,#9344,#9351,#9352));
#9334 = ORIENTED_EDGE('',*,*,#9335,.T.);
#9335 = EDGE_CURVE('',#9336,#9338,#9340,.T.);
#9336 = VERTEX_POINT('',#9337);
#9337 = CARTESIAN_POINT('',(146.004824,-98.978,-3.5E-02));
#9338 = VERTEX_POINT('',#9339);
#9339 = CARTESIAN_POINT('',(146.004824,-98.978,1.545));
#9340 = LINE('',#9341,#9342);
#9341 = CARTESIAN_POINT('',(146.004824,-98.978,-3.5E-02));
#9342 = VECTOR('',#9343,1.);
#9343 = DIRECTION('',(0.,0.,1.));
#9344 = ORIENTED_EDGE('',*,*,#9345,.T.);
#9345 = EDGE_CURVE('',#9338,#9338,#9346,.T.);
#9346 = CIRCLE('',#9347,0.15);
#9347 = AXIS2_PLACEMENT_3D('',#9348,#9349,#9350);
#9348 = CARTESIAN_POINT('',(146.004824,-98.828,1.545));
#9349 = DIRECTION('',(0.,-0.,1.));
#9350 = DIRECTION('',(1.894780628693E-13,-1.,-0.));
#9351 = ORIENTED_EDGE('',*,*,#9335,.F.);
#9352 = ORIENTED_EDGE('',*,*,#9353,.F.);
#9353 = EDGE_CURVE('',#9336,#9336,#9354,.T.);
#9354 = CIRCLE('',#9355,0.15);
#9355 = AXIS2_PLACEMENT_3D('',#9356,#9357,#9358);
#9356 = CARTESIAN_POINT('',(146.004824,-98.828,-3.5E-02));
#9357 = DIRECTION('',(0.,-0.,1.));
#9358 = DIRECTION('',(1.894780628693E-13,-1.,-0.));
#9359 = CYLINDRICAL_SURFACE('',#9360,0.15);
#9360 = AXIS2_PLACEMENT_3D('',#9361,#9362,#9363);
#9361 = CARTESIAN_POINT('',(146.004824,-98.828,-3.5E-02));
#9362 = DIRECTION('',(-0.,0.,-1.));
#9363 = DIRECTION('',(1.894780628693E-13,-1.,-0.));
#9364 = ADVANCED_FACE('',(#9365,#9368),#9379,.F.);
#9365 = FACE_BOUND('',#9366,.F.);
#9366 = EDGE_LOOP('',(#9367));
#9367 = ORIENTED_EDGE('',*,*,#9353,.T.);
#9368 = FACE_BOUND('',#9369,.F.);
#9369 = EDGE_LOOP('',(#9370));
#9370 = ORIENTED_EDGE('',*,*,#9371,.T.);
#9371 = EDGE_CURVE('',#9372,#9372,#9374,.T.);
#9372 = VERTEX_POINT('',#9373);
#9373 = CARTESIAN_POINT('',(146.004824,-98.953,-3.5E-02));
#9374 = CIRCLE('',#9375,0.125);
#9375 = AXIS2_PLACEMENT_3D('',#9376,#9377,#9378);
#9376 = CARTESIAN_POINT('',(146.004824,-98.828,-3.5E-02));
#9377 = DIRECTION('',(-0.,0.,-1.));
#9378 = DIRECTION('',(-0.,-1.,0.));
#9379 = PLANE('',#9380);
#9380 = AXIS2_PLACEMENT_3D('',#9381,#9382,#9383);
#9381 = CARTESIAN_POINT('',(146.004824,-98.978,-3.5E-02));
#9382 = DIRECTION('',(0.,0.,1.));
#9383 = DIRECTION('',(1.,0.,-0.));
#9384 = ADVANCED_FACE('',(#9385,#9388),#9399,.T.);
#9385 = FACE_BOUND('',#9386,.T.);
#9386 = EDGE_LOOP('',(#9387));
#9387 = ORIENTED_EDGE('',*,*,#9345,.T.);
#9388 = FACE_BOUND('',#9389,.T.);
#9389 = EDGE_LOOP('',(#9390));
#9390 = ORIENTED_EDGE('',*,*,#9391,.T.);
#9391 = EDGE_CURVE('',#9392,#9392,#9394,.T.);
#9392 = VERTEX_POINT('',#9393);
#9393 = CARTESIAN_POINT('',(146.004824,-98.953,1.545));
#9394 = CIRCLE('',#9395,0.125);
#9395 = AXIS2_PLACEMENT_3D('',#9396,#9397,#9398);
#9396 = CARTESIAN_POINT('',(146.004824,-98.828,1.545));
#9397 = DIRECTION('',(-0.,0.,-1.));
#9398 = DIRECTION('',(-0.,-1.,0.));
#9399 = PLANE('',#9400);
#9400 = AXIS2_PLACEMENT_3D('',#9401,#9402,#9403);
#9401 = CARTESIAN_POINT('',(146.004824,-98.978,1.545));
#9402 = DIRECTION('',(0.,0.,1.));
#9403 = DIRECTION('',(1.,0.,-0.));
#9404 = ADVANCED_FACE('',(#9405),#9416,.F.);
#9405 = FACE_BOUND('',#9406,.T.);
#9406 = EDGE_LOOP('',(#9407,#9408,#9414,#9415));
#9407 = ORIENTED_EDGE('',*,*,#9371,.T.);
#9408 = ORIENTED_EDGE('',*,*,#9409,.T.);
#9409 = EDGE_CURVE('',#9372,#9392,#9410,.T.);
#9410 = LINE('',#9411,#9412);
#9411 = CARTESIAN_POINT('',(146.004824,-98.953,-3.6E-02));
#9412 = VECTOR('',#9413,1.);
#9413 = DIRECTION('',(0.,0.,1.));
#9414 = ORIENTED_EDGE('',*,*,#9391,.F.);
#9415 = ORIENTED_EDGE('',*,*,#9409,.F.);
#9416 = CYLINDRICAL_SURFACE('',#9417,0.125);
#9417 = AXIS2_PLACEMENT_3D('',#9418,#9419,#9420);
#9418 = CARTESIAN_POINT('',(146.004824,-98.828,-3.6E-02));
#9419 = DIRECTION('',(-0.,-0.,-1.));
#9420 = DIRECTION('',(-0.,-1.,0.));
#9421 = MANIFOLD_SOLID_BREP('',#9422);
#9422 = CLOSED_SHELL('',(#9423,#9456,#9476,#9496));
#9423 = ADVANCED_FACE('',(#9424),#9451,.T.);
#9424 = FACE_BOUND('',#9425,.F.);
#9425 = EDGE_LOOP('',(#9426,#9436,#9443,#9444));
#9426 = ORIENTED_EDGE('',*,*,#9427,.T.);
#9427 = EDGE_CURVE('',#9428,#9430,#9432,.T.);
#9428 = VERTEX_POINT('',#9429);
#9429 = CARTESIAN_POINT('',(146.004824,-105.848,-3.5E-02));
#9430 = VERTEX_POINT('',#9431);
#9431 = CARTESIAN_POINT('',(146.004824,-105.848,1.545));
#9432 = LINE('',#9433,#9434);
#9433 = CARTESIAN_POINT('',(146.004824,-105.848,-3.5E-02));
#9434 = VECTOR('',#9435,1.);
#9435 = DIRECTION('',(0.,0.,1.));
#9436 = ORIENTED_EDGE('',*,*,#9437,.T.);
#9437 = EDGE_CURVE('',#9430,#9430,#9438,.T.);
#9438 = CIRCLE('',#9439,0.15);
#9439 = AXIS2_PLACEMENT_3D('',#9440,#9441,#9442);
#9440 = CARTESIAN_POINT('',(146.004824,-105.698,1.545));
#9441 = DIRECTION('',(0.,-0.,1.));
#9442 = DIRECTION('',(1.894780628694E-13,-1.,-0.));
#9443 = ORIENTED_EDGE('',*,*,#9427,.F.);
#9444 = ORIENTED_EDGE('',*,*,#9445,.F.);
#9445 = EDGE_CURVE('',#9428,#9428,#9446,.T.);
#9446 = CIRCLE('',#9447,0.15);
#9447 = AXIS2_PLACEMENT_3D('',#9448,#9449,#9450);
#9448 = CARTESIAN_POINT('',(146.004824,-105.698,-3.5E-02));
#9449 = DIRECTION('',(0.,-0.,1.));
#9450 = DIRECTION('',(1.894780628694E-13,-1.,-0.));
#9451 = CYLINDRICAL_SURFACE('',#9452,0.15);
#9452 = AXIS2_PLACEMENT_3D('',#9453,#9454,#9455);
#9453 = CARTESIAN_POINT('',(146.004824,-105.698,-3.5E-02));
#9454 = DIRECTION('',(-0.,0.,-1.));
#9455 = DIRECTION('',(1.894780628694E-13,-1.,-0.));
#9456 = ADVANCED_FACE('',(#9457,#9460),#9471,.F.);
#9457 = FACE_BOUND('',#9458,.F.);
#9458 = EDGE_LOOP('',(#9459));
#9459 = ORIENTED_EDGE('',*,*,#9445,.T.);
#9460 = FACE_BOUND('',#9461,.F.);
#9461 = EDGE_LOOP('',(#9462));
#9462 = ORIENTED_EDGE('',*,*,#9463,.T.);
#9463 = EDGE_CURVE('',#9464,#9464,#9466,.T.);
#9464 = VERTEX_POINT('',#9465);
#9465 = CARTESIAN_POINT('',(146.004824,-105.823,-3.5E-02));
#9466 = CIRCLE('',#9467,0.125);
#9467 = AXIS2_PLACEMENT_3D('',#9468,#9469,#9470);
#9468 = CARTESIAN_POINT('',(146.004824,-105.698,-3.5E-02));
#9469 = DIRECTION('',(-0.,0.,-1.));
#9470 = DIRECTION('',(-0.,-1.,0.));
#9471 = PLANE('',#9472);
#9472 = AXIS2_PLACEMENT_3D('',#9473,#9474,#9475);
#9473 = CARTESIAN_POINT('',(146.004824,-105.848,-3.5E-02));
#9474 = DIRECTION('',(0.,0.,1.));
#9475 = DIRECTION('',(1.,0.,-0.));
#9476 = ADVANCED_FACE('',(#9477,#9480),#9491,.T.);
#9477 = FACE_BOUND('',#9478,.T.);
#9478 = EDGE_LOOP('',(#9479));
#9479 = ORIENTED_EDGE('',*,*,#9437,.T.);
#9480 = FACE_BOUND('',#9481,.T.);
#9481 = EDGE_LOOP('',(#9482));
#9482 = ORIENTED_EDGE('',*,*,#9483,.T.);
#9483 = EDGE_CURVE('',#9484,#9484,#9486,.T.);
#9484 = VERTEX_POINT('',#9485);
#9485 = CARTESIAN_POINT('',(146.004824,-105.823,1.545));
#9486 = CIRCLE('',#9487,0.125);
#9487 = AXIS2_PLACEMENT_3D('',#9488,#9489,#9490);
#9488 = CARTESIAN_POINT('',(146.004824,-105.698,1.545));
#9489 = DIRECTION('',(-0.,0.,-1.));
#9490 = DIRECTION('',(-0.,-1.,0.));
#9491 = PLANE('',#9492);
#9492 = AXIS2_PLACEMENT_3D('',#9493,#9494,#9495);
#9493 = CARTESIAN_POINT('',(146.004824,-105.848,1.545));
#9494 = DIRECTION('',(0.,0.,1.));
#9495 = DIRECTION('',(1.,0.,-0.));
#9496 = ADVANCED_FACE('',(#9497),#9508,.F.);
#9497 = FACE_BOUND('',#9498,.T.);
#9498 = EDGE_LOOP('',(#9499,#9500,#9506,#9507));
#9499 = ORIENTED_EDGE('',*,*,#9463,.T.);
#9500 = ORIENTED_EDGE('',*,*,#9501,.T.);
#9501 = EDGE_CURVE('',#9464,#9484,#9502,.T.);
#9502 = LINE('',#9503,#9504);
#9503 = CARTESIAN_POINT('',(146.004824,-105.823,-3.6E-02));
#9504 = VECTOR('',#9505,1.);
#9505 = DIRECTION('',(0.,0.,1.));
#9506 = ORIENTED_EDGE('',*,*,#9483,.F.);
#9507 = ORIENTED_EDGE('',*,*,#9501,.F.);
#9508 = CYLINDRICAL_SURFACE('',#9509,0.125);
#9509 = AXIS2_PLACEMENT_3D('',#9510,#9511,#9512);
#9510 = CARTESIAN_POINT('',(146.004824,-105.698,-3.6E-02));
#9511 = DIRECTION('',(-0.,-0.,-1.));
#9512 = DIRECTION('',(-0.,-1.,0.));
#9513 = MANIFOLD_SOLID_BREP('',#9514);
#9514 = CLOSED_SHELL('',(#9515,#9548,#9568,#9588));
#9515 = ADVANCED_FACE('',(#9516),#9543,.T.);
#9516 = FACE_BOUND('',#9517,.F.);
#9517 = EDGE_LOOP('',(#9518,#9528,#9535,#9536));
#9518 = ORIENTED_EDGE('',*,*,#9519,.T.);
#9519 = EDGE_CURVE('',#9520,#9522,#9524,.T.);
#9520 = VERTEX_POINT('',#9521);
#9521 = CARTESIAN_POINT('',(145.99,-109.308,-3.5E-02));
#9522 = VERTEX_POINT('',#9523);
#9523 = CARTESIAN_POINT('',(145.99,-109.308,1.545));
#9524 = LINE('',#9525,#9526);
#9525 = CARTESIAN_POINT('',(145.99,-109.308,-3.5E-02));
#9526 = VECTOR('',#9527,1.);
#9527 = DIRECTION('',(0.,0.,1.));
#9528 = ORIENTED_EDGE('',*,*,#9529,.T.);
#9529 = EDGE_CURVE('',#9522,#9522,#9530,.T.);
#9530 = CIRCLE('',#9531,0.15);
#9531 = AXIS2_PLACEMENT_3D('',#9532,#9533,#9534);
#9532 = CARTESIAN_POINT('',(145.99,-109.158,1.545));
#9533 = DIRECTION('',(0.,0.,1.));
#9534 = DIRECTION('',(-0.,-1.,0.));
#9535 = ORIENTED_EDGE('',*,*,#9519,.F.);
#9536 = ORIENTED_EDGE('',*,*,#9537,.F.);
#9537 = EDGE_CURVE('',#9520,#9520,#9538,.T.);
#9538 = CIRCLE('',#9539,0.15);
#9539 = AXIS2_PLACEMENT_3D('',#9540,#9541,#9542);
#9540 = CARTESIAN_POINT('',(145.99,-109.158,-3.5E-02));
#9541 = DIRECTION('',(0.,0.,1.));
#9542 = DIRECTION('',(-0.,-1.,0.));
#9543 = CYLINDRICAL_SURFACE('',#9544,0.15);
#9544 = AXIS2_PLACEMENT_3D('',#9545,#9546,#9547);
#9545 = CARTESIAN_POINT('',(145.99,-109.158,-3.5E-02));
#9546 = DIRECTION('',(-0.,-0.,-1.));
#9547 = DIRECTION('',(-0.,-1.,0.));
#9548 = ADVANCED_FACE('',(#9549,#9552),#9563,.F.);
#9549 = FACE_BOUND('',#9550,.F.);
#9550 = EDGE_LOOP('',(#9551));
#9551 = ORIENTED_EDGE('',*,*,#9537,.T.);
#9552 = FACE_BOUND('',#9553,.F.);
#9553 = EDGE_LOOP('',(#9554));
#9554 = ORIENTED_EDGE('',*,*,#9555,.T.);
#9555 = EDGE_CURVE('',#9556,#9556,#9558,.T.);
#9556 = VERTEX_POINT('',#9557);
#9557 = CARTESIAN_POINT('',(145.99,-109.283,-3.5E-02));
#9558 = CIRCLE('',#9559,0.125);
#9559 = AXIS2_PLACEMENT_3D('',#9560,#9561,#9562);
#9560 = CARTESIAN_POINT('',(145.99,-109.158,-3.5E-02));
#9561 = DIRECTION('',(-0.,0.,-1.));
#9562 = DIRECTION('',(-0.,-1.,0.));
#9563 = PLANE('',#9564);
#9564 = AXIS2_PLACEMENT_3D('',#9565,#9566,#9567);
#9565 = CARTESIAN_POINT('',(145.99,-109.308,-3.5E-02));
#9566 = DIRECTION('',(0.,0.,1.));
#9567 = DIRECTION('',(1.,0.,-0.));
#9568 = ADVANCED_FACE('',(#9569,#9572),#9583,.T.);
#9569 = FACE_BOUND('',#9570,.T.);
#9570 = EDGE_LOOP('',(#9571));
#9571 = ORIENTED_EDGE('',*,*,#9529,.T.);
#9572 = FACE_BOUND('',#9573,.T.);
#9573 = EDGE_LOOP('',(#9574));
#9574 = ORIENTED_EDGE('',*,*,#9575,.T.);
#9575 = EDGE_CURVE('',#9576,#9576,#9578,.T.);
#9576 = VERTEX_POINT('',#9577);
#9577 = CARTESIAN_POINT('',(145.99,-109.283,1.545));
#9578 = CIRCLE('',#9579,0.125);
#9579 = AXIS2_PLACEMENT_3D('',#9580,#9581,#9582);
#9580 = CARTESIAN_POINT('',(145.99,-109.158,1.545));
#9581 = DIRECTION('',(-0.,0.,-1.));
#9582 = DIRECTION('',(-0.,-1.,0.));
#9583 = PLANE('',#9584);
#9584 = AXIS2_PLACEMENT_3D('',#9585,#9586,#9587);
#9585 = CARTESIAN_POINT('',(145.99,-109.308,1.545));
#9586 = DIRECTION('',(0.,0.,1.));
#9587 = DIRECTION('',(1.,0.,-0.));
#9588 = ADVANCED_FACE('',(#9589),#9600,.F.);
#9589 = FACE_BOUND('',#9590,.T.);
#9590 = EDGE_LOOP('',(#9591,#9592,#9598,#9599));
#9591 = ORIENTED_EDGE('',*,*,#9555,.T.);
#9592 = ORIENTED_EDGE('',*,*,#9593,.T.);
#9593 = EDGE_CURVE('',#9556,#9576,#9594,.T.);
#9594 = LINE('',#9595,#9596);
#9595 = CARTESIAN_POINT('',(145.99,-109.283,-3.6E-02));
#9596 = VECTOR('',#9597,1.);
#9597 = DIRECTION('',(0.,0.,1.));
#9598 = ORIENTED_EDGE('',*,*,#9575,.F.);
#9599 = ORIENTED_EDGE('',*,*,#9593,.F.);
#9600 = CYLINDRICAL_SURFACE('',#9601,0.125);
#9601 = AXIS2_PLACEMENT_3D('',#9602,#9603,#9604);
#9602 = CARTESIAN_POINT('',(145.99,-109.158,-3.6E-02));
#9603 = DIRECTION('',(-0.,-0.,-1.));
#9604 = DIRECTION('',(-0.,-1.,0.));
#9605 = MANIFOLD_SOLID_BREP('',#9606);
#9606 = CLOSED_SHELL('',(#9607,#9640,#9660,#9680));
#9607 = ADVANCED_FACE('',(#9608),#9635,.T.);
#9608 = FACE_BOUND('',#9609,.F.);
#9609 = EDGE_LOOP('',(#9610,#9620,#9627,#9628));
#9610 = ORIENTED_EDGE('',*,*,#9611,.T.);
#9611 = EDGE_CURVE('',#9612,#9614,#9616,.T.);
#9612 = VERTEX_POINT('',#9613);
#9613 = CARTESIAN_POINT('',(146.004824,-95.573451,-3.5E-02));
#9614 = VERTEX_POINT('',#9615);
#9615 = CARTESIAN_POINT('',(146.004824,-95.573451,1.545));
#9616 = LINE('',#9617,#9618);
#9617 = CARTESIAN_POINT('',(146.004824,-95.573451,-3.5E-02));
#9618 = VECTOR('',#9619,1.);
#9619 = DIRECTION('',(0.,0.,1.));
#9620 = ORIENTED_EDGE('',*,*,#9621,.T.);
#9621 = EDGE_CURVE('',#9614,#9614,#9622,.T.);
#9622 = CIRCLE('',#9623,0.15);
#9623 = AXIS2_PLACEMENT_3D('',#9624,#9625,#9626);
#9624 = CARTESIAN_POINT('',(146.004824,-95.423451,1.545));
#9625 = DIRECTION('',(0.,-0.,1.));
#9626 = DIRECTION('',(1.894780628694E-13,-1.,-0.));
#9627 = ORIENTED_EDGE('',*,*,#9611,.F.);
#9628 = ORIENTED_EDGE('',*,*,#9629,.F.);
#9629 = EDGE_CURVE('',#9612,#9612,#9630,.T.);
#9630 = CIRCLE('',#9631,0.15);
#9631 = AXIS2_PLACEMENT_3D('',#9632,#9633,#9634);
#9632 = CARTESIAN_POINT('',(146.004824,-95.423451,-3.5E-02));
#9633 = DIRECTION('',(0.,-0.,1.));
#9634 = DIRECTION('',(1.894780628694E-13,-1.,-0.));
#9635 = CYLINDRICAL_SURFACE('',#9636,0.15);
#9636 = AXIS2_PLACEMENT_3D('',#9637,#9638,#9639);
#9637 = CARTESIAN_POINT('',(146.004824,-95.423451,-3.5E-02));
#9638 = DIRECTION('',(-0.,0.,-1.));
#9639 = DIRECTION('',(1.894780628694E-13,-1.,-0.));
#9640 = ADVANCED_FACE('',(#9641,#9644),#9655,.F.);
#9641 = FACE_BOUND('',#9642,.F.);
#9642 = EDGE_LOOP('',(#9643));
#9643 = ORIENTED_EDGE('',*,*,#9629,.T.);
#9644 = FACE_BOUND('',#9645,.F.);
#9645 = EDGE_LOOP('',(#9646));
#9646 = ORIENTED_EDGE('',*,*,#9647,.T.);
#9647 = EDGE_CURVE('',#9648,#9648,#9650,.T.);
#9648 = VERTEX_POINT('',#9649);
#9649 = CARTESIAN_POINT('',(146.004824,-95.548451,-3.5E-02));
#9650 = CIRCLE('',#9651,0.125);
#9651 = AXIS2_PLACEMENT_3D('',#9652,#9653,#9654);
#9652 = CARTESIAN_POINT('',(146.004824,-95.423451,-3.5E-02));
#9653 = DIRECTION('',(-0.,0.,-1.));
#9654 = DIRECTION('',(-0.,-1.,0.));
#9655 = PLANE('',#9656);
#9656 = AXIS2_PLACEMENT_3D('',#9657,#9658,#9659);
#9657 = CARTESIAN_POINT('',(146.004824,-95.573451,-3.5E-02));
#9658 = DIRECTION('',(0.,0.,1.));
#9659 = DIRECTION('',(1.,0.,-0.));
#9660 = ADVANCED_FACE('',(#9661,#9664),#9675,.T.);
#9661 = FACE_BOUND('',#9662,.T.);
#9662 = EDGE_LOOP('',(#9663));
#9663 = ORIENTED_EDGE('',*,*,#9621,.T.);
#9664 = FACE_BOUND('',#9665,.T.);
#9665 = EDGE_LOOP('',(#9666));
#9666 = ORIENTED_EDGE('',*,*,#9667,.T.);
#9667 = EDGE_CURVE('',#9668,#9668,#9670,.T.);
#9668 = VERTEX_POINT('',#9669);
#9669 = CARTESIAN_POINT('',(146.004824,-95.548451,1.545));
#9670 = CIRCLE('',#9671,0.125);
#9671 = AXIS2_PLACEMENT_3D('',#9672,#9673,#9674);
#9672 = CARTESIAN_POINT('',(146.004824,-95.423451,1.545));
#9673 = DIRECTION('',(-0.,0.,-1.));
#9674 = DIRECTION('',(-0.,-1.,0.));
#9675 = PLANE('',#9676);
#9676 = AXIS2_PLACEMENT_3D('',#9677,#9678,#9679);
#9677 = CARTESIAN_POINT('',(146.004824,-95.573451,1.545));
#9678 = DIRECTION('',(0.,0.,1.));
#9679 = DIRECTION('',(1.,0.,-0.));
#9680 = ADVANCED_FACE('',(#9681),#9692,.F.);
#9681 = FACE_BOUND('',#9682,.T.);
#9682 = EDGE_LOOP('',(#9683,#9684,#9690,#9691));
#9683 = ORIENTED_EDGE('',*,*,#9647,.T.);
#9684 = ORIENTED_EDGE('',*,*,#9685,.T.);
#9685 = EDGE_CURVE('',#9648,#9668,#9686,.T.);
#9686 = LINE('',#9687,#9688);
#9687 = CARTESIAN_POINT('',(146.004824,-95.548451,-3.6E-02));
#9688 = VECTOR('',#9689,1.);
#9689 = DIRECTION('',(0.,0.,1.));
#9690 = ORIENTED_EDGE('',*,*,#9667,.F.);
#9691 = ORIENTED_EDGE('',*,*,#9685,.F.);
#9692 = CYLINDRICAL_SURFACE('',#9693,0.125);
#9693 = AXIS2_PLACEMENT_3D('',#9694,#9695,#9696);
#9694 = CARTESIAN_POINT('',(146.004824,-95.423451,-3.6E-02));
#9695 = DIRECTION('',(-0.,-0.,-1.));
#9696 = DIRECTION('',(-0.,-1.,0.));
#9697 = ( GEOMETRIC_REPRESENTATION_CONTEXT(3) 
GLOBAL_UNCERTAINTY_ASSIGNED_CONTEXT((#9701)) 
GLOBAL_UNIT_ASSIGNED_CONTEXT((#9698,#9699,#9700)) REPRESENTATION_CONTEXT
('Context #1','3D Context with UNIT and UNCERTAINTY') );
#9698 = ( LENGTH_UNIT() NAMED_UNIT(*) SI_UNIT(.MILLI.,.METRE.) );
#9699 = ( NAMED_UNIT(*) PLANE_ANGLE_UNIT() SI_UNIT($,.RADIAN.) );
#9700 = ( NAMED_UNIT(*) SI_UNIT($,.STERADIAN.) SOLID_ANGLE_UNIT() );
#9701 = UNCERTAINTY_MEASURE_WITH_UNIT(LENGTH_MEASURE(1.E-07),#9698,
  'distance_accuracy_value','confusion accuracy');
#9702 = CONTEXT_DEPENDENT_SHAPE_REPRESENTATION(#9703,#9705);
#9703 = ( REPRESENTATION_RELATIONSHIP('','',#9236,#10) 
REPRESENTATION_RELATIONSHIP_WITH_TRANSFORMATION(#9704) 
SHAPE_REPRESENTATION_RELATIONSHIP() );
#9704 = ITEM_DEFINED_TRANSFORMATION('','',#11,#31);
#9705 = PRODUCT_DEFINITION_SHAPE('Placement','Placement of an item',
  #9706);
#9706 = NEXT_ASSEMBLY_USAGE_OCCURRENCE('5','=>[0:1:1:6]','',#5,#9231,$);
#9707 = PRODUCT_RELATED_PRODUCT_CATEGORY('part',$,(#9233));
#9708 = SHAPE_DEFINITION_REPRESENTATION(#9709,#9715);
#9709 = PRODUCT_DEFINITION_SHAPE('','',#9710);
#9710 = PRODUCT_DEFINITION('design','',#9711,#9714);
#9711 = PRODUCT_DEFINITION_FORMATION('','',#9712);
#9712 = PRODUCT('Humidity sensor p1_PCB','Humidity sensor p1_PCB','',(
    #9713));
#9713 = PRODUCT_CONTEXT('',#2,'mechanical');
#9714 = PRODUCT_DEFINITION_CONTEXT('part definition',#2,'design');
#9715 = ADVANCED_BREP_SHAPE_REPRESENTATION('',(#11,#9716),#10667);
#9716 = MANIFOLD_SOLID_BREP('',#9717);
#9717 = CLOSED_SHELL('',(#9718,#9760,#9791,#9822,#10043,#10264,#10281,
    #10298,#10315,#10332,#10349,#10366,#10383,#10400,#10417,#10434,
    #10451,#10468,#10485,#10502,#10519,#10536,#10553,#10570,#10587,
    #10604,#10616,#10633,#10650));
#9718 = ADVANCED_FACE('',(#9719),#9755,.T.);
#9719 = FACE_BOUND('',#9720,.T.);
#9720 = EDGE_LOOP('',(#9721,#9731,#9740,#9748));
#9721 = ORIENTED_EDGE('',*,*,#9722,.T.);
#9722 = EDGE_CURVE('',#9723,#9725,#9727,.T.);
#9723 = VERTEX_POINT('',#9724);
#9724 = CARTESIAN_POINT('',(147.676915,-92.302725,0.));
#9725 = VERTEX_POINT('',#9726);
#9726 = CARTESIAN_POINT('',(147.676915,-92.302725,1.51));
#9727 = LINE('',#9728,#9729);
#9728 = CARTESIAN_POINT('',(147.676915,-92.302725,0.));
#9729 = VECTOR('',#9730,1.);
#9730 = DIRECTION('',(0.,0.,1.));
#9731 = ORIENTED_EDGE('',*,*,#9732,.T.);
#9732 = EDGE_CURVE('',#9725,#9733,#9735,.T.);
#9733 = VERTEX_POINT('',#9734);
#9734 = CARTESIAN_POINT('',(148.383665,-92.595619,1.51));
#9735 = CIRCLE('',#9736,0.999829867964);
#9736 = AXIS2_PLACEMENT_3D('',#9737,#9738,#9739);
#9737 = CARTESIAN_POINT('',(147.67662787102,-93.30255482673,1.51));
#9738 = DIRECTION('',(0.,0.,-1.));
#9739 = DIRECTION('',(2.871778342614E-04,0.999999958764,0.));
#9740 = ORIENTED_EDGE('',*,*,#9741,.F.);
#9741 = EDGE_CURVE('',#9742,#9733,#9744,.T.);
#9742 = VERTEX_POINT('',#9743);
#9743 = CARTESIAN_POINT('',(148.383665,-92.595619,0.));
#9744 = LINE('',#9745,#9746);
#9745 = CARTESIAN_POINT('',(148.383665,-92.595619,0.));
#9746 = VECTOR('',#9747,1.);
#9747 = DIRECTION('',(0.,0.,1.));
#9748 = ORIENTED_EDGE('',*,*,#9749,.F.);
#9749 = EDGE_CURVE('',#9723,#9742,#9750,.T.);
#9750 = CIRCLE('',#9751,0.999829867964);
#9751 = AXIS2_PLACEMENT_3D('',#9752,#9753,#9754);
#9752 = CARTESIAN_POINT('',(147.67662787102,-93.30255482673,0.));
#9753 = DIRECTION('',(0.,0.,-1.));
#9754 = DIRECTION('',(2.871778342614E-04,0.999999958764,0.));
#9755 = CYLINDRICAL_SURFACE('',#9756,0.999829867964);
#9756 = AXIS2_PLACEMENT_3D('',#9757,#9758,#9759);
#9757 = CARTESIAN_POINT('',(147.67662787102,-93.30255482673,0.));
#9758 = DIRECTION('',(0.,0.,-1.));
#9759 = DIRECTION('',(2.871778342614E-04,0.999999958764,0.));
#9760 = ADVANCED_FACE('',(#9761),#9786,.T.);
#9761 = FACE_BOUND('',#9762,.T.);
#9762 = EDGE_LOOP('',(#9763,#9773,#9779,#9780));
#9763 = ORIENTED_EDGE('',*,*,#9764,.T.);
#9764 = EDGE_CURVE('',#9765,#9767,#9769,.T.);
#9765 = VERTEX_POINT('',#9766);
#9766 = CARTESIAN_POINT('',(120.414471,-92.292989,0.));
#9767 = VERTEX_POINT('',#9768);
#9768 = CARTESIAN_POINT('',(120.414471,-92.292989,1.51));
#9769 = LINE('',#9770,#9771);
#9770 = CARTESIAN_POINT('',(120.414471,-92.292989,0.));
#9771 = VECTOR('',#9772,1.);
#9772 = DIRECTION('',(0.,0.,1.));
#9773 = ORIENTED_EDGE('',*,*,#9774,.T.);
#9774 = EDGE_CURVE('',#9767,#9725,#9775,.T.);
#9775 = LINE('',#9776,#9777);
#9776 = CARTESIAN_POINT('',(120.414471,-92.292989,1.51));
#9777 = VECTOR('',#9778,1.);
#9778 = DIRECTION('',(0.999999936232,-3.571212976777E-04,0.));
#9779 = ORIENTED_EDGE('',*,*,#9722,.F.);
#9780 = ORIENTED_EDGE('',*,*,#9781,.F.);
#9781 = EDGE_CURVE('',#9765,#9723,#9782,.T.);
#9782 = LINE('',#9783,#9784);
#9783 = CARTESIAN_POINT('',(120.414471,-92.292989,0.));
#9784 = VECTOR('',#9785,1.);
#9785 = DIRECTION('',(0.999999936232,-3.571212976777E-04,0.));
#9786 = PLANE('',#9787);
#9787 = AXIS2_PLACEMENT_3D('',#9788,#9789,#9790);
#9788 = CARTESIAN_POINT('',(120.414471,-92.292989,0.));
#9789 = DIRECTION('',(3.571212976777E-04,0.999999936232,-0.));
#9790 = DIRECTION('',(0.999999936232,-3.571212976777E-04,0.));
#9791 = ADVANCED_FACE('',(#9792),#9817,.T.);
#9792 = FACE_BOUND('',#9793,.T.);
#9793 = EDGE_LOOP('',(#9794,#9795,#9803,#9811));
#9794 = ORIENTED_EDGE('',*,*,#9741,.T.);
#9795 = ORIENTED_EDGE('',*,*,#9796,.T.);
#9796 = EDGE_CURVE('',#9733,#9797,#9799,.T.);
#9797 = VERTEX_POINT('',#9798);
#9798 = CARTESIAN_POINT('',(148.788403,-93.000357,1.51));
#9799 = LINE('',#9800,#9801);
#9800 = CARTESIAN_POINT('',(148.383665,-92.595619,1.51));
#9801 = VECTOR('',#9802,1.);
#9802 = DIRECTION('',(0.707106781187,-0.707106781187,0.));
#9803 = ORIENTED_EDGE('',*,*,#9804,.F.);
#9804 = EDGE_CURVE('',#9805,#9797,#9807,.T.);
#9805 = VERTEX_POINT('',#9806);
#9806 = CARTESIAN_POINT('',(148.788403,-93.000357,0.));
#9807 = LINE('',#9808,#9809);
#9808 = CARTESIAN_POINT('',(148.788403,-93.000357,0.));
#9809 = VECTOR('',#9810,1.);
#9810 = DIRECTION('',(0.,0.,1.));
#9811 = ORIENTED_EDGE('',*,*,#9812,.F.);
#9812 = EDGE_CURVE('',#9742,#9805,#9813,.T.);
#9813 = LINE('',#9814,#9815);
#9814 = CARTESIAN_POINT('',(148.383665,-92.595619,0.));
#9815 = VECTOR('',#9816,1.);
#9816 = DIRECTION('',(0.707106781187,-0.707106781187,0.));
#9817 = PLANE('',#9818);
#9818 = AXIS2_PLACEMENT_3D('',#9819,#9820,#9821);
#9819 = CARTESIAN_POINT('',(148.383665,-92.595619,0.));
#9820 = DIRECTION('',(0.707106781187,0.707106781187,-0.));
#9821 = DIRECTION('',(0.707106781187,-0.707106781187,0.));
#9822 = ADVANCED_FACE('',(#9823,#10005,#10016,#10027),#10038,.F.);
#9823 = FACE_BOUND('',#9824,.F.);
#9824 = EDGE_LOOP('',(#9825,#9826,#9827,#9836,#9844,#9853,#9861,#9870,
    #9878,#9887,#9895,#9904,#9912,#9921,#9929,#9938,#9946,#9955,#9963,
    #9972,#9980,#9989,#9997,#10004));
#9825 = ORIENTED_EDGE('',*,*,#9749,.F.);
#9826 = ORIENTED_EDGE('',*,*,#9781,.F.);
#9827 = ORIENTED_EDGE('',*,*,#9828,.F.);
#9828 = EDGE_CURVE('',#9829,#9765,#9831,.T.);
#9829 = VERTEX_POINT('',#9830);
#9830 = CARTESIAN_POINT('',(119.828624,-92.482309,0.));
#9831 = CIRCLE('',#9832,1.000110541901);
#9832 = AXIS2_PLACEMENT_3D('',#9833,#9834,#9835);
#9833 = CARTESIAN_POINT('',(120.41414930012,-93.29309949016,0.));
#9834 = DIRECTION('',(0.,0.,-1.));
#9835 = DIRECTION('',(-0.585460582198,0.810700873746,0.));
#9836 = ORIENTED_EDGE('',*,*,#9837,.F.);
#9837 = EDGE_CURVE('',#9838,#9829,#9840,.T.);
#9838 = VERTEX_POINT('',#9839);
#9839 = CARTESIAN_POINT('',(119.24543,-92.903505,0.));
#9840 = LINE('',#9841,#9842);
#9841 = CARTESIAN_POINT('',(119.24543,-92.903505,0.));
#9842 = VECTOR('',#9843,1.);
#9843 = DIRECTION('',(0.81067900847,0.585490858362,0.));
#9844 = ORIENTED_EDGE('',*,*,#9845,.F.);
#9845 = EDGE_CURVE('',#9846,#9838,#9848,.T.);
#9846 = VERTEX_POINT('',#9847);
#9847 = CARTESIAN_POINT('',(118.83092,-93.714184,0.));
#9848 = CIRCLE('',#9849,0.999998549544);
#9849 = AXIS2_PLACEMENT_3D('',#9850,#9851,#9852);
#9850 = CARTESIAN_POINT('',(119.83091854954,-93.71418388676,0.));
#9851 = DIRECTION('',(0.,0.,-1.));
#9852 = DIRECTION('',(-1.,-1.132374700004E-07,-0.));
#9853 = ORIENTED_EDGE('',*,*,#9854,.F.);
#9854 = EDGE_CURVE('',#9855,#9846,#9857,.T.);
#9855 = VERTEX_POINT('',#9856);
#9856 = CARTESIAN_POINT('',(118.83092,-110.755696,0.));
#9857 = LINE('',#9858,#9859);
#9858 = CARTESIAN_POINT('',(118.83092,-110.755696,0.));
#9859 = VECTOR('',#9860,1.);
#9860 = DIRECTION('',(0.,1.,0.));
#9861 = ORIENTED_EDGE('',*,*,#9862,.F.);
#9862 = EDGE_CURVE('',#9863,#9855,#9865,.T.);
#9863 = VERTEX_POINT('',#9864);
#9864 = CARTESIAN_POINT('',(119.176675,-111.511979,0.));
#9865 = CIRCLE('',#9866,0.999955900501);
#9866 = AXIS2_PLACEMENT_3D('',#9867,#9868,#9869);
#9867 = CARTESIAN_POINT('',(119.83087590029,-110.7557164893,0.));
#9868 = DIRECTION('',(0.,0.,-1.));
#9869 = DIRECTION('',(-0.654229751495,-0.756295862912,-0.));
#9870 = ORIENTED_EDGE('',*,*,#9871,.F.);
#9871 = EDGE_CURVE('',#9872,#9863,#9874,.T.);
#9872 = VERTEX_POINT('',#9873);
#9873 = CARTESIAN_POINT('',(119.809192,-112.059156,0.));
#9874 = LINE('',#9875,#9876);
#9875 = CARTESIAN_POINT('',(119.809192,-112.059156,0.));
#9876 = VECTOR('',#9877,1.);
#9877 = DIRECTION('',(-0.75628314218,0.654244456495,0.));
#9878 = ORIENTED_EDGE('',*,*,#9879,.F.);
#9879 = EDGE_CURVE('',#9880,#9872,#9882,.T.);
#9880 = VERTEX_POINT('',#9881);
#9881 = CARTESIAN_POINT('',(120.463437,-112.302873,0.));
#9882 = CIRCLE('',#9883,0.999999309983);
#9883 = AXIS2_PLACEMENT_3D('',#9884,#9885,#9886);
#9884 = CARTESIAN_POINT('',(120.4634363638,-111.30287369,0.));
#9885 = DIRECTION('',(0.,0.,-1.));
#9886 = DIRECTION('',(6.361933044841E-07,-1.,0.));
#9887 = ORIENTED_EDGE('',*,*,#9888,.F.);
#9888 = EDGE_CURVE('',#9889,#9880,#9891,.T.);
#9889 = VERTEX_POINT('',#9890);
#9890 = CARTESIAN_POINT('',(147.671706,-112.302873,0.));
#9891 = LINE('',#9892,#9893);
#9892 = CARTESIAN_POINT('',(147.671706,-112.302873,0.));
#9893 = VECTOR('',#9894,1.);
#9894 = DIRECTION('',(-1.,0.,0.));
#9895 = ORIENTED_EDGE('',*,*,#9896,.F.);
#9896 = EDGE_CURVE('',#9897,#9889,#9899,.T.);
#9897 = VERTEX_POINT('',#9898);
#9898 = CARTESIAN_POINT('',(148.378813,-112.00998,0.));
#9899 = CIRCLE('',#9900,0.999994154159);
#9900 = AXIS2_PLACEMENT_3D('',#9901,#9902,#9903);
#9901 = CARTESIAN_POINT('',(147.67170885905,-111.3028788458,0.));
#9902 = DIRECTION('',(0.,0.,-1.));
#9903 = DIRECTION('',(0.70710827459,-0.70710528778,0.));
#9904 = ORIENTED_EDGE('',*,*,#9905,.F.);
#9905 = EDGE_CURVE('',#9906,#9897,#9908,.T.);
#9906 = VERTEX_POINT('',#9907);
#9907 = CARTESIAN_POINT('',(148.793027,-111.595766,0.));
#9908 = LINE('',#9909,#9910);
#9909 = CARTESIAN_POINT('',(148.793027,-111.595766,0.));
#9910 = VECTOR('',#9911,1.);
#9911 = DIRECTION('',(-0.707106781187,-0.707106781187,0.));
#9912 = ORIENTED_EDGE('',*,*,#9913,.F.);
#9913 = EDGE_CURVE('',#9914,#9906,#9916,.T.);
#9914 = VERTEX_POINT('',#9915);
#9915 = CARTESIAN_POINT('',(149.08592,-110.888659,0.));
#9916 = CIRCLE('',#9917,0.999795414732);
#9917 = AXIS2_PLACEMENT_3D('',#9918,#9919,#9920);
#9918 = CARTESIAN_POINT('',(148.08612458889,-110.888744181,0.));
#9919 = DIRECTION('',(0.,0.,-1.));
#9920 = DIRECTION('',(0.999999996371,8.519846343624E-05,0.));
#9921 = ORIENTED_EDGE('',*,*,#9922,.F.);
#9922 = EDGE_CURVE('',#9923,#9914,#9925,.T.);
#9923 = VERTEX_POINT('',#9924);
#9924 = CARTESIAN_POINT('',(149.08592,-106.789655,0.));
#9925 = LINE('',#9926,#9927);
#9926 = CARTESIAN_POINT('',(149.08592,-106.789655,0.));
#9927 = VECTOR('',#9928,1.);
#9928 = DIRECTION('',(0.,-1.,0.));
#9929 = ORIENTED_EDGE('',*,*,#9930,.F.);
#9930 = EDGE_CURVE('',#9931,#9923,#9933,.T.);
#9931 = VERTEX_POINT('',#9932);
#9932 = CARTESIAN_POINT('',(150.082697,-105.78966,0.));
#9933 = CIRCLE('',#9934,1.000092516225);
#9934 = AXIS2_PLACEMENT_3D('',#9935,#9936,#9937);
#9935 = CARTESIAN_POINT('',(150.08601251199,-106.7897470204,0.));
#9936 = DIRECTION('',(0.,0.,1.));
#9937 = DIRECTION('',(-3.315205280828E-03,0.999994504692,0.));
#9938 = ORIENTED_EDGE('',*,*,#9939,.F.);
#9939 = EDGE_CURVE('',#9940,#9931,#9942,.T.);
#9940 = VERTEX_POINT('',#9941);
#9941 = CARTESIAN_POINT('',(152.081794,-105.783217,0.));
#9942 = LINE('',#9943,#9944);
#9943 = CARTESIAN_POINT('',(152.081794,-105.783217,0.));
#9944 = VECTOR('',#9945,1.);
#9945 = DIRECTION('',(-0.99999480632,-3.222938425263E-03,0.));
#9946 = ORIENTED_EDGE('',*,*,#9947,.F.);
#9947 = EDGE_CURVE('',#9948,#9940,#9950,.T.);
#9948 = VERTEX_POINT('',#9949);
#9949 = CARTESIAN_POINT('',(153.07857,-104.781789,0.));
#9950 = CIRCLE('',#9951,1.000059794116);
#9951 = AXIS2_PLACEMENT_3D('',#9952,#9953,#9954);
#9952 = CARTESIAN_POINT('',(152.0785111492,-104.7831625941,0.));
#9953 = DIRECTION('',(0.,0.,-1.));
#9954 = DIRECTION('',(0.999999056732,1.373512003174E-03,0.));
#9955 = ORIENTED_EDGE('',*,*,#9956,.F.);
#9956 = EDGE_CURVE('',#9957,#9948,#9959,.T.);
#9957 = VERTEX_POINT('',#9958);
#9958 = CARTESIAN_POINT('',(153.071428,-99.796782,0.));
#9959 = LINE('',#9960,#9961);
#9960 = CARTESIAN_POINT('',(153.071428,-99.796782,0.));
#9961 = VECTOR('',#9962,1.);
#9962 = DIRECTION('',(1.432694612089E-03,-0.999998973693,0.));
#9963 = ORIENTED_EDGE('',*,*,#9964,.F.);
#9964 = EDGE_CURVE('',#9965,#9957,#9967,.T.);
#9965 = VERTEX_POINT('',#9966);
#9966 = CARTESIAN_POINT('',(152.073218,-98.798217,0.));
#9967 = CIRCLE('',#9968,1.000000287871);
#9968 = AXIS2_PLACEMENT_3D('',#9969,#9970,#9971);
#9969 = CARTESIAN_POINT('',(152.07142873985,-99.79821568714,0.));
#9970 = DIRECTION('',(0.,0.,-1.));
#9971 = DIRECTION('',(1.789259626417E-03,0.999998399274,0.));
#9972 = ORIENTED_EDGE('',*,*,#9973,.F.);
#9973 = EDGE_CURVE('',#9974,#9965,#9976,.T.);
#9974 = VERTEX_POINT('',#9975);
#9975 = CARTESIAN_POINT('',(150.083225,-98.794656,0.));
#9976 = LINE('',#9977,#9978);
#9977 = CARTESIAN_POINT('',(150.083225,-98.794656,0.));
#9978 = VECTOR('',#9979,1.);
#9979 = DIRECTION('',(0.999998398932,-1.789450665699E-03,0.));
#9980 = ORIENTED_EDGE('',*,*,#9981,.F.);
#9981 = EDGE_CURVE('',#9982,#9974,#9984,.T.);
#9982 = VERTEX_POINT('',#9983);
#9983 = CARTESIAN_POINT('',(149.085014,-97.795566,0.));
#9984 = CIRCLE('',#9985,1.000000750524);
#9985 = AXIS2_PLACEMENT_3D('',#9986,#9987,#9988);
#9986 = CARTESIAN_POINT('',(150.08501433724,-97.79465685034,0.));
#9987 = DIRECTION('',(0.,0.,1.));
#9988 = DIRECTION('',(-0.999999586724,-9.09148977779E-04,0.));
#9989 = ORIENTED_EDGE('',*,*,#9990,.F.);
#9990 = EDGE_CURVE('',#9991,#9982,#9993,.T.);
#9991 = VERTEX_POINT('',#9992);
#9992 = CARTESIAN_POINT('',(149.081295,-93.706554,0.));
#9993 = LINE('',#9994,#9995);
#9994 = CARTESIAN_POINT('',(149.081295,-93.706554,0.));
#9995 = VECTOR('',#9996,1.);
#9996 = DIRECTION('',(9.095102831183E-04,-0.999999586395,0.));
#9997 = ORIENTED_EDGE('',*,*,#9998,.F.);
#9998 = EDGE_CURVE('',#9805,#9991,#9999,.T.);
#9999 = CIRCLE('',#10000,1.000000601874);
#10000 = AXIS2_PLACEMENT_3D('',#10001,#10002,#10003);
#10001 = CARTESIAN_POINT('',(148.08129481147,-93.70746322502,0.));
#10002 = DIRECTION('',(0.,0.,-1.));
#10003 = DIRECTION('',(0.707107762939,0.707105799433,0.));
#10004 = ORIENTED_EDGE('',*,*,#9812,.F.);
#10005 = FACE_BOUND('',#10006,.F.);
#10006 = EDGE_LOOP('',(#10007));
#10007 = ORIENTED_EDGE('',*,*,#10008,.T.);
#10008 = EDGE_CURVE('',#10009,#10009,#10011,.T.);
#10009 = VERTEX_POINT('',#10010);
#10010 = CARTESIAN_POINT('',(151.48,-104.72,0.));
#10011 = CIRCLE('',#10012,0.4);
#10012 = AXIS2_PLACEMENT_3D('',#10013,#10014,#10015);
#10013 = CARTESIAN_POINT('',(151.48,-104.32,0.));
#10014 = DIRECTION('',(-0.,0.,-1.));
#10015 = DIRECTION('',(-7.105427357601E-14,-1.,0.));
#10016 = FACE_BOUND('',#10017,.F.);
#10017 = EDGE_LOOP('',(#10018));
#10018 = ORIENTED_EDGE('',*,*,#10019,.T.);
#10019 = EDGE_CURVE('',#10020,#10020,#10022,.T.);
#10020 = VERTEX_POINT('',#10021);
#10021 = CARTESIAN_POINT('',(151.48,-102.72,0.));
#10022 = CIRCLE('',#10023,0.4);
#10023 = AXIS2_PLACEMENT_3D('',#10024,#10025,#10026);
#10024 = CARTESIAN_POINT('',(151.48,-102.32,0.));
#10025 = DIRECTION('',(-0.,0.,-1.));
#10026 = DIRECTION('',(-7.105427357601E-14,-1.,0.));
#10027 = FACE_BOUND('',#10028,.F.);
#10028 = EDGE_LOOP('',(#10029));
#10029 = ORIENTED_EDGE('',*,*,#10030,.T.);
#10030 = EDGE_CURVE('',#10031,#10031,#10033,.T.);
#10031 = VERTEX_POINT('',#10032);
#10032 = CARTESIAN_POINT('',(151.48,-100.72,0.));
#10033 = CIRCLE('',#10034,0.4);
#10034 = AXIS2_PLACEMENT_3D('',#10035,#10036,#10037);
#10035 = CARTESIAN_POINT('',(151.48,-100.32,0.));
#10036 = DIRECTION('',(-0.,0.,-1.));
#10037 = DIRECTION('',(-7.105427357601E-14,-1.,0.));
#10038 = PLANE('',#10039);
#10039 = AXIS2_PLACEMENT_3D('',#10040,#10041,#10042);
#10040 = CARTESIAN_POINT('',(0.,0.,0.));
#10041 = DIRECTION('',(0.,0.,1.));
#10042 = DIRECTION('',(1.,0.,-0.));
#10043 = ADVANCED_FACE('',(#10044,#10226,#10237,#10248),#10259,.T.);
#10044 = FACE_BOUND('',#10045,.T.);
#10045 = EDGE_LOOP('',(#10046,#10047,#10048,#10057,#10065,#10074,#10082,
    #10091,#10099,#10108,#10116,#10125,#10133,#10142,#10150,#10159,
    #10167,#10176,#10184,#10193,#10201,#10210,#10218,#10225));
#10046 = ORIENTED_EDGE('',*,*,#9732,.F.);
#10047 = ORIENTED_EDGE('',*,*,#9774,.F.);
#10048 = ORIENTED_EDGE('',*,*,#10049,.F.);
#10049 = EDGE_CURVE('',#10050,#9767,#10052,.T.);
#10050 = VERTEX_POINT('',#10051);
#10051 = CARTESIAN_POINT('',(119.828624,-92.482309,1.51));
#10052 = CIRCLE('',#10053,1.000110541901);
#10053 = AXIS2_PLACEMENT_3D('',#10054,#10055,#10056);
#10054 = CARTESIAN_POINT('',(120.41414930012,-93.29309949016,1.51));
#10055 = DIRECTION('',(0.,0.,-1.));
#10056 = DIRECTION('',(-0.585460582198,0.810700873746,0.));
#10057 = ORIENTED_EDGE('',*,*,#10058,.F.);
#10058 = EDGE_CURVE('',#10059,#10050,#10061,.T.);
#10059 = VERTEX_POINT('',#10060);
#10060 = CARTESIAN_POINT('',(119.24543,-92.903505,1.51));
#10061 = LINE('',#10062,#10063);
#10062 = CARTESIAN_POINT('',(119.24543,-92.903505,1.51));
#10063 = VECTOR('',#10064,1.);
#10064 = DIRECTION('',(0.81067900847,0.585490858362,0.));
#10065 = ORIENTED_EDGE('',*,*,#10066,.F.);
#10066 = EDGE_CURVE('',#10067,#10059,#10069,.T.);
#10067 = VERTEX_POINT('',#10068);
#10068 = CARTESIAN_POINT('',(118.83092,-93.714184,1.51));
#10069 = CIRCLE('',#10070,0.999998549544);
#10070 = AXIS2_PLACEMENT_3D('',#10071,#10072,#10073);
#10071 = CARTESIAN_POINT('',(119.83091854954,-93.71418388676,1.51));
#10072 = DIRECTION('',(0.,0.,-1.));
#10073 = DIRECTION('',(-1.,-1.132374700004E-07,-0.));
#10074 = ORIENTED_EDGE('',*,*,#10075,.F.);
#10075 = EDGE_CURVE('',#10076,#10067,#10078,.T.);
#10076 = VERTEX_POINT('',#10077);
#10077 = CARTESIAN_POINT('',(118.83092,-110.755696,1.51));
#10078 = LINE('',#10079,#10080);
#10079 = CARTESIAN_POINT('',(118.83092,-110.755696,1.51));
#10080 = VECTOR('',#10081,1.);
#10081 = DIRECTION('',(0.,1.,0.));
#10082 = ORIENTED_EDGE('',*,*,#10083,.F.);
#10083 = EDGE_CURVE('',#10084,#10076,#10086,.T.);
#10084 = VERTEX_POINT('',#10085);
#10085 = CARTESIAN_POINT('',(119.176675,-111.511979,1.51));
#10086 = CIRCLE('',#10087,0.999955900501);
#10087 = AXIS2_PLACEMENT_3D('',#10088,#10089,#10090);
#10088 = CARTESIAN_POINT('',(119.83087590029,-110.7557164893,1.51));
#10089 = DIRECTION('',(0.,0.,-1.));
#10090 = DIRECTION('',(-0.654229751495,-0.756295862912,-0.));
#10091 = ORIENTED_EDGE('',*,*,#10092,.F.);
#10092 = EDGE_CURVE('',#10093,#10084,#10095,.T.);
#10093 = VERTEX_POINT('',#10094);
#10094 = CARTESIAN_POINT('',(119.809192,-112.059156,1.51));
#10095 = LINE('',#10096,#10097);
#10096 = CARTESIAN_POINT('',(119.809192,-112.059156,1.51));
#10097 = VECTOR('',#10098,1.);
#10098 = DIRECTION('',(-0.75628314218,0.654244456495,0.));
#10099 = ORIENTED_EDGE('',*,*,#10100,.F.);
#10100 = EDGE_CURVE('',#10101,#10093,#10103,.T.);
#10101 = VERTEX_POINT('',#10102);
#10102 = CARTESIAN_POINT('',(120.463437,-112.302873,1.51));
#10103 = CIRCLE('',#10104,0.999999309983);
#10104 = AXIS2_PLACEMENT_3D('',#10105,#10106,#10107);
#10105 = CARTESIAN_POINT('',(120.4634363638,-111.30287369,1.51));
#10106 = DIRECTION('',(0.,0.,-1.));
#10107 = DIRECTION('',(6.361933044841E-07,-1.,0.));
#10108 = ORIENTED_EDGE('',*,*,#10109,.F.);
#10109 = EDGE_CURVE('',#10110,#10101,#10112,.T.);
#10110 = VERTEX_POINT('',#10111);
#10111 = CARTESIAN_POINT('',(147.671706,-112.302873,1.51));
#10112 = LINE('',#10113,#10114);
#10113 = CARTESIAN_POINT('',(147.671706,-112.302873,1.51));
#10114 = VECTOR('',#10115,1.);
#10115 = DIRECTION('',(-1.,0.,0.));
#10116 = ORIENTED_EDGE('',*,*,#10117,.F.);
#10117 = EDGE_CURVE('',#10118,#10110,#10120,.T.);
#10118 = VERTEX_POINT('',#10119);
#10119 = CARTESIAN_POINT('',(148.378813,-112.00998,1.51));
#10120 = CIRCLE('',#10121,0.999994154159);
#10121 = AXIS2_PLACEMENT_3D('',#10122,#10123,#10124);
#10122 = CARTESIAN_POINT('',(147.67170885905,-111.3028788458,1.51));
#10123 = DIRECTION('',(0.,0.,-1.));
#10124 = DIRECTION('',(0.70710827459,-0.70710528778,0.));
#10125 = ORIENTED_EDGE('',*,*,#10126,.F.);
#10126 = EDGE_CURVE('',#10127,#10118,#10129,.T.);
#10127 = VERTEX_POINT('',#10128);
#10128 = CARTESIAN_POINT('',(148.793027,-111.595766,1.51));
#10129 = LINE('',#10130,#10131);
#10130 = CARTESIAN_POINT('',(148.793027,-111.595766,1.51));
#10131 = VECTOR('',#10132,1.);
#10132 = DIRECTION('',(-0.707106781187,-0.707106781187,0.));
#10133 = ORIENTED_EDGE('',*,*,#10134,.F.);
#10134 = EDGE_CURVE('',#10135,#10127,#10137,.T.);
#10135 = VERTEX_POINT('',#10136);
#10136 = CARTESIAN_POINT('',(149.08592,-110.888659,1.51));
#10137 = CIRCLE('',#10138,0.999795414732);
#10138 = AXIS2_PLACEMENT_3D('',#10139,#10140,#10141);
#10139 = CARTESIAN_POINT('',(148.08612458889,-110.888744181,1.51));
#10140 = DIRECTION('',(0.,0.,-1.));
#10141 = DIRECTION('',(0.999999996371,8.519846343624E-05,0.));
#10142 = ORIENTED_EDGE('',*,*,#10143,.F.);
#10143 = EDGE_CURVE('',#10144,#10135,#10146,.T.);
#10144 = VERTEX_POINT('',#10145);
#10145 = CARTESIAN_POINT('',(149.08592,-106.789655,1.51));
#10146 = LINE('',#10147,#10148);
#10147 = CARTESIAN_POINT('',(149.08592,-106.789655,1.51));
#10148 = VECTOR('',#10149,1.);
#10149 = DIRECTION('',(0.,-1.,0.));
#10150 = ORIENTED_EDGE('',*,*,#10151,.F.);
#10151 = EDGE_CURVE('',#10152,#10144,#10154,.T.);
#10152 = VERTEX_POINT('',#10153);
#10153 = CARTESIAN_POINT('',(150.082697,-105.78966,1.51));
#10154 = CIRCLE('',#10155,1.000092516225);
#10155 = AXIS2_PLACEMENT_3D('',#10156,#10157,#10158);
#10156 = CARTESIAN_POINT('',(150.08601251199,-106.7897470204,1.51));
#10157 = DIRECTION('',(0.,0.,1.));
#10158 = DIRECTION('',(-3.315205280828E-03,0.999994504692,0.));
#10159 = ORIENTED_EDGE('',*,*,#10160,.F.);
#10160 = EDGE_CURVE('',#10161,#10152,#10163,.T.);
#10161 = VERTEX_POINT('',#10162);
#10162 = CARTESIAN_POINT('',(152.081794,-105.783217,1.51));
#10163 = LINE('',#10164,#10165);
#10164 = CARTESIAN_POINT('',(152.081794,-105.783217,1.51));
#10165 = VECTOR('',#10166,1.);
#10166 = DIRECTION('',(-0.99999480632,-3.222938425263E-03,0.));
#10167 = ORIENTED_EDGE('',*,*,#10168,.F.);
#10168 = EDGE_CURVE('',#10169,#10161,#10171,.T.);
#10169 = VERTEX_POINT('',#10170);
#10170 = CARTESIAN_POINT('',(153.07857,-104.781789,1.51));
#10171 = CIRCLE('',#10172,1.000059794116);
#10172 = AXIS2_PLACEMENT_3D('',#10173,#10174,#10175);
#10173 = CARTESIAN_POINT('',(152.0785111492,-104.7831625941,1.51));
#10174 = DIRECTION('',(0.,0.,-1.));
#10175 = DIRECTION('',(0.999999056732,1.373512003174E-03,0.));
#10176 = ORIENTED_EDGE('',*,*,#10177,.F.);
#10177 = EDGE_CURVE('',#10178,#10169,#10180,.T.);
#10178 = VERTEX_POINT('',#10179);
#10179 = CARTESIAN_POINT('',(153.071428,-99.796782,1.51));
#10180 = LINE('',#10181,#10182);
#10181 = CARTESIAN_POINT('',(153.071428,-99.796782,1.51));
#10182 = VECTOR('',#10183,1.);
#10183 = DIRECTION('',(1.432694612089E-03,-0.999998973693,0.));
#10184 = ORIENTED_EDGE('',*,*,#10185,.F.);
#10185 = EDGE_CURVE('',#10186,#10178,#10188,.T.);
#10186 = VERTEX_POINT('',#10187);
#10187 = CARTESIAN_POINT('',(152.073218,-98.798217,1.51));
#10188 = CIRCLE('',#10189,1.000000287871);
#10189 = AXIS2_PLACEMENT_3D('',#10190,#10191,#10192);
#10190 = CARTESIAN_POINT('',(152.07142873985,-99.79821568714,1.51));
#10191 = DIRECTION('',(0.,0.,-1.));
#10192 = DIRECTION('',(1.789259626417E-03,0.999998399274,0.));
#10193 = ORIENTED_EDGE('',*,*,#10194,.F.);
#10194 = EDGE_CURVE('',#10195,#10186,#10197,.T.);
#10195 = VERTEX_POINT('',#10196);
#10196 = CARTESIAN_POINT('',(150.083225,-98.794656,1.51));
#10197 = LINE('',#10198,#10199);
#10198 = CARTESIAN_POINT('',(150.083225,-98.794656,1.51));
#10199 = VECTOR('',#10200,1.);
#10200 = DIRECTION('',(0.999998398932,-1.789450665699E-03,0.));
#10201 = ORIENTED_EDGE('',*,*,#10202,.F.);
#10202 = EDGE_CURVE('',#10203,#10195,#10205,.T.);
#10203 = VERTEX_POINT('',#10204);
#10204 = CARTESIAN_POINT('',(149.085014,-97.795566,1.51));
#10205 = CIRCLE('',#10206,1.000000750524);
#10206 = AXIS2_PLACEMENT_3D('',#10207,#10208,#10209);
#10207 = CARTESIAN_POINT('',(150.08501433724,-97.79465685034,1.51));
#10208 = DIRECTION('',(0.,0.,1.));
#10209 = DIRECTION('',(-0.999999586724,-9.09148977779E-04,0.));
#10210 = ORIENTED_EDGE('',*,*,#10211,.F.);
#10211 = EDGE_CURVE('',#10212,#10203,#10214,.T.);
#10212 = VERTEX_POINT('',#10213);
#10213 = CARTESIAN_POINT('',(149.081295,-93.706554,1.51));
#10214 = LINE('',#10215,#10216);
#10215 = CARTESIAN_POINT('',(149.081295,-93.706554,1.51));
#10216 = VECTOR('',#10217,1.);
#10217 = DIRECTION('',(9.095102831183E-04,-0.999999586395,0.));
#10218 = ORIENTED_EDGE('',*,*,#10219,.F.);
#10219 = EDGE_CURVE('',#9797,#10212,#10220,.T.);
#10220 = CIRCLE('',#10221,1.000000601874);
#10221 = AXIS2_PLACEMENT_3D('',#10222,#10223,#10224);
#10222 = CARTESIAN_POINT('',(148.08129481147,-93.70746322502,1.51));
#10223 = DIRECTION('',(0.,0.,-1.));
#10224 = DIRECTION('',(0.707107762939,0.707105799433,0.));
#10225 = ORIENTED_EDGE('',*,*,#9796,.F.);
#10226 = FACE_BOUND('',#10227,.T.);
#10227 = EDGE_LOOP('',(#10228));
#10228 = ORIENTED_EDGE('',*,*,#10229,.T.);
#10229 = EDGE_CURVE('',#10230,#10230,#10232,.T.);
#10230 = VERTEX_POINT('',#10231);
#10231 = CARTESIAN_POINT('',(151.48,-104.72,1.51));
#10232 = CIRCLE('',#10233,0.4);
#10233 = AXIS2_PLACEMENT_3D('',#10234,#10235,#10236);
#10234 = CARTESIAN_POINT('',(151.48,-104.32,1.51));
#10235 = DIRECTION('',(-0.,0.,-1.));
#10236 = DIRECTION('',(-7.105427357601E-14,-1.,0.));
#10237 = FACE_BOUND('',#10238,.T.);
#10238 = EDGE_LOOP('',(#10239));
#10239 = ORIENTED_EDGE('',*,*,#10240,.T.);
#10240 = EDGE_CURVE('',#10241,#10241,#10243,.T.);
#10241 = VERTEX_POINT('',#10242);
#10242 = CARTESIAN_POINT('',(151.48,-102.72,1.51));
#10243 = CIRCLE('',#10244,0.4);
#10244 = AXIS2_PLACEMENT_3D('',#10245,#10246,#10247);
#10245 = CARTESIAN_POINT('',(151.48,-102.32,1.51));
#10246 = DIRECTION('',(-0.,0.,-1.));
#10247 = DIRECTION('',(-7.105427357601E-14,-1.,0.));
#10248 = FACE_BOUND('',#10249,.T.);
#10249 = EDGE_LOOP('',(#10250));
#10250 = ORIENTED_EDGE('',*,*,#10251,.T.);
#10251 = EDGE_CURVE('',#10252,#10252,#10254,.T.);
#10252 = VERTEX_POINT('',#10253);
#10253 = CARTESIAN_POINT('',(151.48,-100.72,1.51));
#10254 = CIRCLE('',#10255,0.4);
#10255 = AXIS2_PLACEMENT_3D('',#10256,#10257,#10258);
#10256 = CARTESIAN_POINT('',(151.48,-100.32,1.51));
#10257 = DIRECTION('',(-0.,0.,-1.));
#10258 = DIRECTION('',(-7.105427357601E-14,-1.,0.));
#10259 = PLANE('',#10260);
#10260 = AXIS2_PLACEMENT_3D('',#10261,#10262,#10263);
#10261 = CARTESIAN_POINT('',(0.,0.,1.51));
#10262 = DIRECTION('',(0.,0.,1.));
#10263 = DIRECTION('',(1.,0.,-0.));
#10264 = ADVANCED_FACE('',(#10265),#10276,.T.);
#10265 = FACE_BOUND('',#10266,.T.);
#10266 = EDGE_LOOP('',(#10267,#10273,#10274,#10275));
#10267 = ORIENTED_EDGE('',*,*,#10268,.T.);
#10268 = EDGE_CURVE('',#9829,#10050,#10269,.T.);
#10269 = LINE('',#10270,#10271);
#10270 = CARTESIAN_POINT('',(119.828624,-92.482309,0.));
#10271 = VECTOR('',#10272,1.);
#10272 = DIRECTION('',(0.,0.,1.));
#10273 = ORIENTED_EDGE('',*,*,#10049,.T.);
#10274 = ORIENTED_EDGE('',*,*,#9764,.F.);
#10275 = ORIENTED_EDGE('',*,*,#9828,.F.);
#10276 = CYLINDRICAL_SURFACE('',#10277,1.000110541901);
#10277 = AXIS2_PLACEMENT_3D('',#10278,#10279,#10280);
#10278 = CARTESIAN_POINT('',(120.41414930012,-93.29309949016,0.));
#10279 = DIRECTION('',(0.,0.,-1.));
#10280 = DIRECTION('',(-0.585460582198,0.810700873746,0.));
#10281 = ADVANCED_FACE('',(#10282),#10293,.T.);
#10282 = FACE_BOUND('',#10283,.T.);
#10283 = EDGE_LOOP('',(#10284,#10285,#10286,#10292));
#10284 = ORIENTED_EDGE('',*,*,#9804,.T.);
#10285 = ORIENTED_EDGE('',*,*,#10219,.T.);
#10286 = ORIENTED_EDGE('',*,*,#10287,.F.);
#10287 = EDGE_CURVE('',#9991,#10212,#10288,.T.);
#10288 = LINE('',#10289,#10290);
#10289 = CARTESIAN_POINT('',(149.081295,-93.706554,0.));
#10290 = VECTOR('',#10291,1.);
#10291 = DIRECTION('',(0.,0.,1.));
#10292 = ORIENTED_EDGE('',*,*,#9998,.F.);
#10293 = CYLINDRICAL_SURFACE('',#10294,1.000000601874);
#10294 = AXIS2_PLACEMENT_3D('',#10295,#10296,#10297);
#10295 = CARTESIAN_POINT('',(148.08129481147,-93.70746322502,0.));
#10296 = DIRECTION('',(0.,0.,-1.));
#10297 = DIRECTION('',(0.707107762939,0.707105799433,0.));
#10298 = ADVANCED_FACE('',(#10299),#10310,.T.);
#10299 = FACE_BOUND('',#10300,.T.);
#10300 = EDGE_LOOP('',(#10301,#10307,#10308,#10309));
#10301 = ORIENTED_EDGE('',*,*,#10302,.T.);
#10302 = EDGE_CURVE('',#9838,#10059,#10303,.T.);
#10303 = LINE('',#10304,#10305);
#10304 = CARTESIAN_POINT('',(119.24543,-92.903505,0.));
#10305 = VECTOR('',#10306,1.);
#10306 = DIRECTION('',(0.,0.,1.));
#10307 = ORIENTED_EDGE('',*,*,#10058,.T.);
#10308 = ORIENTED_EDGE('',*,*,#10268,.F.);
#10309 = ORIENTED_EDGE('',*,*,#9837,.F.);
#10310 = PLANE('',#10311);
#10311 = AXIS2_PLACEMENT_3D('',#10312,#10313,#10314);
#10312 = CARTESIAN_POINT('',(119.24543,-92.903505,0.));
#10313 = DIRECTION('',(-0.585490858362,0.81067900847,0.));
#10314 = DIRECTION('',(0.81067900847,0.585490858362,0.));
#10315 = ADVANCED_FACE('',(#10316),#10327,.T.);
#10316 = FACE_BOUND('',#10317,.T.);
#10317 = EDGE_LOOP('',(#10318,#10319,#10320,#10326));
#10318 = ORIENTED_EDGE('',*,*,#10287,.T.);
#10319 = ORIENTED_EDGE('',*,*,#10211,.T.);
#10320 = ORIENTED_EDGE('',*,*,#10321,.F.);
#10321 = EDGE_CURVE('',#9982,#10203,#10322,.T.);
#10322 = LINE('',#10323,#10324);
#10323 = CARTESIAN_POINT('',(149.085014,-97.795566,0.));
#10324 = VECTOR('',#10325,1.);
#10325 = DIRECTION('',(0.,0.,1.));
#10326 = ORIENTED_EDGE('',*,*,#9990,.F.);
#10327 = PLANE('',#10328);
#10328 = AXIS2_PLACEMENT_3D('',#10329,#10330,#10331);
#10329 = CARTESIAN_POINT('',(149.081295,-93.706554,0.));
#10330 = DIRECTION('',(0.999999586395,9.095102831183E-04,-0.));
#10331 = DIRECTION('',(9.095102831183E-04,-0.999999586395,0.));
#10332 = ADVANCED_FACE('',(#10333),#10344,.T.);
#10333 = FACE_BOUND('',#10334,.T.);
#10334 = EDGE_LOOP('',(#10335,#10341,#10342,#10343));
#10335 = ORIENTED_EDGE('',*,*,#10336,.T.);
#10336 = EDGE_CURVE('',#9846,#10067,#10337,.T.);
#10337 = LINE('',#10338,#10339);
#10338 = CARTESIAN_POINT('',(118.83092,-93.714184,0.));
#10339 = VECTOR('',#10340,1.);
#10340 = DIRECTION('',(0.,0.,1.));
#10341 = ORIENTED_EDGE('',*,*,#10066,.T.);
#10342 = ORIENTED_EDGE('',*,*,#10302,.F.);
#10343 = ORIENTED_EDGE('',*,*,#9845,.F.);
#10344 = CYLINDRICAL_SURFACE('',#10345,0.999998549544);
#10345 = AXIS2_PLACEMENT_3D('',#10346,#10347,#10348);
#10346 = CARTESIAN_POINT('',(119.83091854954,-93.71418388676,0.));
#10347 = DIRECTION('',(0.,0.,-1.));
#10348 = DIRECTION('',(-1.,-1.132374700004E-07,-0.));
#10349 = ADVANCED_FACE('',(#10350),#10361,.F.);
#10350 = FACE_BOUND('',#10351,.T.);
#10351 = EDGE_LOOP('',(#10352,#10353,#10354,#10360));
#10352 = ORIENTED_EDGE('',*,*,#10321,.T.);
#10353 = ORIENTED_EDGE('',*,*,#10202,.T.);
#10354 = ORIENTED_EDGE('',*,*,#10355,.F.);
#10355 = EDGE_CURVE('',#9974,#10195,#10356,.T.);
#10356 = LINE('',#10357,#10358);
#10357 = CARTESIAN_POINT('',(150.083225,-98.794656,0.));
#10358 = VECTOR('',#10359,1.);
#10359 = DIRECTION('',(0.,0.,1.));
#10360 = ORIENTED_EDGE('',*,*,#9981,.F.);
#10361 = CYLINDRICAL_SURFACE('',#10362,1.000000750524);
#10362 = AXIS2_PLACEMENT_3D('',#10363,#10364,#10365);
#10363 = CARTESIAN_POINT('',(150.08501433724,-97.79465685034,0.));
#10364 = DIRECTION('',(-0.,-0.,-1.));
#10365 = DIRECTION('',(-0.999999586724,-9.09148977779E-04,0.));
#10366 = ADVANCED_FACE('',(#10367),#10378,.T.);
#10367 = FACE_BOUND('',#10368,.T.);
#10368 = EDGE_LOOP('',(#10369,#10375,#10376,#10377));
#10369 = ORIENTED_EDGE('',*,*,#10370,.T.);
#10370 = EDGE_CURVE('',#9855,#10076,#10371,.T.);
#10371 = LINE('',#10372,#10373);
#10372 = CARTESIAN_POINT('',(118.83092,-110.755696,0.));
#10373 = VECTOR('',#10374,1.);
#10374 = DIRECTION('',(0.,0.,1.));
#10375 = ORIENTED_EDGE('',*,*,#10075,.T.);
#10376 = ORIENTED_EDGE('',*,*,#10336,.F.);
#10377 = ORIENTED_EDGE('',*,*,#9854,.F.);
#10378 = PLANE('',#10379);
#10379 = AXIS2_PLACEMENT_3D('',#10380,#10381,#10382);
#10380 = CARTESIAN_POINT('',(118.83092,-110.755696,0.));
#10381 = DIRECTION('',(-1.,0.,0.));
#10382 = DIRECTION('',(0.,1.,0.));
#10383 = ADVANCED_FACE('',(#10384),#10395,.T.);
#10384 = FACE_BOUND('',#10385,.T.);
#10385 = EDGE_LOOP('',(#10386,#10387,#10388,#10394));
#10386 = ORIENTED_EDGE('',*,*,#10355,.T.);
#10387 = ORIENTED_EDGE('',*,*,#10194,.T.);
#10388 = ORIENTED_EDGE('',*,*,#10389,.F.);
#10389 = EDGE_CURVE('',#9965,#10186,#10390,.T.);
#10390 = LINE('',#10391,#10392);
#10391 = CARTESIAN_POINT('',(152.073218,-98.798217,0.));
#10392 = VECTOR('',#10393,1.);
#10393 = DIRECTION('',(0.,0.,1.));
#10394 = ORIENTED_EDGE('',*,*,#9973,.F.);
#10395 = PLANE('',#10396);
#10396 = AXIS2_PLACEMENT_3D('',#10397,#10398,#10399);
#10397 = CARTESIAN_POINT('',(150.083225,-98.794656,0.));
#10398 = DIRECTION('',(1.789450665699E-03,0.999998398932,-0.));
#10399 = DIRECTION('',(0.999998398932,-1.789450665699E-03,0.));
#10400 = ADVANCED_FACE('',(#10401),#10412,.T.);
#10401 = FACE_BOUND('',#10402,.T.);
#10402 = EDGE_LOOP('',(#10403,#10409,#10410,#10411));
#10403 = ORIENTED_EDGE('',*,*,#10404,.T.);
#10404 = EDGE_CURVE('',#9863,#10084,#10405,.T.);
#10405 = LINE('',#10406,#10407);
#10406 = CARTESIAN_POINT('',(119.176675,-111.511979,0.));
#10407 = VECTOR('',#10408,1.);
#10408 = DIRECTION('',(0.,0.,1.));
#10409 = ORIENTED_EDGE('',*,*,#10083,.T.);
#10410 = ORIENTED_EDGE('',*,*,#10370,.F.);
#10411 = ORIENTED_EDGE('',*,*,#9862,.F.);
#10412 = CYLINDRICAL_SURFACE('',#10413,0.999955900501);
#10413 = AXIS2_PLACEMENT_3D('',#10414,#10415,#10416);
#10414 = CARTESIAN_POINT('',(119.83087590029,-110.7557164893,0.));
#10415 = DIRECTION('',(0.,0.,-1.));
#10416 = DIRECTION('',(-0.654229751495,-0.756295862912,-0.));
#10417 = ADVANCED_FACE('',(#10418),#10429,.T.);
#10418 = FACE_BOUND('',#10419,.T.);
#10419 = EDGE_LOOP('',(#10420,#10421,#10422,#10428));
#10420 = ORIENTED_EDGE('',*,*,#10389,.T.);
#10421 = ORIENTED_EDGE('',*,*,#10185,.T.);
#10422 = ORIENTED_EDGE('',*,*,#10423,.F.);
#10423 = EDGE_CURVE('',#9957,#10178,#10424,.T.);
#10424 = LINE('',#10425,#10426);
#10425 = CARTESIAN_POINT('',(153.071428,-99.796782,0.));
#10426 = VECTOR('',#10427,1.);
#10427 = DIRECTION('',(0.,0.,1.));
#10428 = ORIENTED_EDGE('',*,*,#9964,.F.);
#10429 = CYLINDRICAL_SURFACE('',#10430,1.000000287871);
#10430 = AXIS2_PLACEMENT_3D('',#10431,#10432,#10433);
#10431 = CARTESIAN_POINT('',(152.07142873985,-99.79821568714,0.));
#10432 = DIRECTION('',(0.,0.,-1.));
#10433 = DIRECTION('',(1.789259626417E-03,0.999998399274,0.));
#10434 = ADVANCED_FACE('',(#10435),#10446,.T.);
#10435 = FACE_BOUND('',#10436,.T.);
#10436 = EDGE_LOOP('',(#10437,#10443,#10444,#10445));
#10437 = ORIENTED_EDGE('',*,*,#10438,.T.);
#10438 = EDGE_CURVE('',#9872,#10093,#10439,.T.);
#10439 = LINE('',#10440,#10441);
#10440 = CARTESIAN_POINT('',(119.809192,-112.059156,0.));
#10441 = VECTOR('',#10442,1.);
#10442 = DIRECTION('',(0.,0.,1.));
#10443 = ORIENTED_EDGE('',*,*,#10092,.T.);
#10444 = ORIENTED_EDGE('',*,*,#10404,.F.);
#10445 = ORIENTED_EDGE('',*,*,#9871,.F.);
#10446 = PLANE('',#10447);
#10447 = AXIS2_PLACEMENT_3D('',#10448,#10449,#10450);
#10448 = CARTESIAN_POINT('',(119.809192,-112.059156,0.));
#10449 = DIRECTION('',(-0.654244456495,-0.75628314218,0.));
#10450 = DIRECTION('',(-0.75628314218,0.654244456495,0.));
#10451 = ADVANCED_FACE('',(#10452),#10463,.T.);
#10452 = FACE_BOUND('',#10453,.T.);
#10453 = EDGE_LOOP('',(#10454,#10455,#10456,#10462));
#10454 = ORIENTED_EDGE('',*,*,#10423,.T.);
#10455 = ORIENTED_EDGE('',*,*,#10177,.T.);
#10456 = ORIENTED_EDGE('',*,*,#10457,.F.);
#10457 = EDGE_CURVE('',#9948,#10169,#10458,.T.);
#10458 = LINE('',#10459,#10460);
#10459 = CARTESIAN_POINT('',(153.07857,-104.781789,0.));
#10460 = VECTOR('',#10461,1.);
#10461 = DIRECTION('',(0.,0.,1.));
#10462 = ORIENTED_EDGE('',*,*,#9956,.F.);
#10463 = PLANE('',#10464);
#10464 = AXIS2_PLACEMENT_3D('',#10465,#10466,#10467);
#10465 = CARTESIAN_POINT('',(153.071428,-99.796782,0.));
#10466 = DIRECTION('',(0.999998973693,1.432694612089E-03,-0.));
#10467 = DIRECTION('',(1.432694612089E-03,-0.999998973693,0.));
#10468 = ADVANCED_FACE('',(#10469),#10480,.T.);
#10469 = FACE_BOUND('',#10470,.T.);
#10470 = EDGE_LOOP('',(#10471,#10477,#10478,#10479));
#10471 = ORIENTED_EDGE('',*,*,#10472,.T.);
#10472 = EDGE_CURVE('',#9880,#10101,#10473,.T.);
#10473 = LINE('',#10474,#10475);
#10474 = CARTESIAN_POINT('',(120.463437,-112.302873,0.));
#10475 = VECTOR('',#10476,1.);
#10476 = DIRECTION('',(0.,0.,1.));
#10477 = ORIENTED_EDGE('',*,*,#10100,.T.);
#10478 = ORIENTED_EDGE('',*,*,#10438,.F.);
#10479 = ORIENTED_EDGE('',*,*,#9879,.F.);
#10480 = CYLINDRICAL_SURFACE('',#10481,0.999999309983);
#10481 = AXIS2_PLACEMENT_3D('',#10482,#10483,#10484);
#10482 = CARTESIAN_POINT('',(120.4634363638,-111.30287369,0.));
#10483 = DIRECTION('',(0.,0.,-1.));
#10484 = DIRECTION('',(6.361933044841E-07,-1.,0.));
#10485 = ADVANCED_FACE('',(#10486),#10497,.T.);
#10486 = FACE_BOUND('',#10487,.T.);
#10487 = EDGE_LOOP('',(#10488,#10489,#10490,#10496));
#10488 = ORIENTED_EDGE('',*,*,#10457,.T.);
#10489 = ORIENTED_EDGE('',*,*,#10168,.T.);
#10490 = ORIENTED_EDGE('',*,*,#10491,.F.);
#10491 = EDGE_CURVE('',#9940,#10161,#10492,.T.);
#10492 = LINE('',#10493,#10494);
#10493 = CARTESIAN_POINT('',(152.081794,-105.783217,0.));
#10494 = VECTOR('',#10495,1.);
#10495 = DIRECTION('',(0.,0.,1.));
#10496 = ORIENTED_EDGE('',*,*,#9947,.F.);
#10497 = CYLINDRICAL_SURFACE('',#10498,1.000059794116);
#10498 = AXIS2_PLACEMENT_3D('',#10499,#10500,#10501);
#10499 = CARTESIAN_POINT('',(152.0785111492,-104.7831625941,0.));
#10500 = DIRECTION('',(0.,0.,-1.));
#10501 = DIRECTION('',(0.999999056732,1.373512003174E-03,0.));
#10502 = ADVANCED_FACE('',(#10503),#10514,.T.);
#10503 = FACE_BOUND('',#10504,.T.);
#10504 = EDGE_LOOP('',(#10505,#10511,#10512,#10513));
#10505 = ORIENTED_EDGE('',*,*,#10506,.T.);
#10506 = EDGE_CURVE('',#9889,#10110,#10507,.T.);
#10507 = LINE('',#10508,#10509);
#10508 = CARTESIAN_POINT('',(147.671706,-112.302873,0.));
#10509 = VECTOR('',#10510,1.);
#10510 = DIRECTION('',(0.,0.,1.));
#10511 = ORIENTED_EDGE('',*,*,#10109,.T.);
#10512 = ORIENTED_EDGE('',*,*,#10472,.F.);
#10513 = ORIENTED_EDGE('',*,*,#9888,.F.);
#10514 = PLANE('',#10515);
#10515 = AXIS2_PLACEMENT_3D('',#10516,#10517,#10518);
#10516 = CARTESIAN_POINT('',(147.671706,-112.302873,0.));
#10517 = DIRECTION('',(0.,-1.,0.));
#10518 = DIRECTION('',(-1.,0.,0.));
#10519 = ADVANCED_FACE('',(#10520),#10531,.T.);
#10520 = FACE_BOUND('',#10521,.T.);
#10521 = EDGE_LOOP('',(#10522,#10523,#10524,#10530));
#10522 = ORIENTED_EDGE('',*,*,#10491,.T.);
#10523 = ORIENTED_EDGE('',*,*,#10160,.T.);
#10524 = ORIENTED_EDGE('',*,*,#10525,.F.);
#10525 = EDGE_CURVE('',#9931,#10152,#10526,.T.);
#10526 = LINE('',#10527,#10528);
#10527 = CARTESIAN_POINT('',(150.082697,-105.78966,0.));
#10528 = VECTOR('',#10529,1.);
#10529 = DIRECTION('',(0.,0.,1.));
#10530 = ORIENTED_EDGE('',*,*,#9939,.F.);
#10531 = PLANE('',#10532);
#10532 = AXIS2_PLACEMENT_3D('',#10533,#10534,#10535);
#10533 = CARTESIAN_POINT('',(152.081794,-105.783217,0.));
#10534 = DIRECTION('',(3.222938425263E-03,-0.99999480632,0.));
#10535 = DIRECTION('',(-0.99999480632,-3.222938425263E-03,0.));
#10536 = ADVANCED_FACE('',(#10537),#10548,.T.);
#10537 = FACE_BOUND('',#10538,.T.);
#10538 = EDGE_LOOP('',(#10539,#10545,#10546,#10547));
#10539 = ORIENTED_EDGE('',*,*,#10540,.T.);
#10540 = EDGE_CURVE('',#9897,#10118,#10541,.T.);
#10541 = LINE('',#10542,#10543);
#10542 = CARTESIAN_POINT('',(148.378813,-112.00998,0.));
#10543 = VECTOR('',#10544,1.);
#10544 = DIRECTION('',(0.,0.,1.));
#10545 = ORIENTED_EDGE('',*,*,#10117,.T.);
#10546 = ORIENTED_EDGE('',*,*,#10506,.F.);
#10547 = ORIENTED_EDGE('',*,*,#9896,.F.);
#10548 = CYLINDRICAL_SURFACE('',#10549,0.999994154159);
#10549 = AXIS2_PLACEMENT_3D('',#10550,#10551,#10552);
#10550 = CARTESIAN_POINT('',(147.67170885905,-111.3028788458,0.));
#10551 = DIRECTION('',(0.,0.,-1.));
#10552 = DIRECTION('',(0.70710827459,-0.70710528778,0.));
#10553 = ADVANCED_FACE('',(#10554),#10565,.F.);
#10554 = FACE_BOUND('',#10555,.T.);
#10555 = EDGE_LOOP('',(#10556,#10557,#10558,#10564));
#10556 = ORIENTED_EDGE('',*,*,#10525,.T.);
#10557 = ORIENTED_EDGE('',*,*,#10151,.T.);
#10558 = ORIENTED_EDGE('',*,*,#10559,.F.);
#10559 = EDGE_CURVE('',#9923,#10144,#10560,.T.);
#10560 = LINE('',#10561,#10562);
#10561 = CARTESIAN_POINT('',(149.08592,-106.789655,0.));
#10562 = VECTOR('',#10563,1.);
#10563 = DIRECTION('',(0.,0.,1.));
#10564 = ORIENTED_EDGE('',*,*,#9930,.F.);
#10565 = CYLINDRICAL_SURFACE('',#10566,1.000092516225);
#10566 = AXIS2_PLACEMENT_3D('',#10567,#10568,#10569);
#10567 = CARTESIAN_POINT('',(150.08601251199,-106.7897470204,0.));
#10568 = DIRECTION('',(-0.,-0.,-1.));
#10569 = DIRECTION('',(-3.315205280828E-03,0.999994504692,0.));
#10570 = ADVANCED_FACE('',(#10571),#10582,.T.);
#10571 = FACE_BOUND('',#10572,.T.);
#10572 = EDGE_LOOP('',(#10573,#10579,#10580,#10581));
#10573 = ORIENTED_EDGE('',*,*,#10574,.T.);
#10574 = EDGE_CURVE('',#9906,#10127,#10575,.T.);
#10575 = LINE('',#10576,#10577);
#10576 = CARTESIAN_POINT('',(148.793027,-111.595766,0.));
#10577 = VECTOR('',#10578,1.);
#10578 = DIRECTION('',(0.,0.,1.));
#10579 = ORIENTED_EDGE('',*,*,#10126,.T.);
#10580 = ORIENTED_EDGE('',*,*,#10540,.F.);
#10581 = ORIENTED_EDGE('',*,*,#9905,.F.);
#10582 = PLANE('',#10583);
#10583 = AXIS2_PLACEMENT_3D('',#10584,#10585,#10586);
#10584 = CARTESIAN_POINT('',(148.793027,-111.595766,0.));
#10585 = DIRECTION('',(0.707106781187,-0.707106781187,0.));
#10586 = DIRECTION('',(-0.707106781187,-0.707106781187,0.));
#10587 = ADVANCED_FACE('',(#10588),#10599,.T.);
#10588 = FACE_BOUND('',#10589,.T.);
#10589 = EDGE_LOOP('',(#10590,#10591,#10592,#10598));
#10590 = ORIENTED_EDGE('',*,*,#10559,.T.);
#10591 = ORIENTED_EDGE('',*,*,#10143,.T.);
#10592 = ORIENTED_EDGE('',*,*,#10593,.F.);
#10593 = EDGE_CURVE('',#9914,#10135,#10594,.T.);
#10594 = LINE('',#10595,#10596);
#10595 = CARTESIAN_POINT('',(149.08592,-110.888659,0.));
#10596 = VECTOR('',#10597,1.);
#10597 = DIRECTION('',(0.,0.,1.));
#10598 = ORIENTED_EDGE('',*,*,#9922,.F.);
#10599 = PLANE('',#10600);
#10600 = AXIS2_PLACEMENT_3D('',#10601,#10602,#10603);
#10601 = CARTESIAN_POINT('',(149.08592,-106.789655,0.));
#10602 = DIRECTION('',(1.,0.,-0.));
#10603 = DIRECTION('',(0.,-1.,0.));
#10604 = ADVANCED_FACE('',(#10605),#10611,.T.);
#10605 = FACE_BOUND('',#10606,.T.);
#10606 = EDGE_LOOP('',(#10607,#10608,#10609,#10610));
#10607 = ORIENTED_EDGE('',*,*,#10593,.T.);
#10608 = ORIENTED_EDGE('',*,*,#10134,.T.);
#10609 = ORIENTED_EDGE('',*,*,#10574,.F.);
#10610 = ORIENTED_EDGE('',*,*,#9913,.F.);
#10611 = CYLINDRICAL_SURFACE('',#10612,0.999795414732);
#10612 = AXIS2_PLACEMENT_3D('',#10613,#10614,#10615);
#10613 = CARTESIAN_POINT('',(148.08612458889,-110.888744181,0.));
#10614 = DIRECTION('',(0.,0.,-1.));
#10615 = DIRECTION('',(0.999999996371,8.519846343624E-05,0.));
#10616 = ADVANCED_FACE('',(#10617),#10628,.F.);
#10617 = FACE_BOUND('',#10618,.T.);
#10618 = EDGE_LOOP('',(#10619,#10620,#10626,#10627));
#10619 = ORIENTED_EDGE('',*,*,#10008,.T.);
#10620 = ORIENTED_EDGE('',*,*,#10621,.T.);
#10621 = EDGE_CURVE('',#10009,#10230,#10622,.T.);
#10622 = LINE('',#10623,#10624);
#10623 = CARTESIAN_POINT('',(151.48,-104.72,-4.6E-02));
#10624 = VECTOR('',#10625,1.);
#10625 = DIRECTION('',(0.,0.,1.));
#10626 = ORIENTED_EDGE('',*,*,#10229,.F.);
#10627 = ORIENTED_EDGE('',*,*,#10621,.F.);
#10628 = CYLINDRICAL_SURFACE('',#10629,0.4);
#10629 = AXIS2_PLACEMENT_3D('',#10630,#10631,#10632);
#10630 = CARTESIAN_POINT('',(151.48,-104.32,-4.6E-02));
#10631 = DIRECTION('',(-0.,-0.,-1.));
#10632 = DIRECTION('',(-7.105427357601E-14,-1.,0.));
#10633 = ADVANCED_FACE('',(#10634),#10645,.F.);
#10634 = FACE_BOUND('',#10635,.T.);
#10635 = EDGE_LOOP('',(#10636,#10637,#10643,#10644));
#10636 = ORIENTED_EDGE('',*,*,#10019,.T.);
#10637 = ORIENTED_EDGE('',*,*,#10638,.T.);
#10638 = EDGE_CURVE('',#10020,#10241,#10639,.T.);
#10639 = LINE('',#10640,#10641);
#10640 = CARTESIAN_POINT('',(151.48,-102.72,-4.6E-02));
#10641 = VECTOR('',#10642,1.);
#10642 = DIRECTION('',(0.,0.,1.));
#10643 = ORIENTED_EDGE('',*,*,#10240,.F.);
#10644 = ORIENTED_EDGE('',*,*,#10638,.F.);
#10645 = CYLINDRICAL_SURFACE('',#10646,0.4);
#10646 = AXIS2_PLACEMENT_3D('',#10647,#10648,#10649);
#10647 = CARTESIAN_POINT('',(151.48,-102.32,-4.6E-02));
#10648 = DIRECTION('',(-0.,-0.,-1.));
#10649 = DIRECTION('',(-7.105427357601E-14,-1.,0.));
#10650 = ADVANCED_FACE('',(#10651),#10662,.F.);
#10651 = FACE_BOUND('',#10652,.T.);
#10652 = EDGE_LOOP('',(#10653,#10654,#10660,#10661));
#10653 = ORIENTED_EDGE('',*,*,#10030,.T.);
#10654 = ORIENTED_EDGE('',*,*,#10655,.T.);
#10655 = EDGE_CURVE('',#10031,#10252,#10656,.T.);
#10656 = LINE('',#10657,#10658);
#10657 = CARTESIAN_POINT('',(151.48,-100.72,-4.6E-02));
#10658 = VECTOR('',#10659,1.);
#10659 = DIRECTION('',(0.,0.,1.));
#10660 = ORIENTED_EDGE('',*,*,#10251,.F.);
#10661 = ORIENTED_EDGE('',*,*,#10655,.F.);
#10662 = CYLINDRICAL_SURFACE('',#10663,0.4);
#10663 = AXIS2_PLACEMENT_3D('',#10664,#10665,#10666);
#10664 = CARTESIAN_POINT('',(151.48,-100.32,-4.6E-02));
#10665 = DIRECTION('',(-0.,-0.,-1.));
#10666 = DIRECTION('',(-7.105427357601E-14,-1.,0.));
#10667 = ( GEOMETRIC_REPRESENTATION_CONTEXT(3) 
GLOBAL_UNCERTAINTY_ASSIGNED_CONTEXT((#10671)) 
GLOBAL_UNIT_ASSIGNED_CONTEXT((#10668,#10669,#10670)) 
REPRESENTATION_CONTEXT('Context #1',
  '3D Context with UNIT and UNCERTAINTY') );
#10668 = ( LENGTH_UNIT() NAMED_UNIT(*) SI_UNIT(.MILLI.,.METRE.) );
#10669 = ( NAMED_UNIT(*) PLANE_ANGLE_UNIT() SI_UNIT($,.RADIAN.) );
#10670 = ( NAMED_UNIT(*) SI_UNIT($,.STERADIAN.) SOLID_ANGLE_UNIT() );
#10671 = UNCERTAINTY_MEASURE_WITH_UNIT(LENGTH_MEASURE(1.E-07),#10668,
  'distance_accuracy_value','confusion accuracy');
#10672 = CONTEXT_DEPENDENT_SHAPE_REPRESENTATION(#10673,#10675);
#10673 = ( REPRESENTATION_RELATIONSHIP('','',#9715,#10) 
REPRESENTATION_RELATIONSHIP_WITH_TRANSFORMATION(#10674) 
SHAPE_REPRESENTATION_RELATIONSHIP() );
#10674 = ITEM_DEFINED_TRANSFORMATION('','',#11,#35);
#10675 = PRODUCT_DEFINITION_SHAPE('Placement','Placement of an item',
  #10676);
#10676 = NEXT_ASSEMBLY_USAGE_OCCURRENCE('6','=>[0:1:1:7]','',#5,#9710,$
  );
#10677 = PRODUCT_RELATED_PRODUCT_CATEGORY('part',$,(#9712));
#10678 = MECHANICAL_DESIGN_GEOMETRIC_PRESENTATION_REPRESENTATION('',(
    #10679,#10687,#10694,#10701,#10708,#10715,#10722,#10729,#10736),
  #7597);
#10679 = STYLED_ITEM('color',(#10680),#2987);
#10680 = PRESENTATION_STYLE_ASSIGNMENT((#10681));
#10681 = SURFACE_STYLE_USAGE(.BOTH.,#10682);
#10682 = SURFACE_SIDE_STYLE('',(#10683));
#10683 = SURFACE_STYLE_FILL_AREA(#10684);
#10684 = FILL_AREA_STYLE('',(#10685));
#10685 = FILL_AREA_STYLE_COLOUR('',#10686);
#10686 = COLOUR_RGB('',0.854305825093,0.803630995277,0.);
#10687 = STYLED_ITEM('color',(#10688),#3180);
#10688 = PRESENTATION_STYLE_ASSIGNMENT((#10689));
#10689 = SURFACE_STYLE_USAGE(.BOTH.,#10690);
#10690 = SURFACE_SIDE_STYLE('',(#10691));
#10691 = SURFACE_STYLE_FILL_AREA(#10692);
#10692 = FILL_AREA_STYLE('',(#10693));
#10693 = FILL_AREA_STYLE_COLOUR('',#10686);
#10694 = STYLED_ITEM('color',(#10695),#3441);
#10695 = PRESENTATION_STYLE_ASSIGNMENT((#10696));
#10696 = SURFACE_STYLE_USAGE(.BOTH.,#10697);
#10697 = SURFACE_SIDE_STYLE('',(#10698));
#10698 = SURFACE_STYLE_FILL_AREA(#10699);
#10699 = FILL_AREA_STYLE('',(#10700));
#10700 = FILL_AREA_STYLE_COLOUR('',#10686);
#10701 = STYLED_ITEM('color',(#10702),#4069);
#10702 = PRESENTATION_STYLE_ASSIGNMENT((#10703));
#10703 = SURFACE_STYLE_USAGE(.BOTH.,#10704);
#10704 = SURFACE_SIDE_STYLE('',(#10705));
#10705 = SURFACE_STYLE_FILL_AREA(#10706);
#10706 = FILL_AREA_STYLE('',(#10707));
#10707 = FILL_AREA_STYLE_COLOUR('',#10686);
#10708 = STYLED_ITEM('color',(#10709),#4262);
#10709 = PRESENTATION_STYLE_ASSIGNMENT((#10710));
#10710 = SURFACE_STYLE_USAGE(.BOTH.,#10711);
#10711 = SURFACE_SIDE_STYLE('',(#10712));
#10712 = SURFACE_STYLE_FILL_AREA(#10713);
#10713 = FILL_AREA_STYLE('',(#10714));
#10714 = FILL_AREA_STYLE_COLOUR('',#10686);
#10715 = STYLED_ITEM('color',(#10716),#4523);
#10716 = PRESENTATION_STYLE_ASSIGNMENT((#10717));
#10717 = SURFACE_STYLE_USAGE(.BOTH.,#10718);
#10718 = SURFACE_SIDE_STYLE('',(#10719));
#10719 = SURFACE_STYLE_FILL_AREA(#10720);
#10720 = FILL_AREA_STYLE('',(#10721));
#10721 = FILL_AREA_STYLE_COLOUR('',#10686);
#10722 = STYLED_ITEM('color',(#10723),#4716);
#10723 = PRESENTATION_STYLE_ASSIGNMENT((#10724));
#10724 = SURFACE_STYLE_USAGE(.BOTH.,#10725);
#10725 = SURFACE_SIDE_STYLE('',(#10726));
#10726 = SURFACE_STYLE_FILL_AREA(#10727);
#10727 = FILL_AREA_STYLE('',(#10728));
#10728 = FILL_AREA_STYLE_COLOUR('',#10686);
#10729 = STYLED_ITEM('color',(#10730),#5506);
#10730 = PRESENTATION_STYLE_ASSIGNMENT((#10731));
#10731 = SURFACE_STYLE_USAGE(.BOTH.,#10732);
#10732 = SURFACE_SIDE_STYLE('',(#10733));
#10733 = SURFACE_STYLE_FILL_AREA(#10734);
#10734 = FILL_AREA_STYLE('',(#10735));
#10735 = FILL_AREA_STYLE_COLOUR('',#10686);
#10736 = STYLED_ITEM('color',(#10737),#5928);
#10737 = PRESENTATION_STYLE_ASSIGNMENT((#10738));
#10738 = SURFACE_STYLE_USAGE(.BOTH.,#10739);
#10739 = SURFACE_SIDE_STYLE('',(#10740));
#10740 = SURFACE_STYLE_FILL_AREA(#10741);
#10741 = FILL_AREA_STYLE('',(#10742));
#10742 = FILL_AREA_STYLE_COLOUR('',#10686);
#10743 = MECHANICAL_DESIGN_GEOMETRIC_PRESENTATION_REPRESENTATION('',(
    #10744,#10751,#10758,#10765,#10772),#9697);
#10744 = STYLED_ITEM('color',(#10745),#9237);
#10745 = PRESENTATION_STYLE_ASSIGNMENT((#10746));
#10746 = SURFACE_STYLE_USAGE(.BOTH.,#10747);
#10747 = SURFACE_SIDE_STYLE('',(#10748));
#10748 = SURFACE_STYLE_FILL_AREA(#10749);
#10749 = FILL_AREA_STYLE('',(#10750));
#10750 = FILL_AREA_STYLE_COLOUR('',#10686);
#10751 = STYLED_ITEM('color',(#10752),#9329);
#10752 = PRESENTATION_STYLE_ASSIGNMENT((#10753));
#10753 = SURFACE_STYLE_USAGE(.BOTH.,#10754);
#10754 = SURFACE_SIDE_STYLE('',(#10755));
#10755 = SURFACE_STYLE_FILL_AREA(#10756);
#10756 = FILL_AREA_STYLE('',(#10757));
#10757 = FILL_AREA_STYLE_COLOUR('',#10686);
#10758 = STYLED_ITEM('color',(#10759),#9421);
#10759 = PRESENTATION_STYLE_ASSIGNMENT((#10760));
#10760 = SURFACE_STYLE_USAGE(.BOTH.,#10761);
#10761 = SURFACE_SIDE_STYLE('',(#10762));
#10762 = SURFACE_STYLE_FILL_AREA(#10763);
#10763 = FILL_AREA_STYLE('',(#10764));
#10764 = FILL_AREA_STYLE_COLOUR('',#10686);
#10765 = STYLED_ITEM('color',(#10766),#9513);
#10766 = PRESENTATION_STYLE_ASSIGNMENT((#10767));
#10767 = SURFACE_STYLE_USAGE(.BOTH.,#10768);
#10768 = SURFACE_SIDE_STYLE('',(#10769));
#10769 = SURFACE_STYLE_FILL_AREA(#10770);
#10770 = FILL_AREA_STYLE('',(#10771));
#10771 = FILL_AREA_STYLE_COLOUR('',#10686);
#10772 = STYLED_ITEM('color',(#10773),#9605);
#10773 = PRESENTATION_STYLE_ASSIGNMENT((#10774));
#10774 = SURFACE_STYLE_USAGE(.BOTH.,#10775);
#10775 = SURFACE_SIDE_STYLE('',(#10776));
#10776 = SURFACE_STYLE_FILL_AREA(#10777);
#10777 = FILL_AREA_STYLE('',(#10778));
#10778 = FILL_AREA_STYLE_COLOUR('',#10686);
#10779 = MECHANICAL_DESIGN_GEOMETRIC_PRESENTATION_REPRESENTATION('',(
    #10780,#10788,#10795,#10802,#10809,#10816,#10823,#10830,#10837,
    #10844,#10851,#10858,#10865,#10872,#10879,#10886,#10893,#10900,
    #10907,#10914,#10921,#10928,#10935,#10943,#10950,#10957,#10964,
    #10971,#10978,#10985,#10992,#10999,#11006,#11013,#11020,#11027,
    #11034,#11041,#11048,#11055,#11062,#11069,#11076,#11083,#11090,
    #11097,#11104,#11111,#11118,#11125,#11132,#11139,#11146,#11153,
    #11160,#11167,#11174,#11181,#11188,#11195,#11202,#11209,#11216,
    #11223,#11230,#11237,#11244,#11251,#11258,#11265,#11272,#11279,
    #11286,#11293,#11300,#11307),#2968);
#10780 = STYLED_ITEM('color',(#10781),#864);
#10781 = PRESENTATION_STYLE_ASSIGNMENT((#10782));
#10782 = SURFACE_STYLE_USAGE(.BOTH.,#10783);
#10783 = SURFACE_SIDE_STYLE('',(#10784));
#10784 = SURFACE_STYLE_FILL_AREA(#10785);
#10785 = FILL_AREA_STYLE('',(#10786));
#10786 = FILL_AREA_STYLE_COLOUR('',#10787);
#10787 = COLOUR_RGB('',0.147999998088,0.144999993226,0.144999993226);
#10788 = STYLED_ITEM('color',(#10789),#904);
#10789 = PRESENTATION_STYLE_ASSIGNMENT((#10790));
#10790 = SURFACE_STYLE_USAGE(.BOTH.,#10791);
#10791 = SURFACE_SIDE_STYLE('',(#10792));
#10792 = SURFACE_STYLE_FILL_AREA(#10793);
#10793 = FILL_AREA_STYLE('',(#10794));
#10794 = FILL_AREA_STYLE_COLOUR('',#10787);
#10795 = STYLED_ITEM('color',(#10796),#935);
#10796 = PRESENTATION_STYLE_ASSIGNMENT((#10797));
#10797 = SURFACE_STYLE_USAGE(.BOTH.,#10798);
#10798 = SURFACE_SIDE_STYLE('',(#10799));
#10799 = SURFACE_STYLE_FILL_AREA(#10800);
#10800 = FILL_AREA_STYLE('',(#10801));
#10801 = FILL_AREA_STYLE_COLOUR('',#10787);
#10802 = STYLED_ITEM('color',(#10803),#966);
#10803 = PRESENTATION_STYLE_ASSIGNMENT((#10804));
#10804 = SURFACE_STYLE_USAGE(.BOTH.,#10805);
#10805 = SURFACE_SIDE_STYLE('',(#10806));
#10806 = SURFACE_STYLE_FILL_AREA(#10807);
#10807 = FILL_AREA_STYLE('',(#10808));
#10808 = FILL_AREA_STYLE_COLOUR('',#10787);
#10809 = STYLED_ITEM('color',(#10810),#1213);
#10810 = PRESENTATION_STYLE_ASSIGNMENT((#10811));
#10811 = SURFACE_STYLE_USAGE(.BOTH.,#10812);
#10812 = SURFACE_SIDE_STYLE('',(#10813));
#10813 = SURFACE_STYLE_FILL_AREA(#10814);
#10814 = FILL_AREA_STYLE('',(#10815));
#10815 = FILL_AREA_STYLE_COLOUR('',#10787);
#10816 = STYLED_ITEM('color',(#10817),#1460);
#10817 = PRESENTATION_STYLE_ASSIGNMENT((#10818));
#10818 = SURFACE_STYLE_USAGE(.BOTH.,#10819);
#10819 = SURFACE_SIDE_STYLE('',(#10820));
#10820 = SURFACE_STYLE_FILL_AREA(#10821);
#10821 = FILL_AREA_STYLE('',(#10822));
#10822 = FILL_AREA_STYLE_COLOUR('',#10787);
#10823 = STYLED_ITEM('color',(#10824),#1477);
#10824 = PRESENTATION_STYLE_ASSIGNMENT((#10825));
#10825 = SURFACE_STYLE_USAGE(.BOTH.,#10826);
#10826 = SURFACE_SIDE_STYLE('',(#10827));
#10827 = SURFACE_STYLE_FILL_AREA(#10828);
#10828 = FILL_AREA_STYLE('',(#10829));
#10829 = FILL_AREA_STYLE_COLOUR('',#10787);
#10830 = STYLED_ITEM('color',(#10831),#1494);
#10831 = PRESENTATION_STYLE_ASSIGNMENT((#10832));
#10832 = SURFACE_STYLE_USAGE(.BOTH.,#10833);
#10833 = SURFACE_SIDE_STYLE('',(#10834));
#10834 = SURFACE_STYLE_FILL_AREA(#10835);
#10835 = FILL_AREA_STYLE('',(#10836));
#10836 = FILL_AREA_STYLE_COLOUR('',#10787);
#10837 = STYLED_ITEM('color',(#10838),#1511);
#10838 = PRESENTATION_STYLE_ASSIGNMENT((#10839));
#10839 = SURFACE_STYLE_USAGE(.BOTH.,#10840);
#10840 = SURFACE_SIDE_STYLE('',(#10841));
#10841 = SURFACE_STYLE_FILL_AREA(#10842);
#10842 = FILL_AREA_STYLE('',(#10843));
#10843 = FILL_AREA_STYLE_COLOUR('',#10787);
#10844 = STYLED_ITEM('color',(#10845),#1528);
#10845 = PRESENTATION_STYLE_ASSIGNMENT((#10846));
#10846 = SURFACE_STYLE_USAGE(.BOTH.,#10847);
#10847 = SURFACE_SIDE_STYLE('',(#10848));
#10848 = SURFACE_STYLE_FILL_AREA(#10849);
#10849 = FILL_AREA_STYLE('',(#10850));
#10850 = FILL_AREA_STYLE_COLOUR('',#10787);
#10851 = STYLED_ITEM('color',(#10852),#1545);
#10852 = PRESENTATION_STYLE_ASSIGNMENT((#10853));
#10853 = SURFACE_STYLE_USAGE(.BOTH.,#10854);
#10854 = SURFACE_SIDE_STYLE('',(#10855));
#10855 = SURFACE_STYLE_FILL_AREA(#10856);
#10856 = FILL_AREA_STYLE('',(#10857));
#10857 = FILL_AREA_STYLE_COLOUR('',#10787);
#10858 = STYLED_ITEM('color',(#10859),#1562);
#10859 = PRESENTATION_STYLE_ASSIGNMENT((#10860));
#10860 = SURFACE_STYLE_USAGE(.BOTH.,#10861);
#10861 = SURFACE_SIDE_STYLE('',(#10862));
#10862 = SURFACE_STYLE_FILL_AREA(#10863);
#10863 = FILL_AREA_STYLE('',(#10864));
#10864 = FILL_AREA_STYLE_COLOUR('',#10787);
#10865 = STYLED_ITEM('color',(#10866),#1579);
#10866 = PRESENTATION_STYLE_ASSIGNMENT((#10867));
#10867 = SURFACE_STYLE_USAGE(.BOTH.,#10868);
#10868 = SURFACE_SIDE_STYLE('',(#10869));
#10869 = SURFACE_STYLE_FILL_AREA(#10870);
#10870 = FILL_AREA_STYLE('',(#10871));
#10871 = FILL_AREA_STYLE_COLOUR('',#10787);
#10872 = STYLED_ITEM('color',(#10873),#1596);
#10873 = PRESENTATION_STYLE_ASSIGNMENT((#10874));
#10874 = SURFACE_STYLE_USAGE(.BOTH.,#10875);
#10875 = SURFACE_SIDE_STYLE('',(#10876));
#10876 = SURFACE_STYLE_FILL_AREA(#10877);
#10877 = FILL_AREA_STYLE('',(#10878));
#10878 = FILL_AREA_STYLE_COLOUR('',#10787);
#10879 = STYLED_ITEM('color',(#10880),#1613);
#10880 = PRESENTATION_STYLE_ASSIGNMENT((#10881));
#10881 = SURFACE_STYLE_USAGE(.BOTH.,#10882);
#10882 = SURFACE_SIDE_STYLE('',(#10883));
#10883 = SURFACE_STYLE_FILL_AREA(#10884);
#10884 = FILL_AREA_STYLE('',(#10885));
#10885 = FILL_AREA_STYLE_COLOUR('',#10787);
#10886 = STYLED_ITEM('color',(#10887),#1630);
#10887 = PRESENTATION_STYLE_ASSIGNMENT((#10888));
#10888 = SURFACE_STYLE_USAGE(.BOTH.,#10889);
#10889 = SURFACE_SIDE_STYLE('',(#10890));
#10890 = SURFACE_STYLE_FILL_AREA(#10891);
#10891 = FILL_AREA_STYLE('',(#10892));
#10892 = FILL_AREA_STYLE_COLOUR('',#10787);
#10893 = STYLED_ITEM('color',(#10894),#1647);
#10894 = PRESENTATION_STYLE_ASSIGNMENT((#10895));
#10895 = SURFACE_STYLE_USAGE(.BOTH.,#10896);
#10896 = SURFACE_SIDE_STYLE('',(#10897));
#10897 = SURFACE_STYLE_FILL_AREA(#10898);
#10898 = FILL_AREA_STYLE('',(#10899));
#10899 = FILL_AREA_STYLE_COLOUR('',#10787);
#10900 = STYLED_ITEM('color',(#10901),#1664);
#10901 = PRESENTATION_STYLE_ASSIGNMENT((#10902));
#10902 = SURFACE_STYLE_USAGE(.BOTH.,#10903);
#10903 = SURFACE_SIDE_STYLE('',(#10904));
#10904 = SURFACE_STYLE_FILL_AREA(#10905);
#10905 = FILL_AREA_STYLE('',(#10906));
#10906 = FILL_AREA_STYLE_COLOUR('',#10787);
#10907 = STYLED_ITEM('color',(#10908),#1681);
#10908 = PRESENTATION_STYLE_ASSIGNMENT((#10909));
#10909 = SURFACE_STYLE_USAGE(.BOTH.,#10910);
#10910 = SURFACE_SIDE_STYLE('',(#10911));
#10911 = SURFACE_STYLE_FILL_AREA(#10912);
#10912 = FILL_AREA_STYLE('',(#10913));
#10913 = FILL_AREA_STYLE_COLOUR('',#10787);
#10914 = STYLED_ITEM('color',(#10915),#1698);
#10915 = PRESENTATION_STYLE_ASSIGNMENT((#10916));
#10916 = SURFACE_STYLE_USAGE(.BOTH.,#10917);
#10917 = SURFACE_SIDE_STYLE('',(#10918));
#10918 = SURFACE_STYLE_FILL_AREA(#10919);
#10919 = FILL_AREA_STYLE('',(#10920));
#10920 = FILL_AREA_STYLE_COLOUR('',#10787);
#10921 = STYLED_ITEM('color',(#10922),#1715);
#10922 = PRESENTATION_STYLE_ASSIGNMENT((#10923));
#10923 = SURFACE_STYLE_USAGE(.BOTH.,#10924);
#10924 = SURFACE_SIDE_STYLE('',(#10925));
#10925 = SURFACE_STYLE_FILL_AREA(#10926);
#10926 = FILL_AREA_STYLE('',(#10927));
#10927 = FILL_AREA_STYLE_COLOUR('',#10787);
#10928 = STYLED_ITEM('color',(#10929),#1732);
#10929 = PRESENTATION_STYLE_ASSIGNMENT((#10930));
#10930 = SURFACE_STYLE_USAGE(.BOTH.,#10931);
#10931 = SURFACE_SIDE_STYLE('',(#10932));
#10932 = SURFACE_STYLE_FILL_AREA(#10933);
#10933 = FILL_AREA_STYLE('',(#10934));
#10934 = FILL_AREA_STYLE_COLOUR('',#10787);
#10935 = STYLED_ITEM('color',(#10936),#1744);
#10936 = PRESENTATION_STYLE_ASSIGNMENT((#10937));
#10937 = SURFACE_STYLE_USAGE(.BOTH.,#10938);
#10938 = SURFACE_SIDE_STYLE('',(#10939));
#10939 = SURFACE_STYLE_FILL_AREA(#10940);
#10940 = FILL_AREA_STYLE('',(#10941));
#10941 = FILL_AREA_STYLE_COLOUR('',#10942);
#10942 = COLOUR_RGB('',0.859000020776,0.737999965183,0.495999988746);
#10943 = STYLED_ITEM('color',(#10944),#1775);
#10944 = PRESENTATION_STYLE_ASSIGNMENT((#10945));
#10945 = SURFACE_STYLE_USAGE(.BOTH.,#10946);
#10946 = SURFACE_SIDE_STYLE('',(#10947));
#10947 = SURFACE_STYLE_FILL_AREA(#10948);
#10948 = FILL_AREA_STYLE('',(#10949));
#10949 = FILL_AREA_STYLE_COLOUR('',#10942);
#10950 = STYLED_ITEM('color',(#10951),#1799);
#10951 = PRESENTATION_STYLE_ASSIGNMENT((#10952));
#10952 = SURFACE_STYLE_USAGE(.BOTH.,#10953);
#10953 = SURFACE_SIDE_STYLE('',(#10954));
#10954 = SURFACE_STYLE_FILL_AREA(#10955);
#10955 = FILL_AREA_STYLE('',(#10956));
#10956 = FILL_AREA_STYLE_COLOUR('',#10942);
#10957 = STYLED_ITEM('color',(#10958),#1823);
#10958 = PRESENTATION_STYLE_ASSIGNMENT((#10959));
#10959 = SURFACE_STYLE_USAGE(.BOTH.,#10960);
#10960 = SURFACE_SIDE_STYLE('',(#10961));
#10961 = SURFACE_STYLE_FILL_AREA(#10962);
#10962 = FILL_AREA_STYLE('',(#10963));
#10963 = FILL_AREA_STYLE_COLOUR('',#10942);
#10964 = STYLED_ITEM('color',(#10965),#1840);
#10965 = PRESENTATION_STYLE_ASSIGNMENT((#10966));
#10966 = SURFACE_STYLE_USAGE(.BOTH.,#10967);
#10967 = SURFACE_SIDE_STYLE('',(#10968));
#10968 = SURFACE_STYLE_FILL_AREA(#10969);
#10969 = FILL_AREA_STYLE('',(#10970));
#10970 = FILL_AREA_STYLE_COLOUR('',#10942);
#10971 = STYLED_ITEM('color',(#10972),#1871);
#10972 = PRESENTATION_STYLE_ASSIGNMENT((#10973));
#10973 = SURFACE_STYLE_USAGE(.BOTH.,#10974);
#10974 = SURFACE_SIDE_STYLE('',(#10975));
#10975 = SURFACE_STYLE_FILL_AREA(#10976);
#10976 = FILL_AREA_STYLE('',(#10977));
#10977 = FILL_AREA_STYLE_COLOUR('',#10942);
#10978 = STYLED_ITEM('color',(#10979),#1895);
#10979 = PRESENTATION_STYLE_ASSIGNMENT((#10980));
#10980 = SURFACE_STYLE_USAGE(.BOTH.,#10981);
#10981 = SURFACE_SIDE_STYLE('',(#10982));
#10982 = SURFACE_STYLE_FILL_AREA(#10983);
#10983 = FILL_AREA_STYLE('',(#10984));
#10984 = FILL_AREA_STYLE_COLOUR('',#10942);
#10985 = STYLED_ITEM('color',(#10986),#1919);
#10986 = PRESENTATION_STYLE_ASSIGNMENT((#10987));
#10987 = SURFACE_STYLE_USAGE(.BOTH.,#10988);
#10988 = SURFACE_SIDE_STYLE('',(#10989));
#10989 = SURFACE_STYLE_FILL_AREA(#10990);
#10990 = FILL_AREA_STYLE('',(#10991));
#10991 = FILL_AREA_STYLE_COLOUR('',#10942);
#10992 = STYLED_ITEM('color',(#10993),#1936);
#10993 = PRESENTATION_STYLE_ASSIGNMENT((#10994));
#10994 = SURFACE_STYLE_USAGE(.BOTH.,#10995);
#10995 = SURFACE_SIDE_STYLE('',(#10996));
#10996 = SURFACE_STYLE_FILL_AREA(#10997);
#10997 = FILL_AREA_STYLE('',(#10998));
#10998 = FILL_AREA_STYLE_COLOUR('',#10942);
#10999 = STYLED_ITEM('color',(#11000),#1967);
#11000 = PRESENTATION_STYLE_ASSIGNMENT((#11001));
#11001 = SURFACE_STYLE_USAGE(.BOTH.,#11002);
#11002 = SURFACE_SIDE_STYLE('',(#11003));
#11003 = SURFACE_STYLE_FILL_AREA(#11004);
#11004 = FILL_AREA_STYLE('',(#11005));
#11005 = FILL_AREA_STYLE_COLOUR('',#10942);
#11006 = STYLED_ITEM('color',(#11007),#1991);
#11007 = PRESENTATION_STYLE_ASSIGNMENT((#11008));
#11008 = SURFACE_STYLE_USAGE(.BOTH.,#11009);
#11009 = SURFACE_SIDE_STYLE('',(#11010));
#11010 = SURFACE_STYLE_FILL_AREA(#11011);
#11011 = FILL_AREA_STYLE('',(#11012));
#11012 = FILL_AREA_STYLE_COLOUR('',#10942);
#11013 = STYLED_ITEM('color',(#11014),#2015);
#11014 = PRESENTATION_STYLE_ASSIGNMENT((#11015));
#11015 = SURFACE_STYLE_USAGE(.BOTH.,#11016);
#11016 = SURFACE_SIDE_STYLE('',(#11017));
#11017 = SURFACE_STYLE_FILL_AREA(#11018);
#11018 = FILL_AREA_STYLE('',(#11019));
#11019 = FILL_AREA_STYLE_COLOUR('',#10942);
#11020 = STYLED_ITEM('color',(#11021),#2032);
#11021 = PRESENTATION_STYLE_ASSIGNMENT((#11022));
#11022 = SURFACE_STYLE_USAGE(.BOTH.,#11023);
#11023 = SURFACE_SIDE_STYLE('',(#11024));
#11024 = SURFACE_STYLE_FILL_AREA(#11025);
#11025 = FILL_AREA_STYLE('',(#11026));
#11026 = FILL_AREA_STYLE_COLOUR('',#10942);
#11027 = STYLED_ITEM('color',(#11028),#2063);
#11028 = PRESENTATION_STYLE_ASSIGNMENT((#11029));
#11029 = SURFACE_STYLE_USAGE(.BOTH.,#11030);
#11030 = SURFACE_SIDE_STYLE('',(#11031));
#11031 = SURFACE_STYLE_FILL_AREA(#11032);
#11032 = FILL_AREA_STYLE('',(#11033));
#11033 = FILL_AREA_STYLE_COLOUR('',#10942);
#11034 = STYLED_ITEM('color',(#11035),#2087);
#11035 = PRESENTATION_STYLE_ASSIGNMENT((#11036));
#11036 = SURFACE_STYLE_USAGE(.BOTH.,#11037);
#11037 = SURFACE_SIDE_STYLE('',(#11038));
#11038 = SURFACE_STYLE_FILL_AREA(#11039);
#11039 = FILL_AREA_STYLE('',(#11040));
#11040 = FILL_AREA_STYLE_COLOUR('',#10942);
#11041 = STYLED_ITEM('color',(#11042),#2111);
#11042 = PRESENTATION_STYLE_ASSIGNMENT((#11043));
#11043 = SURFACE_STYLE_USAGE(.BOTH.,#11044);
#11044 = SURFACE_SIDE_STYLE('',(#11045));
#11045 = SURFACE_STYLE_FILL_AREA(#11046);
#11046 = FILL_AREA_STYLE('',(#11047));
#11047 = FILL_AREA_STYLE_COLOUR('',#10942);
#11048 = STYLED_ITEM('color',(#11049),#2128);
#11049 = PRESENTATION_STYLE_ASSIGNMENT((#11050));
#11050 = SURFACE_STYLE_USAGE(.BOTH.,#11051);
#11051 = SURFACE_SIDE_STYLE('',(#11052));
#11052 = SURFACE_STYLE_FILL_AREA(#11053);
#11053 = FILL_AREA_STYLE('',(#11054));
#11054 = FILL_AREA_STYLE_COLOUR('',#10942);
#11055 = STYLED_ITEM('color',(#11056),#2159);
#11056 = PRESENTATION_STYLE_ASSIGNMENT((#11057));
#11057 = SURFACE_STYLE_USAGE(.BOTH.,#11058);
#11058 = SURFACE_SIDE_STYLE('',(#11059));
#11059 = SURFACE_STYLE_FILL_AREA(#11060);
#11060 = FILL_AREA_STYLE('',(#11061));
#11061 = FILL_AREA_STYLE_COLOUR('',#10942);
#11062 = STYLED_ITEM('color',(#11063),#2183);
#11063 = PRESENTATION_STYLE_ASSIGNMENT((#11064));
#11064 = SURFACE_STYLE_USAGE(.BOTH.,#11065);
#11065 = SURFACE_SIDE_STYLE('',(#11066));
#11066 = SURFACE_STYLE_FILL_AREA(#11067);
#11067 = FILL_AREA_STYLE('',(#11068));
#11068 = FILL_AREA_STYLE_COLOUR('',#10942);
#11069 = STYLED_ITEM('color',(#11070),#2207);
#11070 = PRESENTATION_STYLE_ASSIGNMENT((#11071));
#11071 = SURFACE_STYLE_USAGE(.BOTH.,#11072);
#11072 = SURFACE_SIDE_STYLE('',(#11073));
#11073 = SURFACE_STYLE_FILL_AREA(#11074);
#11074 = FILL_AREA_STYLE('',(#11075));
#11075 = FILL_AREA_STYLE_COLOUR('',#10942);
#11076 = STYLED_ITEM('color',(#11077),#2224);
#11077 = PRESENTATION_STYLE_ASSIGNMENT((#11078));
#11078 = SURFACE_STYLE_USAGE(.BOTH.,#11079);
#11079 = SURFACE_SIDE_STYLE('',(#11080));
#11080 = SURFACE_STYLE_FILL_AREA(#11081);
#11081 = FILL_AREA_STYLE('',(#11082));
#11082 = FILL_AREA_STYLE_COLOUR('',#10942);
#11083 = STYLED_ITEM('color',(#11084),#2255);
#11084 = PRESENTATION_STYLE_ASSIGNMENT((#11085));
#11085 = SURFACE_STYLE_USAGE(.BOTH.,#11086);
#11086 = SURFACE_SIDE_STYLE('',(#11087));
#11087 = SURFACE_STYLE_FILL_AREA(#11088);
#11088 = FILL_AREA_STYLE('',(#11089));
#11089 = FILL_AREA_STYLE_COLOUR('',#10942);
#11090 = STYLED_ITEM('color',(#11091),#2279);
#11091 = PRESENTATION_STYLE_ASSIGNMENT((#11092));
#11092 = SURFACE_STYLE_USAGE(.BOTH.,#11093);
#11093 = SURFACE_SIDE_STYLE('',(#11094));
#11094 = SURFACE_STYLE_FILL_AREA(#11095);
#11095 = FILL_AREA_STYLE('',(#11096));
#11096 = FILL_AREA_STYLE_COLOUR('',#10942);
#11097 = STYLED_ITEM('color',(#11098),#2303);
#11098 = PRESENTATION_STYLE_ASSIGNMENT((#11099));
#11099 = SURFACE_STYLE_USAGE(.BOTH.,#11100);
#11100 = SURFACE_SIDE_STYLE('',(#11101));
#11101 = SURFACE_STYLE_FILL_AREA(#11102);
#11102 = FILL_AREA_STYLE('',(#11103));
#11103 = FILL_AREA_STYLE_COLOUR('',#10942);
#11104 = STYLED_ITEM('color',(#11105),#2320);
#11105 = PRESENTATION_STYLE_ASSIGNMENT((#11106));
#11106 = SURFACE_STYLE_USAGE(.BOTH.,#11107);
#11107 = SURFACE_SIDE_STYLE('',(#11108));
#11108 = SURFACE_STYLE_FILL_AREA(#11109);
#11109 = FILL_AREA_STYLE('',(#11110));
#11110 = FILL_AREA_STYLE_COLOUR('',#10942);
#11111 = STYLED_ITEM('color',(#11112),#2351);
#11112 = PRESENTATION_STYLE_ASSIGNMENT((#11113));
#11113 = SURFACE_STYLE_USAGE(.BOTH.,#11114);
#11114 = SURFACE_SIDE_STYLE('',(#11115));
#11115 = SURFACE_STYLE_FILL_AREA(#11116);
#11116 = FILL_AREA_STYLE('',(#11117));
#11117 = FILL_AREA_STYLE_COLOUR('',#10942);
#11118 = STYLED_ITEM('color',(#11119),#2375);
#11119 = PRESENTATION_STYLE_ASSIGNMENT((#11120));
#11120 = SURFACE_STYLE_USAGE(.BOTH.,#11121);
#11121 = SURFACE_SIDE_STYLE('',(#11122));
#11122 = SURFACE_STYLE_FILL_AREA(#11123);
#11123 = FILL_AREA_STYLE('',(#11124));
#11124 = FILL_AREA_STYLE_COLOUR('',#10942);
#11125 = STYLED_ITEM('color',(#11126),#2399);
#11126 = PRESENTATION_STYLE_ASSIGNMENT((#11127));
#11127 = SURFACE_STYLE_USAGE(.BOTH.,#11128);
#11128 = SURFACE_SIDE_STYLE('',(#11129));
#11129 = SURFACE_STYLE_FILL_AREA(#11130);
#11130 = FILL_AREA_STYLE('',(#11131));
#11131 = FILL_AREA_STYLE_COLOUR('',#10942);
#11132 = STYLED_ITEM('color',(#11133),#2416);
#11133 = PRESENTATION_STYLE_ASSIGNMENT((#11134));
#11134 = SURFACE_STYLE_USAGE(.BOTH.,#11135);
#11135 = SURFACE_SIDE_STYLE('',(#11136));
#11136 = SURFACE_STYLE_FILL_AREA(#11137);
#11137 = FILL_AREA_STYLE('',(#11138));
#11138 = FILL_AREA_STYLE_COLOUR('',#10942);
#11139 = STYLED_ITEM('color',(#11140),#2447);
#11140 = PRESENTATION_STYLE_ASSIGNMENT((#11141));
#11141 = SURFACE_STYLE_USAGE(.BOTH.,#11142);
#11142 = SURFACE_SIDE_STYLE('',(#11143));
#11143 = SURFACE_STYLE_FILL_AREA(#11144);
#11144 = FILL_AREA_STYLE('',(#11145));
#11145 = FILL_AREA_STYLE_COLOUR('',#10942);
#11146 = STYLED_ITEM('color',(#11147),#2471);
#11147 = PRESENTATION_STYLE_ASSIGNMENT((#11148));
#11148 = SURFACE_STYLE_USAGE(.BOTH.,#11149);
#11149 = SURFACE_SIDE_STYLE('',(#11150));
#11150 = SURFACE_STYLE_FILL_AREA(#11151);
#11151 = FILL_AREA_STYLE('',(#11152));
#11152 = FILL_AREA_STYLE_COLOUR('',#10942);
#11153 = STYLED_ITEM('color',(#11154),#2495);
#11154 = PRESENTATION_STYLE_ASSIGNMENT((#11155));
#11155 = SURFACE_STYLE_USAGE(.BOTH.,#11156);
#11156 = SURFACE_SIDE_STYLE('',(#11157));
#11157 = SURFACE_STYLE_FILL_AREA(#11158);
#11158 = FILL_AREA_STYLE('',(#11159));
#11159 = FILL_AREA_STYLE_COLOUR('',#10942);
#11160 = STYLED_ITEM('color',(#11161),#2512);
#11161 = PRESENTATION_STYLE_ASSIGNMENT((#11162));
#11162 = SURFACE_STYLE_USAGE(.BOTH.,#11163);
#11163 = SURFACE_SIDE_STYLE('',(#11164));
#11164 = SURFACE_STYLE_FILL_AREA(#11165);
#11165 = FILL_AREA_STYLE('',(#11166));
#11166 = FILL_AREA_STYLE_COLOUR('',#10942);
#11167 = STYLED_ITEM('color',(#11168),#2543);
#11168 = PRESENTATION_STYLE_ASSIGNMENT((#11169));
#11169 = SURFACE_STYLE_USAGE(.BOTH.,#11170);
#11170 = SURFACE_SIDE_STYLE('',(#11171));
#11171 = SURFACE_STYLE_FILL_AREA(#11172);
#11172 = FILL_AREA_STYLE('',(#11173));
#11173 = FILL_AREA_STYLE_COLOUR('',#10942);
#11174 = STYLED_ITEM('color',(#11175),#2567);
#11175 = PRESENTATION_STYLE_ASSIGNMENT((#11176));
#11176 = SURFACE_STYLE_USAGE(.BOTH.,#11177);
#11177 = SURFACE_SIDE_STYLE('',(#11178));
#11178 = SURFACE_STYLE_FILL_AREA(#11179);
#11179 = FILL_AREA_STYLE('',(#11180));
#11180 = FILL_AREA_STYLE_COLOUR('',#10942);
#11181 = STYLED_ITEM('color',(#11182),#2591);
#11182 = PRESENTATION_STYLE_ASSIGNMENT((#11183));
#11183 = SURFACE_STYLE_USAGE(.BOTH.,#11184);
#11184 = SURFACE_SIDE_STYLE('',(#11185));
#11185 = SURFACE_STYLE_FILL_AREA(#11186);
#11186 = FILL_AREA_STYLE('',(#11187));
#11187 = FILL_AREA_STYLE_COLOUR('',#10942);
#11188 = STYLED_ITEM('color',(#11189),#2608);
#11189 = PRESENTATION_STYLE_ASSIGNMENT((#11190));
#11190 = SURFACE_STYLE_USAGE(.BOTH.,#11191);
#11191 = SURFACE_SIDE_STYLE('',(#11192));
#11192 = SURFACE_STYLE_FILL_AREA(#11193);
#11193 = FILL_AREA_STYLE('',(#11194));
#11194 = FILL_AREA_STYLE_COLOUR('',#10942);
#11195 = STYLED_ITEM('color',(#11196),#2639);
#11196 = PRESENTATION_STYLE_ASSIGNMENT((#11197));
#11197 = SURFACE_STYLE_USAGE(.BOTH.,#11198);
#11198 = SURFACE_SIDE_STYLE('',(#11199));
#11199 = SURFACE_STYLE_FILL_AREA(#11200);
#11200 = FILL_AREA_STYLE('',(#11201));
#11201 = FILL_AREA_STYLE_COLOUR('',#10942);
#11202 = STYLED_ITEM('color',(#11203),#2663);
#11203 = PRESENTATION_STYLE_ASSIGNMENT((#11204));
#11204 = SURFACE_STYLE_USAGE(.BOTH.,#11205);
#11205 = SURFACE_SIDE_STYLE('',(#11206));
#11206 = SURFACE_STYLE_FILL_AREA(#11207);
#11207 = FILL_AREA_STYLE('',(#11208));
#11208 = FILL_AREA_STYLE_COLOUR('',#10942);
#11209 = STYLED_ITEM('color',(#11210),#2687);
#11210 = PRESENTATION_STYLE_ASSIGNMENT((#11211));
#11211 = SURFACE_STYLE_USAGE(.BOTH.,#11212);
#11212 = SURFACE_SIDE_STYLE('',(#11213));
#11213 = SURFACE_STYLE_FILL_AREA(#11214);
#11214 = FILL_AREA_STYLE('',(#11215));
#11215 = FILL_AREA_STYLE_COLOUR('',#10942);
#11216 = STYLED_ITEM('color',(#11217),#2704);
#11217 = PRESENTATION_STYLE_ASSIGNMENT((#11218));
#11218 = SURFACE_STYLE_USAGE(.BOTH.,#11219);
#11219 = SURFACE_SIDE_STYLE('',(#11220));
#11220 = SURFACE_STYLE_FILL_AREA(#11221);
#11221 = FILL_AREA_STYLE('',(#11222));
#11222 = FILL_AREA_STYLE_COLOUR('',#10942);
#11223 = STYLED_ITEM('color',(#11224),#2735);
#11224 = PRESENTATION_STYLE_ASSIGNMENT((#11225));
#11225 = SURFACE_STYLE_USAGE(.BOTH.,#11226);
#11226 = SURFACE_SIDE_STYLE('',(#11227));
#11227 = SURFACE_STYLE_FILL_AREA(#11228);
#11228 = FILL_AREA_STYLE('',(#11229));
#11229 = FILL_AREA_STYLE_COLOUR('',#10942);
#11230 = STYLED_ITEM('color',(#11231),#2759);
#11231 = PRESENTATION_STYLE_ASSIGNMENT((#11232));
#11232 = SURFACE_STYLE_USAGE(.BOTH.,#11233);
#11233 = SURFACE_SIDE_STYLE('',(#11234));
#11234 = SURFACE_STYLE_FILL_AREA(#11235);
#11235 = FILL_AREA_STYLE('',(#11236));
#11236 = FILL_AREA_STYLE_COLOUR('',#10942);
#11237 = STYLED_ITEM('color',(#11238),#2783);
#11238 = PRESENTATION_STYLE_ASSIGNMENT((#11239));
#11239 = SURFACE_STYLE_USAGE(.BOTH.,#11240);
#11240 = SURFACE_SIDE_STYLE('',(#11241));
#11241 = SURFACE_STYLE_FILL_AREA(#11242);
#11242 = FILL_AREA_STYLE('',(#11243));
#11243 = FILL_AREA_STYLE_COLOUR('',#10942);
#11244 = STYLED_ITEM('color',(#11245),#2800);
#11245 = PRESENTATION_STYLE_ASSIGNMENT((#11246));
#11246 = SURFACE_STYLE_USAGE(.BOTH.,#11247);
#11247 = SURFACE_SIDE_STYLE('',(#11248));
#11248 = SURFACE_STYLE_FILL_AREA(#11249);
#11249 = FILL_AREA_STYLE('',(#11250));
#11250 = FILL_AREA_STYLE_COLOUR('',#10942);
#11251 = STYLED_ITEM('color',(#11252),#2831);
#11252 = PRESENTATION_STYLE_ASSIGNMENT((#11253));
#11253 = SURFACE_STYLE_USAGE(.BOTH.,#11254);
#11254 = SURFACE_SIDE_STYLE('',(#11255));
#11255 = SURFACE_STYLE_FILL_AREA(#11256);
#11256 = FILL_AREA_STYLE('',(#11257));
#11257 = FILL_AREA_STYLE_COLOUR('',#10942);
#11258 = STYLED_ITEM('color',(#11259),#2855);
#11259 = PRESENTATION_STYLE_ASSIGNMENT((#11260));
#11260 = SURFACE_STYLE_USAGE(.BOTH.,#11261);
#11261 = SURFACE_SIDE_STYLE('',(#11262));
#11262 = SURFACE_STYLE_FILL_AREA(#11263);
#11263 = FILL_AREA_STYLE('',(#11264));
#11264 = FILL_AREA_STYLE_COLOUR('',#10942);
#11265 = STYLED_ITEM('color',(#11266),#2879);
#11266 = PRESENTATION_STYLE_ASSIGNMENT((#11267));
#11267 = SURFACE_STYLE_USAGE(.BOTH.,#11268);
#11268 = SURFACE_SIDE_STYLE('',(#11269));
#11269 = SURFACE_STYLE_FILL_AREA(#11270);
#11270 = FILL_AREA_STYLE('',(#11271));
#11271 = FILL_AREA_STYLE_COLOUR('',#10942);
#11272 = STYLED_ITEM('color',(#11273),#2896);
#11273 = PRESENTATION_STYLE_ASSIGNMENT((#11274));
#11274 = SURFACE_STYLE_USAGE(.BOTH.,#11275);
#11275 = SURFACE_SIDE_STYLE('',(#11276));
#11276 = SURFACE_STYLE_FILL_AREA(#11277);
#11277 = FILL_AREA_STYLE('',(#11278));
#11278 = FILL_AREA_STYLE_COLOUR('',#10942);
#11279 = STYLED_ITEM('color',(#11280),#2908);
#11280 = PRESENTATION_STYLE_ASSIGNMENT((#11281));
#11281 = SURFACE_STYLE_USAGE(.BOTH.,#11282);
#11282 = SURFACE_SIDE_STYLE('',(#11283));
#11283 = SURFACE_STYLE_FILL_AREA(#11284);
#11284 = FILL_AREA_STYLE('',(#11285));
#11285 = FILL_AREA_STYLE_COLOUR('',#10942);
#11286 = STYLED_ITEM('color',(#11287),#2920);
#11287 = PRESENTATION_STYLE_ASSIGNMENT((#11288));
#11288 = SURFACE_STYLE_USAGE(.BOTH.,#11289);
#11289 = SURFACE_SIDE_STYLE('',(#11290));
#11290 = SURFACE_STYLE_FILL_AREA(#11291);
#11291 = FILL_AREA_STYLE('',(#11292));
#11292 = FILL_AREA_STYLE_COLOUR('',#10942);
#11293 = STYLED_ITEM('color',(#11294),#2932);
#11294 = PRESENTATION_STYLE_ASSIGNMENT((#11295));
#11295 = SURFACE_STYLE_USAGE(.BOTH.,#11296);
#11296 = SURFACE_SIDE_STYLE('',(#11297));
#11297 = SURFACE_STYLE_FILL_AREA(#11298);
#11298 = FILL_AREA_STYLE('',(#11299));
#11299 = FILL_AREA_STYLE_COLOUR('',#10942);
#11300 = STYLED_ITEM('color',(#11301),#2944);
#11301 = PRESENTATION_STYLE_ASSIGNMENT((#11302));
#11302 = SURFACE_STYLE_USAGE(.BOTH.,#11303);
#11303 = SURFACE_SIDE_STYLE('',(#11304));
#11304 = SURFACE_STYLE_FILL_AREA(#11305);
#11305 = FILL_AREA_STYLE('',(#11306));
#11306 = FILL_AREA_STYLE_COLOUR('',#10942);
#11307 = STYLED_ITEM('color',(#11308),#2956);
#11308 = PRESENTATION_STYLE_ASSIGNMENT((#11309));
#11309 = SURFACE_STYLE_USAGE(.BOTH.,#11310);
#11310 = SURFACE_SIDE_STYLE('',(#11311));
#11311 = SURFACE_STYLE_FILL_AREA(#11312);
#11312 = FILL_AREA_STYLE('',(#11313));
#11313 = FILL_AREA_STYLE_COLOUR('',#10942);
#11314 = MECHANICAL_DESIGN_GEOMETRIC_PRESENTATION_REPRESENTATION('',(
    #11315),#10667);
#11315 = STYLED_ITEM('color',(#11316),#9716);
#11316 = PRESENTATION_STYLE_ASSIGNMENT((#11317));
#11317 = SURFACE_STYLE_USAGE(.BOTH.,#11318);
#11318 = SURFACE_SIDE_STYLE('',(#11319));
#11319 = SURFACE_STYLE_FILL_AREA(#11320);
#11320 = FILL_AREA_STYLE('',(#11321));
#11321 = FILL_AREA_STYLE_COLOUR('',#11322);
#11322 = COLOUR_RGB('',0.313304153717,0.484529207832,0.410020903123);
#11323 = MECHANICAL_DESIGN_GEOMETRIC_PRESENTATION_REPRESENTATION('',(
    #11324,#11332,#11339,#11346,#11353,#11360,#11367,#11374,#11382,
    #11389,#11396,#11403,#11410,#11417,#11425,#11432,#11439,#11446,
    #11453,#11460,#11467,#11474,#11481,#11488,#11495,#11502),#843);
#11324 = STYLED_ITEM('color',(#11325),#55);
#11325 = PRESENTATION_STYLE_ASSIGNMENT((#11326));
#11326 = SURFACE_STYLE_USAGE(.BOTH.,#11327);
#11327 = SURFACE_SIDE_STYLE('',(#11328));
#11328 = SURFACE_STYLE_FILL_AREA(#11329);
#11329 = FILL_AREA_STYLE('',(#11330));
#11330 = FILL_AREA_STYLE_COLOUR('',#11331);
#11331 = COLOUR_RGB('',0.823999987314,0.819999987296,0.781000009244);
#11332 = STYLED_ITEM('color',(#11333),#95);
#11333 = PRESENTATION_STYLE_ASSIGNMENT((#11334));
#11334 = SURFACE_STYLE_USAGE(.BOTH.,#11335);
#11335 = SURFACE_SIDE_STYLE('',(#11336));
#11336 = SURFACE_STYLE_FILL_AREA(#11337);
#11337 = FILL_AREA_STYLE('',(#11338));
#11338 = FILL_AREA_STYLE_COLOUR('',#11331);
#11339 = STYLED_ITEM('color',(#11340),#178);
#11340 = PRESENTATION_STYLE_ASSIGNMENT((#11341));
#11341 = SURFACE_STYLE_USAGE(.BOTH.,#11342);
#11342 = SURFACE_SIDE_STYLE('',(#11343));
#11343 = SURFACE_STYLE_FILL_AREA(#11344);
#11344 = FILL_AREA_STYLE('',(#11345));
#11345 = FILL_AREA_STYLE_COLOUR('',#11331);
#11346 = STYLED_ITEM('color',(#11347),#203);
#11347 = PRESENTATION_STYLE_ASSIGNMENT((#11348));
#11348 = SURFACE_STYLE_USAGE(.BOTH.,#11349);
#11349 = SURFACE_SIDE_STYLE('',(#11350));
#11350 = SURFACE_STYLE_FILL_AREA(#11351);
#11351 = FILL_AREA_STYLE('',(#11352));
#11352 = FILL_AREA_STYLE_COLOUR('',#11331);
#11353 = STYLED_ITEM('color',(#11354),#228);
#11354 = PRESENTATION_STYLE_ASSIGNMENT((#11355));
#11355 = SURFACE_STYLE_USAGE(.BOTH.,#11356);
#11356 = SURFACE_SIDE_STYLE('',(#11357));
#11357 = SURFACE_STYLE_FILL_AREA(#11358);
#11358 = FILL_AREA_STYLE('',(#11359));
#11359 = FILL_AREA_STYLE_COLOUR('',#11331);
#11360 = STYLED_ITEM('color',(#11361),#295);
#11361 = PRESENTATION_STYLE_ASSIGNMENT((#11362));
#11362 = SURFACE_STYLE_USAGE(.BOTH.,#11363);
#11363 = SURFACE_SIDE_STYLE('',(#11364));
#11364 = SURFACE_STYLE_FILL_AREA(#11365);
#11365 = FILL_AREA_STYLE('',(#11366));
#11366 = FILL_AREA_STYLE_COLOUR('',#11331);
#11367 = STYLED_ITEM('color',(#11368),#312);
#11368 = PRESENTATION_STYLE_ASSIGNMENT((#11369));
#11369 = SURFACE_STYLE_USAGE(.BOTH.,#11370);
#11370 = SURFACE_SIDE_STYLE('',(#11371));
#11371 = SURFACE_STYLE_FILL_AREA(#11372);
#11372 = FILL_AREA_STYLE('',(#11373));
#11373 = FILL_AREA_STYLE_COLOUR('',#11331);
#11374 = STYLED_ITEM('color',(#11375),#329);
#11375 = PRESENTATION_STYLE_ASSIGNMENT((#11376));
#11376 = SURFACE_STYLE_USAGE(.BOTH.,#11377);
#11377 = SURFACE_SIDE_STYLE('',(#11378));
#11378 = SURFACE_STYLE_FILL_AREA(#11379);
#11379 = FILL_AREA_STYLE('',(#11380));
#11380 = FILL_AREA_STYLE_COLOUR('',#11381);
#11381 = COLOUR_RGB('',0.894999966383,0.890999961016,0.813000030345);
#11382 = STYLED_ITEM('color',(#11383),#378);
#11383 = PRESENTATION_STYLE_ASSIGNMENT((#11384));
#11384 = SURFACE_STYLE_USAGE(.BOTH.,#11385);
#11385 = SURFACE_SIDE_STYLE('',(#11386));
#11386 = SURFACE_STYLE_FILL_AREA(#11387);
#11387 = FILL_AREA_STYLE('',(#11388));
#11388 = FILL_AREA_STYLE_COLOUR('',#11331);
#11389 = STYLED_ITEM('color',(#11390),#395);
#11390 = PRESENTATION_STYLE_ASSIGNMENT((#11391));
#11391 = SURFACE_STYLE_USAGE(.BOTH.,#11392);
#11392 = SURFACE_SIDE_STYLE('',(#11393));
#11393 = SURFACE_STYLE_FILL_AREA(#11394);
#11394 = FILL_AREA_STYLE('',(#11395));
#11395 = FILL_AREA_STYLE_COLOUR('',#11331);
#11396 = STYLED_ITEM('color',(#11397),#412);
#11397 = PRESENTATION_STYLE_ASSIGNMENT((#11398));
#11398 = SURFACE_STYLE_USAGE(.BOTH.,#11399);
#11399 = SURFACE_SIDE_STYLE('',(#11400));
#11400 = SURFACE_STYLE_FILL_AREA(#11401);
#11401 = FILL_AREA_STYLE('',(#11402));
#11402 = FILL_AREA_STYLE_COLOUR('',#11381);
#11403 = STYLED_ITEM('color',(#11404),#461);
#11404 = PRESENTATION_STYLE_ASSIGNMENT((#11405));
#11405 = SURFACE_STYLE_USAGE(.BOTH.,#11406);
#11406 = SURFACE_SIDE_STYLE('',(#11407));
#11407 = SURFACE_STYLE_FILL_AREA(#11408);
#11408 = FILL_AREA_STYLE('',(#11409));
#11409 = FILL_AREA_STYLE_COLOUR('',#11381);
#11410 = STYLED_ITEM('color',(#11411),#478);
#11411 = PRESENTATION_STYLE_ASSIGNMENT((#11412));
#11412 = SURFACE_STYLE_USAGE(.BOTH.,#11413);
#11413 = SURFACE_SIDE_STYLE('',(#11414));
#11414 = SURFACE_STYLE_FILL_AREA(#11415);
#11415 = FILL_AREA_STYLE('',(#11416));
#11416 = FILL_AREA_STYLE_COLOUR('',#11331);
#11417 = STYLED_ITEM('color',(#11418),#547);
#11418 = PRESENTATION_STYLE_ASSIGNMENT((#11419));
#11419 = SURFACE_STYLE_USAGE(.BOTH.,#11420);
#11420 = SURFACE_SIDE_STYLE('',(#11421));
#11421 = SURFACE_STYLE_FILL_AREA(#11422);
#11422 = FILL_AREA_STYLE('',(#11423));
#11423 = FILL_AREA_STYLE_COLOUR('',#11424);
#11424 = COLOUR_RGB('',8.200000279077E-02,8.600000121357E-02,
  9.399999706163E-02);
#11425 = STYLED_ITEM('color',(#11426),#578);
#11426 = PRESENTATION_STYLE_ASSIGNMENT((#11427));
#11427 = SURFACE_STYLE_USAGE(.BOTH.,#11428);
#11428 = SURFACE_SIDE_STYLE('',(#11429));
#11429 = SURFACE_STYLE_FILL_AREA(#11430);
#11430 = FILL_AREA_STYLE('',(#11431));
#11431 = FILL_AREA_STYLE_COLOUR('',#11424);
#11432 = STYLED_ITEM('color',(#11433),#602);
#11433 = PRESENTATION_STYLE_ASSIGNMENT((#11434));
#11434 = SURFACE_STYLE_USAGE(.BOTH.,#11435);
#11435 = SURFACE_SIDE_STYLE('',(#11436));
#11436 = SURFACE_STYLE_FILL_AREA(#11437);
#11437 = FILL_AREA_STYLE('',(#11438));
#11438 = FILL_AREA_STYLE_COLOUR('',#11331);
#11439 = STYLED_ITEM('color',(#11440),#671);
#11440 = PRESENTATION_STYLE_ASSIGNMENT((#11441));
#11441 = SURFACE_STYLE_USAGE(.BOTH.,#11442);
#11442 = SURFACE_SIDE_STYLE('',(#11443));
#11443 = SURFACE_STYLE_FILL_AREA(#11444);
#11444 = FILL_AREA_STYLE('',(#11445));
#11445 = FILL_AREA_STYLE_COLOUR('',#11424);
#11446 = STYLED_ITEM('color',(#11447),#695);
#11447 = PRESENTATION_STYLE_ASSIGNMENT((#11448));
#11448 = SURFACE_STYLE_USAGE(.BOTH.,#11449);
#11449 = SURFACE_SIDE_STYLE('',(#11450));
#11450 = SURFACE_STYLE_FILL_AREA(#11451);
#11451 = FILL_AREA_STYLE('',(#11452));
#11452 = FILL_AREA_STYLE_COLOUR('',#11331);
#11453 = STYLED_ITEM('color',(#11454),#712);
#11454 = PRESENTATION_STYLE_ASSIGNMENT((#11455));
#11455 = SURFACE_STYLE_USAGE(.BOTH.,#11456);
#11456 = SURFACE_SIDE_STYLE('',(#11457));
#11457 = SURFACE_STYLE_FILL_AREA(#11458);
#11458 = FILL_AREA_STYLE('',(#11459));
#11459 = FILL_AREA_STYLE_COLOUR('',#11331);
#11460 = STYLED_ITEM('color',(#11461),#729);
#11461 = PRESENTATION_STYLE_ASSIGNMENT((#11462));
#11462 = SURFACE_STYLE_USAGE(.BOTH.,#11463);
#11463 = SURFACE_SIDE_STYLE('',(#11464));
#11464 = SURFACE_STYLE_FILL_AREA(#11465);
#11465 = FILL_AREA_STYLE('',(#11466));
#11466 = FILL_AREA_STYLE_COLOUR('',#11331);
#11467 = STYLED_ITEM('color',(#11468),#746);
#11468 = PRESENTATION_STYLE_ASSIGNMENT((#11469));
#11469 = SURFACE_STYLE_USAGE(.BOTH.,#11470);
#11470 = SURFACE_SIDE_STYLE('',(#11471));
#11471 = SURFACE_STYLE_FILL_AREA(#11472);
#11472 = FILL_AREA_STYLE('',(#11473));
#11473 = FILL_AREA_STYLE_COLOUR('',#11331);
#11474 = STYLED_ITEM('color',(#11475),#763);
#11475 = PRESENTATION_STYLE_ASSIGNMENT((#11476));
#11476 = SURFACE_STYLE_USAGE(.BOTH.,#11477);
#11477 = SURFACE_SIDE_STYLE('',(#11478));
#11478 = SURFACE_STYLE_FILL_AREA(#11479);
#11479 = FILL_AREA_STYLE('',(#11480));
#11480 = FILL_AREA_STYLE_COLOUR('',#11331);
#11481 = STYLED_ITEM('color',(#11482),#780);
#11482 = PRESENTATION_STYLE_ASSIGNMENT((#11483));
#11483 = SURFACE_STYLE_USAGE(.BOTH.,#11484);
#11484 = SURFACE_SIDE_STYLE('',(#11485));
#11485 = SURFACE_STYLE_FILL_AREA(#11486);
#11486 = FILL_AREA_STYLE('',(#11487));
#11487 = FILL_AREA_STYLE_COLOUR('',#11331);
#11488 = STYLED_ITEM('color',(#11489),#797);
#11489 = PRESENTATION_STYLE_ASSIGNMENT((#11490));
#11490 = SURFACE_STYLE_USAGE(.BOTH.,#11491);
#11491 = SURFACE_SIDE_STYLE('',(#11492));
#11492 = SURFACE_STYLE_FILL_AREA(#11493);
#11493 = FILL_AREA_STYLE('',(#11494));
#11494 = FILL_AREA_STYLE_COLOUR('',#11331);
#11495 = STYLED_ITEM('color',(#11496),#814);
#11496 = PRESENTATION_STYLE_ASSIGNMENT((#11497));
#11497 = SURFACE_STYLE_USAGE(.BOTH.,#11498);
#11498 = SURFACE_SIDE_STYLE('',(#11499));
#11499 = SURFACE_STYLE_FILL_AREA(#11500);
#11500 = FILL_AREA_STYLE('',(#11501));
#11501 = FILL_AREA_STYLE_COLOUR('',#11424);
#11502 = STYLED_ITEM('color',(#11503),#831);
#11503 = PRESENTATION_STYLE_ASSIGNMENT((#11504));
#11504 = SURFACE_STYLE_USAGE(.BOTH.,#11505);
#11505 = SURFACE_SIDE_STYLE('',(#11506));
#11506 = SURFACE_STYLE_FILL_AREA(#11507);
#11507 = FILL_AREA_STYLE('',(#11508));
#11508 = FILL_AREA_STYLE_COLOUR('',#11424);
#11509 = MECHANICAL_DESIGN_GEOMETRIC_PRESENTATION_REPRESENTATION('',(
    #11510,#11518,#11525,#11532,#11539,#11546,#11553,#11560,#11567,
    #11574,#11581),#9218);
#11510 = STYLED_ITEM('color',(#11511),#7616);
#11511 = PRESENTATION_STYLE_ASSIGNMENT((#11512));
#11512 = SURFACE_STYLE_USAGE(.BOTH.,#11513);
#11513 = SURFACE_SIDE_STYLE('',(#11514));
#11514 = SURFACE_STYLE_FILL_AREA(#11515);
#11515 = FILL_AREA_STYLE('',(#11516));
#11516 = FILL_AREA_STYLE_COLOUR('',#11517);
#11517 = COLOUR_RGB('',0.735356983052,0.735356983052,0.735356983052);
#11518 = STYLED_ITEM('color',(#11519),#7906);
#11519 = PRESENTATION_STYLE_ASSIGNMENT((#11520));
#11520 = SURFACE_STYLE_USAGE(.BOTH.,#11521);
#11521 = SURFACE_SIDE_STYLE('',(#11522));
#11522 = SURFACE_STYLE_FILL_AREA(#11523);
#11523 = FILL_AREA_STYLE('',(#11524));
#11524 = FILL_AREA_STYLE_COLOUR('',#11517);
#11525 = STYLED_ITEM('color',(#11526),#7998);
#11526 = PRESENTATION_STYLE_ASSIGNMENT((#11527));
#11527 = SURFACE_STYLE_USAGE(.BOTH.,#11528);
#11528 = SURFACE_SIDE_STYLE('',(#11529));
#11529 = SURFACE_STYLE_FILL_AREA(#11530);
#11530 = FILL_AREA_STYLE('',(#11531));
#11531 = FILL_AREA_STYLE_COLOUR('',#11517);
#11532 = STYLED_ITEM('color',(#11533),#8090);
#11533 = PRESENTATION_STYLE_ASSIGNMENT((#11534));
#11534 = SURFACE_STYLE_USAGE(.BOTH.,#11535);
#11535 = SURFACE_SIDE_STYLE('',(#11536));
#11536 = SURFACE_STYLE_FILL_AREA(#11537);
#11537 = FILL_AREA_STYLE('',(#11538));
#11538 = FILL_AREA_STYLE_COLOUR('',#11517);
#11539 = STYLED_ITEM('color',(#11540),#8182);
#11540 = PRESENTATION_STYLE_ASSIGNMENT((#11541));
#11541 = SURFACE_STYLE_USAGE(.BOTH.,#11542);
#11542 = SURFACE_SIDE_STYLE('',(#11543));
#11543 = SURFACE_STYLE_FILL_AREA(#11544);
#11544 = FILL_AREA_STYLE('',(#11545));
#11545 = FILL_AREA_STYLE_COLOUR('',#11517);
#11546 = STYLED_ITEM('color',(#11547),#8472);
#11547 = PRESENTATION_STYLE_ASSIGNMENT((#11548));
#11548 = SURFACE_STYLE_USAGE(.BOTH.,#11549);
#11549 = SURFACE_SIDE_STYLE('',(#11550));
#11550 = SURFACE_STYLE_FILL_AREA(#11551);
#11551 = FILL_AREA_STYLE('',(#11552));
#11552 = FILL_AREA_STYLE_COLOUR('',#11517);
#11553 = STYLED_ITEM('color',(#11554),#8564);
#11554 = PRESENTATION_STYLE_ASSIGNMENT((#11555));
#11555 = SURFACE_STYLE_USAGE(.BOTH.,#11556);
#11556 = SURFACE_SIDE_STYLE('',(#11557));
#11557 = SURFACE_STYLE_FILL_AREA(#11558);
#11558 = FILL_AREA_STYLE('',(#11559));
#11559 = FILL_AREA_STYLE_COLOUR('',#11517);
#11560 = STYLED_ITEM('color',(#11561),#8656);
#11561 = PRESENTATION_STYLE_ASSIGNMENT((#11562));
#11562 = SURFACE_STYLE_USAGE(.BOTH.,#11563);
#11563 = SURFACE_SIDE_STYLE('',(#11564));
#11564 = SURFACE_STYLE_FILL_AREA(#11565);
#11565 = FILL_AREA_STYLE('',(#11566));
#11566 = FILL_AREA_STYLE_COLOUR('',#11517);
#11567 = STYLED_ITEM('color',(#11568),#8748);
#11568 = PRESENTATION_STYLE_ASSIGNMENT((#11569));
#11569 = SURFACE_STYLE_USAGE(.BOTH.,#11570);
#11570 = SURFACE_SIDE_STYLE('',(#11571));
#11571 = SURFACE_STYLE_FILL_AREA(#11572);
#11572 = FILL_AREA_STYLE('',(#11573));
#11573 = FILL_AREA_STYLE_COLOUR('',#11517);
#11574 = STYLED_ITEM('color',(#11575),#8937);
#11575 = PRESENTATION_STYLE_ASSIGNMENT((#11576));
#11576 = SURFACE_STYLE_USAGE(.BOTH.,#11577);
#11577 = SURFACE_SIDE_STYLE('',(#11578));
#11578 = SURFACE_STYLE_FILL_AREA(#11579);
#11579 = FILL_AREA_STYLE('',(#11580));
#11580 = FILL_AREA_STYLE_COLOUR('',#11517);
#11581 = STYLED_ITEM('color',(#11582),#9126);
#11582 = PRESENTATION_STYLE_ASSIGNMENT((#11583));
#11583 = SURFACE_STYLE_USAGE(.BOTH.,#11584);
#11584 = SURFACE_SIDE_STYLE('',(#11585));
#11585 = SURFACE_STYLE_FILL_AREA(#11586);
#11586 = FILL_AREA_STYLE('',(#11587));
#11587 = FILL_AREA_STYLE_COLOUR('',#11517);
ENDSEC;
END-ISO-10303-21;
